N,pair_index_within_N,b_token,source_token_count_for_pair,a_tokens_json
2,1,1 ying chi,2,"[""1英呎"", ""1英尺""]"
2,2,2 jia,2,"[""2家"", ""2架""]"
2,3,2 shi,2,"[""2时"", ""2是""]"
2,4,3 jia,2,"[""3家"", ""3架""]"
2,5,4 jia,2,"[""4家"", ""4架""]"
2,6,6 jia,2,"[""6家"", ""6架""]"
2,7,a da,2,"[""ada"", ""阿达""]"
2,8,a de,2,"[""a de"", ""阿德""]"
2,9,a di,2,"[""adi"", ""阿迪""]"
2,10,a er bei,2,"[""阿尔卑"", ""阿尔贝""]"
2,11,a ji,2,"[""阿吉"", ""阿基""]"
2,12,a ka,2,"[""aka"", ""阿卡""]"
2,13,a ke,2,"[""ake"", ""阿克""]"
2,14,a la,2,"[""ala"", ""阿拉""]"
2,15,a lan,2,"[""alan"", ""阿兰""]"
2,16,a lei,2,"[""阿勒"", ""阿雷""]"
2,17,a man,2,"[""aman"", ""阿曼""]"
2,18,a mei,2,"[""阿梅"", ""阿美""]"
2,19,a na,2,"[""ana"", ""阿纳""]"
2,20,a qi,2,"[""阿奇"", ""阿齐""]"
2,21,a se,2,"[""ase"", ""阿瑟""]"
2,22,a si,2,"[""asi"", ""阿斯""]"
2,23,a ta,2,"[""ata"", ""阿塔""]"
2,24,a te,2,"[""ate"", ""阿特""]"
2,25,a ti,2,"[""ati"", ""阿提""]"
2,26,a wei,2,"[""阿维"", ""阿韦""]"
2,27,ai di,2,"[""埃迪"", ""艾迪""]"
2,28,ai ke,2,"[""埃克"", ""艾克""]"
2,29,ai la,2,"[""埃拉"", ""艾拉""]"
2,30,ai li si,2,"[""爱丽丝"", ""艾利斯""]"
2,31,ai lun,2,"[""爱伦"", ""艾伦""]"
2,32,ai ma,2,"[""埃马"", ""艾玛""]"
2,33,ai mei,2,"[""暧昧"", ""艾美""]"
2,34,ai mi,2,"[""埃米"", ""艾米""]"
2,35,ai ren,2,"[""爱人"", ""矮人""]"
2,36,ai si,2,"[""埃斯"", ""艾斯""]"
2,37,ai xin,2,"[""爱心"", ""爱新""]"
2,38,ai yu,2,"[""爱与"", ""碍于""]"
2,39,ai zhi,2,"[""爱之"", ""爱知""]"
2,40,ai zi,2,"[""埃兹"", ""爱滋""]"
2,41,ai zi bing,2,"[""爱滋病"", ""艾滋病""]"
2,42,an di,2,"[""安地"", ""安迪""]"
2,43,an di si,2,"[""安地斯"", ""安第斯""]"
2,44,an ding,2,"[""anding"", ""安定""]"
2,45,an ge,2,"[""ange"", ""安格""]"
2,46,an ji suan,2,"[""氨基酸"", ""胺基酸""]"
2,47,an kang,2,"[""安康"", ""𩽾𩾌""]"
2,48,an lian,2,"[""安联"", ""暗恋""]"
2,49,an qing,2,"[""安庆"", ""案情""]"
2,50,an suan,2,"[""氨酸"", ""胺酸""]"
2,51,an ti,2,"[""anti"", ""安提""]"
2,52,ani,2,"[""ani"", ""阿尼""]"
2,53,ao de,2,"[""奥得"", ""奥德""]"
2,54,ao ke,2,"[""奥克"", ""澳科""]"
2,55,ba bi,2,"[""巴比"", ""芭比""]"
2,56,ba di,2,"[""巴蒂"", ""巴迪""]"
2,57,ba lei,2,"[""巴勒"", ""芭蕾""]"
2,58,ba luo,2,"[""巴洛"", ""巴罗""]"
2,59,ba mian,2,"[""八面"", ""罢免""]"
2,60,ba na,2,"[""巴拿"", ""巴纳""]"
2,61,ba qi,2,"[""八旗"", ""巴奇""]"
2,62,ba sai long na,2,"[""巴塞隆拿"", ""巴塞隆纳""]"
2,63,ba si,2,"[""巴斯"", ""拔斯""]"
2,64,ba xian,2,"[""八仙"", ""巴县""]"
2,65,ba yi,2,"[""八一"", ""巴伊""]"
2,66,ba zi,2,"[""八字"", ""巴兹""]"
2,67,bai er,2,"[""拜尔"", ""拜耳""]"
2,68,bai fang,2,"[""拜访"", ""摆放""]"
2,69,bai fen,2,"[""白粉"", ""百分""]"
2,70,bai he,2,"[""白河"", ""百合""]"
2,71,bai hu,2,"[""白虎"", ""百户""]"
2,72,bai hua,2,"[""白话"", ""百花""]"
2,73,bai ling,2,"[""白令"", ""百灵""]"
2,74,bai qi,2,"[""白旗"", ""白起""]"
2,75,bai ri,2,"[""白日"", ""百日""]"
2,76,bai se,2,"[""白色"", ""百色""]"
2,77,bai xing,2,"[""白星"", ""百姓""]"
2,78,bai xue,2,"[""白血"", ""白雪""]"
2,79,bai yang,2,"[""柏杨"", ""白杨""]"
2,80,bai yi,2,"[""白蚁"", ""白衣""]"
2,81,ban ben,2,"[""坂本"", ""版本""]"
2,82,ban bu,2,"[""半部"", ""颁布""]"
2,83,ban dao,2,"[""半岛"", ""搬到""]"
2,84,ban fa,2,"[""办法"", ""颁发""]"
2,85,ban he,2,"[""板和"", ""版和""]"
2,86,ban jia,2,"[""搬家"", ""班加""]"
2,87,ban jing,2,"[""半径"", ""坂井""]"
2,88,ban kuai,2,"[""斑块"", ""板块""]"
2,89,ban qiu,2,"[""半球"", ""板球""]"
2,90,ban shen,2,"[""半身"", ""阪神""]"
2,91,ban shi,2,"[""办事"", ""班师""]"
2,92,ban xing,2,"[""伴星"", ""颁行""]"
2,93,bang zhu,2,"[""帮主"", ""帮助""]"
2,94,bao biao,2,"[""保镖"", ""保镳""]"
2,95,bao bo,2,"[""鲍伯"", ""鲍勃""]"
2,96,bao chi,2,"[""保持"", ""抱持""]"
2,97,bao chi zhe,2,"[""保持着"", ""保持者""]"
2,98,bao chou,2,"[""报仇"", ""报酬""]"
2,99,bao dao cheng,2,"[""报导称"", ""报道称""]"
2,100,bao de,2,"[""堡的"", ""薄的""]"
2,101,bao di,2,"[""宝坻"", ""胞弟""]"
2,102,bao er,2,"[""包尔"", ""鲍尔""]"
2,103,bao fa,2,"[""暴发"", ""爆发""]"
2,104,bao lu,2,"[""保禄"", ""暴露""]"
2,105,bao shou,2,"[""保守"", ""饱受""]"
2,106,bao wei,2,"[""保卫"", ""包围""]"
2,107,bao yang,2,"[""保养"", ""褒扬""]"
2,108,bao yu,2,"[""保育"", ""暴雨""]"
2,109,bao zheng,2,"[""保证"", ""暴政""]"
2,110,bei bian,2,"[""北边"", ""被贬""]"
2,111,bei da,2,"[""北大"", ""被打""]"
2,112,bei dong,2,"[""北东"", ""被动""]"
2,113,bei duan,2,"[""北段"", ""北端""]"
2,114,bei fa,2,"[""北伐"", ""被罚""]"
2,115,bei fei,2,"[""北非"", ""被废""]"
2,116,bei feng,2,"[""北峰"", ""被封""]"
2,117,bei fu,2,"[""背负"", ""被俘""]"
2,118,bei hai,2,"[""北海"", ""被害""]"
2,119,bei han,2,"[""北汉"", ""北韩""]"
2,120,bei jiao,2,"[""北角"", ""北郊""]"
2,121,bei jing de,2,"[""北京的"", ""背景的""]"
2,122,bei ka luo lai na zhou,2,"[""北卡罗来纳州"", ""北卡罗莱纳州""]"
2,123,bei lu,2,"[""北路"", ""北陆""]"
2,124,bei lun,2,"[""悖论"", ""贝伦""]"
2,125,bei mian,2,"[""北面"", ""背面""]"
2,126,bei mian de,2,"[""北面的"", ""背面的""]"
2,127,bei pan,2,"[""背叛"", ""被判""]"
2,128,bei ping,2,"[""北平"", ""被评""]"
2,129,bei si,2,"[""贝丝"", ""贝斯""]"
2,130,bei ta,2,"[""被他"", ""贝塔""]"
2,131,bei wei,2,"[""北纬"", ""北魏""]"
2,132,bei wen,2,"[""碑文"", ""被问""]"
2,133,bei yi,2,"[""被以"", ""贝伊""]"
2,134,bei yue,2,"[""北约"", ""北越""]"
2,135,bei zhan,2,"[""北站"", ""备战""]"
2,136,bei zheng shi,2,"[""被正式"", ""被证实""]"
2,137,bei zhi,2,"[""北至"", ""被指""]"
2,138,ben pian,2,"[""本片"", ""本篇""]"
2,139,ben shi,2,"[""本市"", ""本是""]"
2,140,ben shu,2,"[""本书"", ""本属""]"
2,141,ben wei,2,"[""本为"", ""本位""]"
2,142,ben xian,2,"[""本县"", ""本线""]"
2,143,ben xing,2,"[""本姓"", ""本性""]"
2,144,bi de,2,"[""彼得"", ""比的""]"
2,145,bi ding,2,"[""吡啶"", ""必定""]"
2,146,bi hua,2,"[""壁画"", ""笔画""]"
2,147,bi ji,2,"[""笔记"", ""笔迹""]"
2,148,bi jiang,2,"[""必将"", ""比降""]"
2,149,bi lu,2,"[""秘鲁"", ""闭路""]"
2,150,bi qi,2,"[""比奇"", ""比起""]"
2,151,bi sai,2,"[""比塞"", ""比赛""]"
2,152,bi shang,2,"[""壁上"", ""比上""]"
2,153,bi sheng,2,"[""必胜"", ""毕生""]"
2,154,bi shu,2,"[""比数"", ""避暑""]"
2,155,bi suo,2,"[""比索"", ""闭锁""]"
2,156,bi te,2,"[""彼特"", ""比特""]"
2,157,bi xia,2,"[""笔下"", ""陛下""]"
2,158,bi xu,2,"[""必需"", ""必须""]"
2,159,bi xu you,2,"[""必须有"", ""必须由""]"
2,160,bi ye,2,"[""比耶"", ""毕业""]"
2,161,bi zi,2,"[""比兹"", ""鼻子""]"
2,162,bian da,2,"[""变大"", ""鞭打""]"
2,163,bian fang,2,"[""辩方"", ""边防""]"
2,164,bian hui,2,"[""便会"", ""变回""]"
2,165,bian jiang,2,"[""便将"", ""边疆""]"
2,166,bian qu,2,"[""编曲"", ""边区""]"
2,167,bian shen,2,"[""变身"", ""编审""]"
2,168,bian xiang,2,"[""便向"", ""变相""]"
2,169,bian xie,2,"[""便携"", ""编写""]"
2,170,bian yu,2,"[""便与"", ""便于""]"
2,171,biao di,2,"[""标的"", ""表弟""]"
2,172,biao ming,2,"[""标明"", ""表明""]"
2,173,biao xian de,2,"[""表现得"", ""表现的""]"
2,174,bie,2,"[""别"", ""鳖""]"
2,175,bing bei,2,"[""兵备"", ""并被""]"
2,176,bing bian,2,"[""兵变"", ""病变""]"
2,177,bing bu,2,"[""兵部"", ""并不""]"
2,178,bing cheng wei,2,"[""并成为"", ""并称为""]"
2,179,bing fa,2,"[""兵法"", ""并发""]"
2,180,bing gai,2,"[""冰盖"", ""并改""]"
2,181,bing he,2,"[""冰河"", ""并和""]"
2,182,bing pai,2,"[""并排"", ""并派""]"
2,183,bing qing,2,"[""并请"", ""病情""]"
2,184,bing ren,2,"[""并任"", ""病人""]"
2,185,bing xiang,2,"[""冰箱"", ""并向""]"
2,186,bing yin,2,"[""并因"", ""病因""]"
2,187,bing you,2,"[""并有"", ""并由""]"
2,188,bing yu,2,"[""并与"", ""并于""]"
2,189,bing zai ci,2,"[""并再次"", ""并在此""]"
2,190,bo bi,2,"[""播毕"", ""波比""]"
2,191,bo bo,2,"[""勃勃"", ""波波""]"
2,192,bo chu,2,"[""拨出"", ""播出""]"
2,193,bo en,2,"[""伯恩"", ""波恩""]"
2,194,bo ge,2,"[""伯格"", ""博格""]"
2,195,bo ming han,2,"[""伯明罕"", ""伯明翰""]"
2,196,bo shi,2,"[""博士"", ""波士""]"
2,197,bo tuo,2,"[""博托"", ""波托""]"
2,198,bo xi mi ya,2,"[""波希米亚"", ""波西米亚""]"
2,199,bo xue,2,"[""剥削"", ""博学""]"
2,200,bo yi,2,"[""博伊"", ""博弈""]"
2,201,bo yin,2,"[""播音"", ""波音""]"
2,202,bu bian,2,"[""不便"", ""不变""]"
2,203,bu chong,2,"[""捕虫"", ""补充""]"
2,204,bu de,2,"[""不得"", ""部的""]"
2,205,bu ding,2,"[""不定"", ""补丁""]"
2,206,bu dong,2,"[""不动"", ""不懂""]"
2,207,bu dui,2,"[""不对"", ""部队""]"
2,208,bu er,2,"[""不二"", ""布尔""]"
2,209,bu gao,2,"[""不高"", ""布告""]"
2,210,bu hui,2,"[""不会"", ""部会""]"
2,211,bu hui zai,2,"[""不会再"", ""不会在""]"
2,212,bu jia,2,"[""不佳"", ""不加""]"
2,213,bu jian,2,"[""不见"", ""部件""]"
2,214,bu ju,2,"[""不具"", ""布局""]"
2,215,bu ke,2,"[""不可"", ""布克""]"
2,216,bu lai en,2,"[""布莱恩"", ""布赖恩""]"
2,217,bu lei,2,"[""布勒"", ""布雷""]"
2,218,bu li qi,2,"[""布莉琪"", ""布里奇""]"
2,219,bu liang,2,"[""不良"", ""布良""]"
2,220,bu lie,2,"[""布列"", ""捕猎""]"
2,221,bu lu,2,"[""布卢"", ""布鲁""]"
2,222,bu luo de,2,"[""布罗德"", ""部落的""]"
2,223,bu luo ke,2,"[""布洛克"", ""布罗克""]"
2,224,bu man,2,"[""不满"", ""布满""]"
2,225,bu neng zai,2,"[""不能再"", ""不能在""]"
2,226,bu she,2,"[""不设"", ""布设""]"
2,227,bu si,2,"[""不死"", ""布斯""]"
2,228,bu su,2,"[""不俗"", ""步速""]"
2,229,bu ting,2,"[""不停"", ""不听""]"
2,230,bu tong,2,"[""不同"", ""不通""]"
2,231,bu xia,2,"[""不下"", ""部下""]"
2,232,bu xiu,2,"[""不休"", ""不朽""]"
2,233,bu xu,2,"[""不许"", ""不需""]"
2,234,bu yuan,2,"[""不愿"", ""不远""]"
2,235,bu zhang,2,"[""不长"", ""部长""]"
2,236,bu zhong,2,"[""不忠"", ""部众""]"
2,237,bu zhu,2,"[""不住"", ""补助""]"
2,238,bu zuo,2,"[""不作"", ""不做""]"
2,239,ca,2,"[""ca"", ""擦""]"
2,240,cai dan,2,"[""彩蛋"", ""菜单""]"
2,241,cai hua,2,"[""彩画"", ""才华""]"
2,242,cai hui,2,"[""彩绘"", ""才会""]"
2,243,cai ji,2,"[""猜忌"", ""采集""]"
2,244,cai shi,2,"[""才是"", ""采石""]"
2,245,cai wu,2,"[""财务"", ""财物""]"
2,246,cai you,2,"[""才有"", ""才由""]"
2,247,cai yuan,2,"[""菜园"", ""裁员""]"
2,248,can bai,2,"[""参拜"", ""惨败""]"
2,249,can guan,2,"[""参观"", ""餐馆""]"
2,250,can ji,2,"[""残基"", ""残疾""]"
2,251,can yi yuan,2,"[""参议员"", ""参议院""]"
2,252,can yu,2,"[""参与"", ""残余""]"
2,253,can zhan,2,"[""参展"", ""参战""]"
2,254,cang yu,2,"[""藏于"", ""藏语""]"
2,255,cao pi,2,"[""曹丕"", ""草皮""]"
2,256,ce de,2,"[""侧的"", ""测得""]"
2,257,ceng,2,"[""层"", ""曾""]"
2,258,ceng wei,2,"[""层为"", ""曾为""]"
2,259,ceng yin,2,"[""曾因"", ""曾荫""]"
2,260,ceng you,2,"[""曾有"", ""曾由""]"
2,261,ceng yu,2,"[""曾与"", ""曾于""]"
2,262,cha de,2,"[""差的"", ""查德""]"
2,263,cha yuan,2,"[""察院"", ""茶园""]"
2,264,chan shi,2,"[""禅师"", ""阐释""]"
2,265,chan yu,2,"[""产于"", ""单于""]"
2,266,chang bei,2,"[""常备"", ""常被""]"
2,267,chang dao,2,"[""倡导"", ""肠道""]"
2,268,chang he,2,"[""场合"", ""场和""]"
2,269,chang nian,2,"[""常年"", ""长年""]"
2,270,chang pian,2,"[""唱片"", ""长篇""]"
2,271,chang qi,2,"[""长崎"", ""长期""]"
2,272,chang qiang,2,"[""唱腔"", ""长枪""]"
2,273,chang shang,2,"[""厂商"", ""场上""]"
2,274,chang shu,2,"[""常数"", ""常熟""]"
2,275,chang yi,2,"[""倡议"", ""常以""]"
2,276,chang zhu,2,"[""常住"", ""常驻""]"
2,277,chao jian,2,"[""朝见"", ""潮间""]"
2,278,chao shi,2,"[""潮湿"", ""超市""]"
2,279,chao xi,2,"[""抄袭"", ""潮汐""]"
2,280,che chu,2,"[""撤出"", ""撤除""]"
2,281,che di,2,"[""彻底"", ""车底""]"
2,282,che wei,2,"[""车位"", ""车尾""]"
2,283,che xiang,2,"[""撤乡"", ""车厢""]"
2,284,che xiao,2,"[""撤消"", ""撤销""]"
2,285,che zhan,2,"[""车展"", ""车站""]"
2,286,che zi,2,"[""车子"", ""车资""]"
2,287,chen jia,2,"[""陈嘉"", ""陈家""]"
2,288,chen jian,2,"[""晨间"", ""陈建""]"
2,289,chen mo,2,"[""沉没"", ""沉默""]"
2,290,chen qi,2,"[""陈其"", ""陈启""]"
2,291,chen qing,2,"[""陈庆"", ""陈情""]"
2,292,chen shi,2,"[""陈世"", ""陈氏""]"
2,293,chen xiao,2,"[""陈小"", ""陈晓""]"
2,294,chen zhi,2,"[""称职"", ""陈志""]"
2,295,cheng ba,2,"[""城巴"", ""称霸""]"
2,296,cheng bao,2,"[""城堡"", ""承包""]"
2,297,cheng da,2,"[""乘搭"", ""成大""]"
2,298,cheng di,2,"[""成帝"", ""称帝""]"
2,299,cheng du,2,"[""成都"", ""程度""]"
2,300,cheng fa,2,"[""乘法"", ""惩罚""]"
2,301,cheng fen,2,"[""成份"", ""成分""]"
2,302,cheng jie,2,"[""惩戒"", ""承接""]"
2,303,cheng jun,2,"[""城郡"", ""成军""]"
2,304,cheng li,2,"[""城里"", ""成立""]"
2,305,cheng shu,2,"[""成书"", ""成熟""]"
2,306,cheng xi,2,"[""城西"", ""承袭""]"
2,307,cheng xian,2,"[""呈现"", ""城县""]"
2,308,cheng xing,2,"[""成型"", ""成形""]"
2,309,cheng yin,2,"[""成因"", ""成瘾""]"
2,310,cheng yu,2,"[""成语"", ""成鱼""]"
2,311,cheng zhang,2,"[""成章"", ""成长""]"
2,312,cheng zu,2,"[""成祖"", ""承租""]"
2,313,chi dao,2,"[""持刀"", ""赤道""]"
2,314,chi gu,2,"[""持股"", ""耻骨""]"
2,315,chi mu,2,"[""翅目"", ""齿目""]"
2,316,chi shui,2,"[""吃水"", ""赤水""]"
2,317,chi zi,2,"[""斥资"", ""赤字""]"
2,318,chong feng,2,"[""冲锋"", ""重逢""]"
2,319,chong ji,2,"[""冲击"", ""冲积""]"
2,320,chong jing,2,"[""崇敬"", ""憧憬""]"
2,321,chong qi,2,"[""充气"", ""重启""]"
2,322,chong sheng,2,"[""冲绳"", ""重生""]"
2,323,chong wen,2,"[""崇文"", ""重温""]"
2,324,chong zhi,2,"[""充值"", ""冲之""]"
2,325,chong zu,2,"[""充足"", ""重组""]"
2,326,chou yang,2,"[""抽样"", ""臭氧""]"
2,327,chu ban,2,"[""出版"", ""初版""]"
2,328,chu chang,2,"[""出厂"", ""出场""]"
2,329,chu chu,2,"[""出处"", ""处处""]"
2,330,chu ci,2,"[""初次"", ""除此""]"
2,331,chu guo,2,"[""出国"", ""楚国""]"
2,332,chu jue,2,"[""处决"", ""触觉""]"
2,333,chu le,2,"[""出了"", ""除了""]"
2,334,chu lu,2,"[""出炉"", ""出路""]"
2,335,chu mo,2,"[""出没"", ""触摸""]"
2,336,chu qi,2,"[""出其"", ""初期""]"
2,337,chu qu,2,"[""出去"", ""除去""]"
2,338,chu wai,2,"[""出外"", ""除外""]"
2,339,chu xi,2,"[""出席"", ""除夕""]"
2,340,chu xian,2,"[""出现"", ""出线""]"
2,341,chu xing,2,"[""出行"", ""雏形""]"
2,342,chu xu,2,"[""储蓄"", ""触须""]"
2,343,chu xuan,2,"[""出选"", ""初选""]"
2,344,chu you,2,"[""出游"", ""处有""]"
2,345,chu zhan,2,"[""出战"", ""出站""]"
2,346,chu zhang,2,"[""出张"", ""处长""]"
2,347,chu zhi,2,"[""储值"", ""处置""]"
2,348,chuan bo,2,"[""传播"", ""船舶""]"
2,349,chuan de,2,"[""川的"", ""船的""]"
2,350,chuan jun,2,"[""川军"", ""川郡""]"
2,351,chuan lian,2,"[""串联"", ""串连""]"
2,352,chuan qi,2,"[""传奇"", ""川崎""]"
2,353,chuan shi,2,"[""传世"", ""川市""]"
2,354,chuan tou,2,"[""穿透"", ""船头""]"
2,355,chuan zhi,2,"[""传至"", ""船只""]"
2,356,chuang shang,2,"[""创伤"", ""床上""]"
2,357,chuang shi,2,"[""创世"", ""创始""]"
2,358,chun jie,2,"[""春节"", ""纯洁""]"
2,359,ci de,2,"[""次的"", ""词的""]"
2,360,ci dian,2,"[""词典"", ""辞典""]"
2,361,ci guan,2,"[""次官"", ""辞官""]"
2,362,ci hui,2,"[""词汇"", ""辞汇""]"
2,363,ci ren,2,"[""此人"", ""辞任""]"
2,364,ci shu,2,"[""次数"", ""此书""]"
2,365,ci yi,2,"[""此一"", ""此役""]"
2,366,ci zhan,2,"[""此战"", ""此站""]"
2,367,ci zhi,2,"[""此职"", ""辞职""]"
2,368,ci zhong,2,"[""此种"", ""词中""]"
2,369,cong shu,2,"[""丛书"", ""从属""]"
2,370,cuan,2,"[""窜"", ""篡""]"
2,371,cun yu,2,"[""存于"", ""村与""]"
2,372,cuo shang,2,"[""挫伤"", ""磋商""]"
2,373,cuo shi,2,"[""措施"", ""错失""]"
2,374,da ba,2,"[""大坝"", ""大巴""]"
2,375,da bao,2,"[""大宝"", ""打包""]"
2,376,da bu,2,"[""大埔"", ""大部""]"
2,377,da bu fen,2,"[""大部份"", ""大部分""]"
2,378,da bu fen de,2,"[""大部份的"", ""大部分的""]"
2,379,da chang,2,"[""大场"", ""大肠""]"
2,380,da chen,2,"[""大臣"", ""大陈""]"
2,381,da dong,2,"[""大东"", ""打动""]"
2,382,da dou,2,"[""大豆"", ""打斗""]"
2,383,da du,2,"[""大肚"", ""大都""]"
2,384,da er,2,"[""大而"", ""达尔""]"
2,385,da gang,2,"[""大港"", ""大纲""]"
2,386,da guan,2,"[""大关"", ""大观""]"
2,387,da huo,2,"[""大火"", ""大获""]"
2,388,da ji,2,"[""打击"", ""达基""]"
2,389,da jian,2,"[""大减"", ""搭建""]"
2,390,da jie,2,"[""大捷"", ""大街""]"
2,391,da ju,2,"[""大举"", ""大局""]"
2,392,da jun,2,"[""大军"", ""大君""]"
2,393,da ke,2,"[""达克"", ""达科""]"
2,394,da la,2,"[""答腊"", ""达拉""]"
2,395,da lao,2,"[""大老"", ""打捞""]"
2,396,da lin,2,"[""大林"", ""达林""]"
2,397,da mi,2,"[""大米"", ""达米""]"
2,398,da ming,2,"[""大名"", ""大明""]"
2,399,da ping,2,"[""大平"", ""打平""]"
2,400,da po,2,"[""大破"", ""打破""]"
2,401,da qi,2,"[""大旗"", ""大气""]"
2,402,da qing,2,"[""大庆"", ""大清""]"
2,403,da qiu,2,"[""大邱"", ""打球""]"
2,404,da quan,2,"[""大全"", ""大权""]"
2,405,da ren,2,"[""大人"", ""达人""]"
2,406,da shang,2,"[""大赏"", ""打伤""]"
2,407,da shen,2,"[""大神"", ""达什""]"
2,408,da shu,2,"[""大树"", ""打数""]"
2,409,da tang,2,"[""大唐"", ""大堂""]"
2,410,da ti,2,"[""大体"", ""达梯""]"
2,411,da xia,2,"[""大夏"", ""打下""]"
2,412,da xian,2,"[""大仙"", ""达县""]"
2,413,da xing,2,"[""大兴"", ""大型""]"
2,414,da xiong,2,"[""大熊"", ""大雄""]"
2,415,da xue,2,"[""大学"", ""大雪""]"
2,416,da xue shi,2,"[""大学士"", ""大学时""]"
2,417,da ya,2,"[""大雅"", ""打压""]"
2,418,da ye,2,"[""大业"", ""大野""]"
2,419,da you,2,"[""大友"", ""大有""]"
2,420,da zao,2,"[""大噪"", ""打造""]"
2,421,da zhi,2,"[""大致"", ""达至""]"
2,422,da zhong,2,"[""大中"", ""大众""]"
2,423,da zhou,2,"[""大洲"", ""达州""]"
2,424,da zi,2,"[""大字"", ""打字""]"
2,425,dai an na,2,"[""戴安娜"", ""黛安娜""]"
2,426,dai er,2,"[""代尔"", ""戴尔""]"
2,427,dai fu,2,"[""代夫"", ""戴夫""]"
2,428,dai hui,2,"[""代会"", ""带回""]"
2,429,dai kuan,2,"[""带宽"", ""贷款""]"
2,430,dai ru,2,"[""代入"", ""带入""]"
2,431,dai shang,2,"[""带上"", ""戴上""]"
2,432,dai shu,2,"[""代数"", ""袋鼠""]"
2,433,dai wei,2,"[""代为"", ""戴维""]"
2,434,dai zhe,2,"[""带着"", ""戴着""]"
2,435,dai zhu,2,"[""带著"", ""戴著""]"
2,436,dan bei,2,"[""但被"", ""单倍""]"
2,437,dan chu,2,"[""弹出"", ""淡出""]"
2,438,dan dang,2,"[""但当"", ""担当""]"
2,439,dan dao,2,"[""但到"", ""弹道""]"
2,440,dan fu,2,"[""丹佛"", ""担负""]"
2,441,dan hua,2,"[""氮化"", ""淡化""]"
2,442,dan ji,2,"[""单季"", ""单机""]"
2,443,dan ke,2,"[""但可"", ""弹壳""]"
2,444,dan na,2,"[""丹娜"", ""丹拿""]"
2,445,dan qi,2,"[""但其"", ""氮气""]"
2,446,dan ren,2,"[""单人"", ""担任""]"
2,447,dan shi,2,"[""但是"", ""胆石""]"
2,448,dan ta men,2,"[""但他们"", ""但它们""]"
2,449,dan xia,2,"[""弹匣"", ""诞下""]"
2,450,dan xiang,2,"[""单向"", ""单项""]"
2,451,dan yao,2,"[""但要"", ""弹药""]"
2,452,dan zi,2,"[""但自"", ""单字""]"
2,453,dang an,2,"[""单杆"", ""档案""]"
2,454,dang de,2,"[""党的"", ""档的""]"
2,455,dang qi,2,"[""当其"", ""档期""]"
2,456,dang shi ta,2,"[""当时他"", ""当时她""]"
2,457,dang ta,2,"[""当他"", ""当她""]"
2,458,dang zhong,2,"[""当中"", ""当众""]"
2,459,dang zhu,2,"[""当主"", ""挡住""]"
2,460,dang zuo,2,"[""当作"", ""当做""]"
2,461,dao chang,2,"[""到场"", ""道场""]"
2,462,dao chu,2,"[""到处"", ""导出""]"
2,463,dao da,2,"[""到大"", ""到达""]"
2,464,dao di,2,"[""倒地"", ""到底""]"
2,465,dao fa,2,"[""刀法"", ""到发""]"
2,466,dao ge,2,"[""倒戈"", ""道格""]"
2,467,dao guo,2,"[""到过"", ""岛国""]"
2,468,dao ji,2,"[""岛及"", ""道及""]"
2,469,dao nan,2,"[""到南"", ""道南""]"
2,470,dao qi,2,"[""到期"", ""道奇""]"
2,471,dao ren,2,"[""到任"", ""道人""]"
2,472,dao shang,2,"[""岛上"", ""道上""]"
2,473,dao shu,2,"[""倒数"", ""导数""]"
2,474,dao ta,2,"[""倒塌"", ""到他""]"
2,475,dao zhi,2,"[""导致"", ""道之""]"
2,476,de bao dao,2,"[""的报导"", ""的报道""]"
2,477,de bei,2,"[""的北"", ""的被""]"
2,478,de bi,2,"[""德比"", ""的比""]"
2,479,de biao,2,"[""得标"", ""的表""]"
2,480,de bu fen,2,"[""的部份"", ""的部分""]"
2,481,de chu,2,"[""得出"", ""的初""]"
2,482,de chuan,2,"[""德川"", ""的船""]"
2,483,de dao,2,"[""得到"", ""德岛""]"
2,484,de dao de,2,"[""得到的"", ""的道德""]"
2,485,de di di,2,"[""的地底"", ""的弟弟""]"
2,486,de er,2,"[""德尔"", ""的二""]"
2,487,de fen,2,"[""得分"", ""的分""]"
2,488,de ge,2,"[""的各"", ""的歌""]"
2,489,de guo,2,"[""德国"", ""的国""]"
2,490,de ji lu,2,"[""的纪录"", ""的记录""]"
2,491,de jie,2,"[""德杰"", ""的解""]"
2,492,de jun,2,"[""德军"", ""的军""]"
2,493,de lei,2,"[""德勒"", ""德雷""]"
2,494,de li an,2,"[""德里安"", ""的脸""]"
2,495,de li ya,2,"[""得里亚"", ""德里亚""]"
2,496,de lu,2,"[""德鲁"", ""的路""]"
2,497,de luo,2,"[""德罗"", ""的罗""]"
2,498,de ming zi,2,"[""得名自"", ""的名字""]"
2,499,de qian,2,"[""的前"", ""的钱""]"
2,500,de ren wu,2,"[""的人物"", ""的任务""]"
2,501,de shen fen,2,"[""的身份"", ""的身分""]"
2,502,de shi jian,2,"[""的事件"", ""的时间""]"
2,503,de shi li,2,"[""的势力"", ""的实力""]"
2,504,de shi wu,2,"[""的事物"", ""的食物""]"
2,505,de shou,2,"[""的手"", ""的首""]"
2,506,de tong,2,"[""的同"", ""的通""]"
2,507,de xing shi,2,"[""的姓氏"", ""的形式""]"
2,508,de yi ban,2,"[""的一半"", ""的一般""]"
2,509,de yi bu fen,2,"[""的一部份"", ""的一部分""]"
2,510,de yi fu,2,"[""的一幅"", ""的衣服""]"
2,511,de yi jian,2,"[""的一间"", ""的意见""]"
2,512,de yi ke,2,"[""的一科"", ""的一颗""]"
2,513,de yi pian,2,"[""的一片"", ""的一篇""]"
2,514,de yi shu,2,"[""的一属"", ""的艺术""]"
2,515,de yi ti,2,"[""的议题"", ""的遗体""]"
2,516,de ying xiang,2,"[""的影像"", ""的影响""]"
2,517,de yu,2,"[""德语"", ""的鱼""]"
2,518,de yuan,2,"[""的原"", ""的圆""]"
2,519,de yue,2,"[""德约"", ""的月""]"
2,520,de zhi,2,"[""得知"", ""的值""]"
2,521,de zhi wu,2,"[""的植物"", ""的职务""]"
2,522,de zhong,2,"[""的中"", ""的重""]"
2,523,de zhou,2,"[""德州"", ""的州""]"
2,524,de zhu,2,"[""得主"", ""的主""]"
2,525,de zhu chang,2,"[""的主唱"", ""的主场""]"
2,526,de zhu ti,2,"[""的主体"", ""的主题""]"
2,527,de zong,2,"[""德宗"", ""的总""]"
2,528,de zui,2,"[""得罪"", ""的最""]"
2,529,deng hui,2,"[""灯会"", ""登辉""]"
2,530,deng lu,2,"[""登录"", ""登陆""]"
2,531,deng shi,2,"[""等十"", ""等式""]"
2,532,deng wei,2,"[""等为"", ""等位""]"
2,533,deng xiao,2,"[""等效"", ""等校""]"
2,534,deng yu,2,"[""等于"", ""邓禹""]"
2,535,deng zhi,2,"[""等之"", ""等职""]"
2,536,di biao,2,"[""地标"", ""地表""]"
2,537,di bu,2,"[""底部"", ""递补""]"
2,538,di chu,2,"[""地处"", ""抵触""]"
2,539,di er ji,2,"[""第二季"", ""第二级""]"
2,540,di er shi,2,"[""第二十"", ""第二师""]"
2,541,di jia,2,"[""低价"", ""地价""]"
2,542,di jun,2,"[""帝君"", ""敌军""]"
2,543,di ka,2,"[""狄卡"", ""迪卡""]"
2,544,di mian,2,"[""地面"", ""底面""]"
2,545,di mu,2,"[""嫡母"", ""蒂姆""]"
2,546,di pan,2,"[""地盘"", ""底盘""]"
2,547,di san ji,2,"[""第三季"", ""第三级""]"
2,548,di shang,2,"[""地上"", ""蒂尚""]"
2,549,di wen,2,"[""低温"", ""帝汶""]"
2,550,di wu,2,"[""底物"", ""第五""]"
2,551,di yi,2,"[""敌意"", ""第一""]"
2,552,di yi bu,2,"[""第一步"", ""第一部""]"
2,553,di yi jia,2,"[""第一家"", ""第一架""]"
2,554,di yi ren,2,"[""第一人"", ""第一任""]"
2,555,di zi,2,"[""嫡子"", ""弟子""]"
2,556,dian bo,2,"[""点播"", ""电波""]"
2,557,dian chang,2,"[""电厂"", ""电场""]"
2,558,dian de,2,"[""店的"", ""点的""]"
2,559,dian gong,2,"[""电工"", ""电弓""]"
2,560,dian he,2,"[""点和"", ""电荷""]"
2,561,dian hua,2,"[""电话"", ""碘化""]"
2,562,dian jun,2,"[""殿军"", ""滇军""]"
2,563,dian nei,2,"[""店内"", ""殿内""]"
2,564,dian pu,2,"[""店舖"", ""店铺""]"
2,565,dian qi,2,"[""电器"", ""电气""]"
2,566,dian wei,2,"[""点为"", ""电位""]"
2,567,dian xian,2,"[""电线"", ""癫痫""]"
2,568,dian xin,2,"[""点心"", ""电信""]"
2,569,dian ying,2,"[""殿英"", ""电影""]"
2,570,dian ying jie,2,"[""电影界"", ""电影节""]"
2,571,dian yuan,2,"[""店员"", ""电源""]"
2,572,diao su,2,"[""调速"", ""雕塑""]"
2,573,diao wang,2,"[""凋亡"", ""调往""]"
2,574,diao yan,2,"[""吊唁"", ""调研""]"
2,575,ding de,2,"[""丁的"", ""定的""]"
2,576,ding dian,2,"[""定点"", ""顶点""]"
2,577,ding ji,2,"[""丁基"", ""顶级""]"
2,578,ding li,2,"[""定理"", ""订立""]"
2,579,ding wei,2,"[""定为"", ""定位""]"
2,580,ding xiang,2,"[""丁香"", ""定向""]"
2,581,ding xing,2,"[""定型"", ""定性""]"
2,582,dong cun,2,"[""东村"", ""东邨""]"
2,583,dong duan,2,"[""东段"", ""东端""]"
2,584,dong fang,2,"[""东方"", ""洞房""]"
2,585,dong gong,2,"[""东宫"", ""动工""]"
2,586,dong hua,2,"[""东华"", ""动画""]"
2,587,dong jin,2,"[""东晋"", ""东进""]"
2,588,dong jing,2,"[""东京"", ""东经""]"
2,589,dong li,2,"[""动力"", ""洞里""]"
2,590,dong xian,2,"[""东县"", ""东线""]"
2,591,dong xiang,2,"[""东乡"", ""动向""]"
2,592,dong xing,2,"[""东兴"", ""东行""]"
2,593,dong yang,2,"[""东洋"", ""东阳""]"
2,594,dong yong,2,"[""东涌"", ""动用""]"
2,595,dong zheng,2,"[""东征"", ""东正""]"
2,596,dou gong,2,"[""斗拱"", ""都宫""]"
2,597,dou ke,2,"[""豆科"", ""都可""]"
2,598,dou liu,2,"[""斗六"", ""逗留""]"
2,599,dou shi,2,"[""斗士"", ""都是""]"
2,600,dou yi,2,"[""都以"", ""都已""]"
2,601,dou yin,2,"[""抖音"", ""都因""]"
2,602,dou you,2,"[""都有"", ""都由""]"
2,603,du bai,2,"[""杜拜"", ""独白""]"
2,604,du bo,2,"[""独播"", ""赌博""]"
2,605,du chang,2,"[""独唱"", ""赌场""]"
2,606,du fu,2,"[""杜父"", ""杜甫""]"
2,607,du he,2,"[""度和"", ""渡河""]"
2,608,du si,2,"[""杜斯"", ""毒死""]"
2,609,du xian,2,"[""度线"", ""渡线""]"
2,610,du xing,2,"[""毒性"", ""独行""]"
2,611,duan dao,2,"[""短道"", ""端岛""]"
2,612,duan dian,2,"[""断电"", ""端点""]"
2,613,duan pian,2,"[""短片"", ""短篇""]"
2,614,duan qi,2,"[""段祺"", ""短期""]"
2,615,duan shi jian,2,"[""段时间"", ""短时间""]"
2,616,duan wei,2,"[""段为"", ""短尾""]"
2,617,dui hua,2,"[""对华"", ""对话""]"
2,618,dui jiao,2,"[""对焦"", ""对角""]"
2,619,dui nei,2,"[""对内"", ""队内""]"
2,620,dui ta,2,"[""对他"", ""对她""]"
2,621,dui ta de,2,"[""对他的"", ""对她的""]"
2,622,dui xiang,2,"[""对向"", ""对象""]"
2,623,dui ying,2,"[""对应"", ""对映""]"
2,624,dui yu,2,"[""对于"", ""队与""]"
2,625,dun de,2,"[""吨的"", ""顿的""]"
2,626,dun he,2,"[""敦贺"", ""顿和""]"
2,627,duo bian,2,"[""多变"", ""多边""]"
2,628,duo chu,2,"[""多出"", ""多处""]"
2,629,duo fen,2,"[""多份"", ""多芬""]"
2,630,duo ge,2,"[""多个"", ""多哥""]"
2,631,duo guan,2,"[""多管"", ""夺冠""]"
2,632,duo jian,2,"[""多件"", ""多间""]"
2,633,duo luo,2,"[""堕落"", ""多罗""]"
2,634,duo ming,2,"[""多名"", ""多明""]"
2,635,duo qu,2,"[""夺去"", ""夺取""]"
2,636,duo shou,2,"[""多首"", ""舵手""]"
2,637,duo wei,2,"[""多为"", ""多位""]"
2,638,duo you,2,"[""多有"", ""多由""]"
2,639,duo zai,2,"[""多在"", ""躲在""]"
2,640,duo zhong,2,"[""多种"", ""多重""]"
2,641,e gao,2,"[""恶搞"", ""鹅膏""]"
2,642,e lei,2,"[""俄勒"", ""额勒""]"
2,643,e zhi,2,"[""恶之"", ""遏制""]"
2,644,en,2,"[""en"", ""恩""]"
2,645,en de,2,"[""恩德"", ""恩的""]"
2,646,er ba,2,"[""二八"", ""而把""]"
2,647,er ci,2,"[""二次"", ""而此""]"
2,648,er dui,2,"[""二队"", ""而对""]"
2,649,er hou,2,"[""尔后"", ""而后""]"
2,650,er ke,2,"[""儿科"", ""尔克""]"
2,651,er man,2,"[""尔曼"", ""耳曼""]"
2,652,er nv,2,"[""二女"", ""儿女""]"
2,653,er sheng,2,"[""尔省"", ""而生""]"
2,654,er shi yi,2,"[""二十一"", ""而是以""]"
2,655,er shi yu,2,"[""二世与"", ""二十余""]"
2,656,er shi zai,2,"[""二世在"", ""而是在""]"
2,657,er shou,2,"[""二手"", ""而受""]"
2,658,er si,2,"[""尔斯"", ""而死""]"
2,659,er tong,2,"[""儿童"", ""而同""]"
2,660,er xian,2,"[""二县"", ""二线""]"
2,661,er xing,2,"[""二型"", ""而行""]"
2,662,er yu,2,"[""而与"", ""而于""]"
2,663,er zai,2,"[""尔在"", ""而在""]"
2,664,er zhan,2,"[""二战"", ""而战""]"
2,665,er zhe,2,"[""二者"", ""而这""]"
2,666,fa bing,2,"[""发兵"", ""发病""]"
2,667,fa de,2,"[""发的"", ""法的""]"
2,668,fa hui,2,"[""发挥"", ""法会""]"
2,669,fa ji,2,"[""发迹"", ""法及""]"
2,670,fa jue,2,"[""发掘"", ""发觉""]"
2,671,fa la,2,"[""发拉"", ""法拉""]"
2,672,fa lun,2,"[""法伦"", ""法轮""]"
2,673,fa luo,2,"[""法洛"", ""法罗""]"
2,674,fa men,2,"[""法门"", ""阀门""]"
2,675,fa ming,2,"[""发明"", ""法名""]"
2,676,fa qiu,2,"[""发球"", ""罚球""]"
2,677,fa sheng,2,"[""发声"", ""发生""]"
2,678,fa shu,2,"[""法属"", ""法术""]"
2,679,fa wang,2,"[""法王"", ""法网""]"
2,680,fa wen,2,"[""发文"", ""法文""]"
2,681,fa yan,2,"[""发炎"", ""发言""]"
2,682,fa zhi,2,"[""法制"", ""法治""]"
2,683,fan de,2,"[""范德"", ""藩的""]"
2,684,fan er,2,"[""凡尔"", ""反而""]"
2,685,fan fu,2,"[""反复"", ""繁复""]"
2,686,fan gong,2,"[""反共"", ""反攻""]"
2,687,fan lan,2,"[""泛滥"", ""泛蓝""]"
2,688,fan pai,2,"[""反派"", ""翻拍""]"
2,689,fan shi,2,"[""凡是"", ""范式""]"
2,690,fan tai,2,"[""番台"", ""返台""]"
2,691,fan ying,2,"[""反应"", ""反映""]"
2,692,fan zhuan,2,"[""反转"", ""翻转""]"
2,693,fang dan,2,"[""方丹"", ""防弹""]"
2,694,fang de,2,"[""房的"", ""方的""]"
2,695,fang fu,2,"[""仿佛"", ""防腐""]"
2,696,fang huo,2,"[""放火"", ""防火""]"
2,697,fang ke,2,"[""方可"", ""访客""]"
2,698,fang kong,2,"[""防控"", ""防空""]"
2,699,fang she,2,"[""房舍"", ""放射""]"
2,700,fang song,2,"[""放松"", ""放送""]"
2,701,fang wu,2,"[""房屋"", ""防务""]"
2,702,fang xiang,2,"[""方向"", ""芳香""]"
2,703,fang zhen,2,"[""方针"", ""方阵""]"
2,704,fei chu,2,"[""废除"", ""废黜""]"
2,705,fei di nan,2,"[""斐迪南"", ""费迪南""]"
2,706,fei er,2,"[""菲尔"", ""费尔""]"
2,707,fei er de,2,"[""菲尔德"", ""费尔德""]"
2,708,fei fan,2,"[""废藩"", ""非凡""]"
2,709,fei ji,2,"[""斐济"", ""飞机""]"
2,710,fei la,2,"[""菲拉"", ""费拉""]"
2,711,fei li ke si,2,"[""菲利克斯"", ""费利克斯""]"
2,712,fei li pu,2,"[""菲利普"", ""菲利浦""]"
2,713,fei liao,2,"[""废料"", ""肥料""]"
2,714,fei lun,2,"[""费伦"", ""飞轮""]"
2,715,fei qi,2,"[""废弃"", ""废气""]"
2,716,fei te,2,"[""腓特"", ""菲特""]"
2,717,fei tuo,2,"[""吠陀"", ""飞驒""]"
2,718,fei xiang,2,"[""费翔"", ""飞翔""]"
2,719,fei yi,2,"[""非裔"", ""非议""]"
2,720,fei yue,2,"[""飞越"", ""飞跃""]"
2,721,fen bian,2,"[""分辨"", ""粪便""]"
2,722,fen bie you,2,"[""分别有"", ""分别由""]"
2,723,fen bie yu,2,"[""分别与"", ""分别于""]"
2,724,fen bu,2,"[""分布"", ""分部""]"
2,725,fen chang,2,"[""分厂"", ""坟场""]"
2,726,fen de,2,"[""份的"", ""分的""]"
2,727,fen ge,2,"[""分割"", ""分隔""]"
2,728,fen guan,2,"[""分管"", ""分馆""]"
2,729,fen hua,2,"[""分化"", ""焚化""]"
2,730,fen hui,2,"[""分会"", ""焚毁""]"
2,731,fen jie,2,"[""分界"", ""分解""]"
2,732,fen ju,2,"[""分局"", ""分居""]"
2,733,fen kai,2,"[""分开"", ""愤慨""]"
2,734,fen liang,2,"[""分两"", ""分量""]"
2,735,fen she,2,"[""分社"", ""分设""]"
2,736,fen shou,2,"[""分守"", ""分手""]"
2,737,fen shu,2,"[""分属"", ""分数""]"
2,738,fen xiao,2,"[""分校"", ""分销""]"
2,739,fen zhan,2,"[""分站"", ""奋战""]"
2,740,fen zi,2,"[""份子"", ""分子""]"
2,741,feng hou,2,"[""丰厚"", ""丰后""]"
2,742,feng hua,2,"[""奉化"", ""风化""]"
2,743,feng li,2,"[""凤梨"", ""风力""]"
2,744,feng mi,2,"[""蜂蜜"", ""风靡""]"
2,745,feng ming,2,"[""凤鸣"", ""奉命""]"
2,746,feng su,2,"[""风俗"", ""风速""]"
2,747,feng tian,2,"[""丰田"", ""奉天""]"
2,748,feng xi,2,"[""奉系"", ""缝隙""]"
2,749,feng xiang,2,"[""凤翔"", ""风向""]"
2,750,feng xing,2,"[""奉行"", ""风行""]"
2,751,feng zhi,2,"[""奉旨"", ""峰值""]"
2,752,fu cheng,2,"[""富城"", ""府城""]"
2,753,fu dan,2,"[""复旦"", ""负担""]"
2,754,fu dao,2,"[""福岛"", ""辅导""]"
2,755,fu di,2,"[""府邸"", ""腹地""]"
2,756,fu gong,2,"[""复工"", ""福宫""]"
2,757,fu gui,2,"[""复归"", ""富贵""]"
2,758,fu han,2,"[""富含"", ""富汗""]"
2,759,fu hao,2,"[""富豪"", ""符号""]"
2,760,fu huo,2,"[""俘获"", ""复活""]"
2,761,fu ji,2,"[""伏击"", ""弗吉""]"
2,762,fu jia,2,"[""富家"", ""附加""]"
2,763,fu jin,2,"[""福晋"", ""附近""]"
2,764,fu ke,2,"[""复刻"", ""福克""]"
2,765,fu la,2,"[""夫拉"", ""弗拉""]"
2,766,fu lang,2,"[""佛朗"", ""弗朗""]"
2,767,fu li ye,2,"[""傅立叶"", ""傅里叶""]"
2,768,fu mei,2,"[""赴美"", ""辅酶""]"
2,769,fu mian,2,"[""腹面"", ""负面""]"
2,770,fu nv,2,"[""妇女"", ""父女""]"
2,771,fu qi,2,"[""夫妻"", ""腹鳍""]"
2,772,fu ri,2,"[""孚日"", ""赴日""]"
2,773,fu shi zhang,2,"[""副市长"", ""副师长""]"
2,774,fu tian,2,"[""富田"", ""福田""]"
2,775,fu yang,2,"[""抚养"", ""阜阳""]"
2,776,fu ye,2,"[""富野"", ""弗耶""]"
2,777,fu yi,2,"[""服役"", ""辅以""]"
2,778,fu yin,2,"[""福音"", ""辅音""]"
2,779,fu yong,2,"[""服用"", ""附庸""]"
2,780,fu you de,2,"[""傅友德"", ""富有的""]"
2,781,fu yuan,2,"[""复原"", ""复员""]"
2,782,fu zai,2,"[""夫在"", ""负载""]"
2,783,fu ze ren,2,"[""负责人"", ""负责任""]"
2,784,fu zhong,2,"[""府中"", ""附中""]"
2,785,fu zi,2,"[""夫子"", ""父子""]"
2,786,fu zuo,2,"[""夫座"", ""辅佐""]"
2,787,ga li,2,"[""伽利"", ""咖喱""]"
2,788,gai bian,2,"[""改变"", ""改编""]"
2,789,gai chang,2,"[""该厂"", ""该场""]"
2,790,gai dao,2,"[""改道"", ""该岛""]"
2,791,gai fa,2,"[""改发"", ""该法""]"
2,792,gai hui,2,"[""改回"", ""该会""]"
2,793,gai jian,2,"[""改建"", ""该舰""]"
2,794,gai ju,2,"[""该剧"", ""该局""]"
2,795,gai ming,2,"[""改名"", ""该名""]"
2,796,gai nian,2,"[""概念"", ""该年""]"
2,797,gai qu,2,"[""该区"", ""该曲""]"
2,798,gai xian,2,"[""该县"", ""该线""]"
2,799,gai yi,2,"[""改以"", ""盖伊""]"
2,800,gai yuan,2,"[""改元"", ""该院""]"
2,801,gai zhi,2,"[""改制"", ""改置""]"
2,802,gai zhi wei,2,"[""改制为"", ""该职位""]"
2,803,gai zhuang,2,"[""改装"", ""该庄""]"
2,804,gai zuo,2,"[""改作"", ""该作""]"
2,805,gan de,2,"[""干的"", ""感的""]"
2,806,gan he,2,"[""干涸"", ""感和""]"
2,807,gan ying,2,"[""感应"", ""感応""]"
2,808,gan zhi,2,"[""干支"", ""感知""]"
2,809,gang bi,2,"[""港币"", ""钢笔""]"
2,810,gang qu,2,"[""岗区"", ""港区""]"
2,811,gang tie,2,"[""港铁"", ""钢铁""]"
2,812,gao chao,2,"[""高潮"", ""高超""]"
2,813,gao chu,2,"[""高出"", ""高处""]"
2,814,gao da,2,"[""高大"", ""高达""]"
2,815,gao de,2,"[""高德"", ""高的""]"
2,816,gao deng,2,"[""高登"", ""高等""]"
2,817,gao di,2,"[""高低"", ""高地""]"
2,818,gao guan,2,"[""高官"", ""高管""]"
2,819,gao jia,2,"[""高价"", ""高架""]"
2,820,gao jie,2,"[""告诫"", ""高阶""]"
2,821,gao li,2,"[""高丽"", ""高利""]"
2,822,gao song,2,"[""高松"", ""高耸""]"
2,823,gao su,2,"[""告诉"", ""高速""]"
2,824,gao su ta,2,"[""告诉他"", ""告诉她""]"
2,825,gao yang,2,"[""高扬"", ""高阳""]"
2,826,gao yue,2,"[""皋月"", ""高约""]"
2,827,gao zhong,2,"[""告终"", ""高中""]"
2,828,ge bi,2,"[""戈壁"", ""隔壁""]"
2,829,ge chu,2,"[""各处"", ""革除""]"
2,830,ge dou,2,"[""格斗"", ""隔都""]"
2,831,ge lai,2,"[""格莱"", ""葛莱""]"
2,832,ge lai mei jiang,2,"[""格莱美奖"", ""葛莱美奖""]"
2,833,ge lao,2,"[""仡佬"", ""格劳""]"
2,834,ge lei ge,2,"[""格雷戈"", ""格雷格""]"
2,835,ge lu,2,"[""各路"", ""格鲁""]"
2,836,ge lun,2,"[""哥伦"", ""格伦""]"
2,837,ge luo de,2,"[""哥罗德"", ""格罗德""]"
2,838,ge qu,2,"[""各区"", ""歌曲""]"
2,839,ge sheng,2,"[""各省"", ""歌声""]"
2,840,ge shi,2,"[""各式"", ""格式""]"
2,841,ge si,2,"[""戈斯"", ""格斯""]"
2,842,ge si da li jia,2,"[""哥斯大黎加"", ""哥斯达黎加""]"
2,843,ge wei,2,"[""各位"", ""格为""]"
2,844,ge xing,2,"[""个性"", ""歌星""]"
2,845,ge yi,2,"[""各一"", ""各异""]"
2,846,ge zhi,2,"[""搁置"", ""革职""]"
2,847,ge zi,2,"[""各自"", ""格子""]"
2,848,gei ta,2,"[""给他"", ""给她""]"
2,849,geng di,2,"[""更低"", ""耕地""]"
2,850,geng jia,2,"[""更佳"", ""更加""]"
2,851,geng shi,2,"[""更始"", ""更是""]"
2,852,gong bu,2,"[""公布"", ""工部""]"
2,853,gong chang,2,"[""工厂"", ""工场""]"
2,854,gong chu,2,"[""供出"", ""共处""]"
2,855,gong de,2,"[""功德"", ""宫的""]"
2,856,gong dian,2,"[""供电"", ""宫殿""]"
2,857,gong fang,2,"[""公方"", ""攻防""]"
2,858,gong fen,2,"[""公分"", ""共分""]"
2,859,gong gu,2,"[""宫古"", ""巩固""]"
2,860,gong guan,2,"[""公关"", ""公馆""]"
2,861,gong hui,2,"[""公会"", ""工会""]"
2,862,gong jia,2,"[""公家"", ""共价""]"
2,863,gong jiao,2,"[""公交"", ""公教""]"
2,864,gong jin,2,"[""公斤"", ""共进""]"
2,865,gong ju,2,"[""共聚"", ""工具""]"
2,866,gong miao,2,"[""公庙"", ""宫庙""]"
2,867,gong ming,2,"[""公明"", ""共鸣""]"
2,868,gong qi,2,"[""宫崎"", ""工期""]"
2,869,gong qing,2,"[""公卿"", ""公顷""]"
2,870,gong ren,2,"[""公认"", ""工人""]"
2,871,gong ren de,2,"[""公认的"", ""工人的""]"
2,872,gong she,2,"[""公社"", ""共设""]"
2,873,gong si,2,"[""公司"", ""公私""]"
2,874,gong tong,2,"[""共同"", ""共通""]"
2,875,gong xia,2,"[""共辖"", ""攻下""]"
2,876,gong xiao,2,"[""供销"", ""功效""]"
2,877,gong xue,2,"[""公学"", ""工学""]"
2,878,gong you,2,"[""公有"", ""共有""]"
2,879,gong yu,2,"[""公寓"", ""共与""]"
2,880,gong zhong,2,"[""公众"", ""宫中""]"
2,881,gong zi,2,"[""公子"", ""工资""]"
2,882,gou de,2,"[""狗的"", ""购得""]"
2,883,gou jian,2,"[""构件"", ""构建""]"
2,884,gu chuan,2,"[""古川"", ""谷川""]"
2,885,gu ding,2,"[""古丁"", ""固定""]"
2,886,gu fen,2,"[""古坟"", ""股份""]"
2,887,gu ge,2,"[""谷歌"", ""骨骼""]"
2,888,gu gu,2,"[""姑姑"", ""股骨""]"
2,889,gu ming,2,"[""故名"", ""顾名""]"
2,890,gu shou,2,"[""固守"", ""鼓手""]"
2,891,gu wen,2,"[""古文"", ""顾问""]"
2,892,gu yong,2,"[""雇佣"", ""雇用""]"
2,893,gu you,2,"[""固有"", ""故有""]"
2,894,gu zhang,2,"[""故障"", ""鼓掌""]"
2,895,gu zhi,2,"[""估值"", ""骨质""]"
2,896,gua zai,2,"[""挂在"", ""挂载""]"
2,897,guan dao,2,"[""关岛"", ""管道""]"
2,898,guan di,2,"[""关帝"", ""官邸""]"
2,899,guan fang,2,"[""官房"", ""官方""]"
2,900,guan hua,2,"[""冠华"", ""官话""]"
2,901,guan jie,2,"[""关节"", ""官阶""]"
2,902,guan jun,2,"[""冠军"", ""官军""]"
2,903,guan lian,2,"[""关联"", ""关连""]"
2,904,guan shang,2,"[""冠上"", ""观赏""]"
2,905,guan shu,2,"[""官署"", ""灌输""]"
2,906,guan tou,2,"[""关头"", ""罐头""]"
2,907,guan xi,2,"[""关系"", ""关西""]"
2,908,guan xian,2,"[""管弦"", ""管线""]"
2,909,guan yu,2,"[""关于"", ""关羽""]"
2,910,guan zhuang,2,"[""冠状"", ""管状""]"
2,911,guang da,2,"[""光大"", ""广大""]"
2,912,guang dian,2,"[""光电"", ""广电""]"
2,913,guang gu,2,"[""光谷"", ""光顾""]"
2,914,guang hua,2,"[""光华"", ""光滑""]"
2,915,guang xian,2,"[""光纤"", ""光线""]"
2,916,guang yuan,2,"[""光源"", ""广元""]"
2,917,guang zhou,2,"[""光州"", ""广州""]"
2,918,gui de,2,"[""归德"", ""贵的""]"
2,919,gui guan,2,"[""桂冠"", ""规管""]"
2,920,gui ji,2,"[""诡计"", ""轨迹""]"
2,921,gui ju,2,"[""规矩"", ""轨距""]"
2,922,gui li,2,"[""归里"", ""规例""]"
2,923,gui ren,2,"[""归仁"", ""贵人""]"
2,924,gui wei,2,"[""归为"", ""癸未""]"
2,925,gui xiang,2,"[""归乡"", ""归降""]"
2,926,gui yi,2,"[""皈依"", ""诡异""]"
2,927,gui yu,2,"[""归于"", ""轨域""]"
2,928,gui zhen,2,"[""晷针"", ""鬼镇""]"
2,929,guo da,2,"[""国大"", ""过大""]"
2,930,guo de,2,"[""国的"", ""过的""]"
2,931,guo feng,2,"[""国锋"", ""郭峰""]"
2,932,guo gong,2,"[""国公"", ""国共""]"
2,933,guo hua,2,"[""国华"", ""国画""]"
2,934,guo hui,2,"[""国会"", ""国徽""]"
2,935,guo jiao,2,"[""国教"", ""国脚""]"
2,936,guo jun,2,"[""国军"", ""国君""]"
2,937,guo li,2,"[""国力"", ""国立""]"
2,938,guo lu,2,"[""过路"", ""锅炉""]"
2,939,guo min,2,"[""国民"", ""过敏""]"
2,940,guo ren,2,"[""国人"", ""过人""]"
2,941,guo shu,2,"[""国书"", ""果树""]"
2,942,guo wang,2,"[""国王"", ""过往""]"
2,943,guo ying,2,"[""国营"", ""果蝇""]"
2,944,guo zhi,2,"[""国之"", ""果汁""]"
2,945,guo zhong,2,"[""国中"", ""过重""]"
2,946,ha lei,2,"[""哈勒"", ""哈雷""]"
2,947,ha li,2,"[""哈利"", ""哈里""]"
2,948,hai bao,2,"[""海报"", ""海豹""]"
2,949,hai de,2,"[""海德"", ""海的""]"
2,950,hai di,2,"[""海地"", ""海底""]"
2,951,hai feng,2,"[""海丰"", ""海峰""]"
2,952,hai ke,2,"[""还可"", ""骇客""]"
2,953,hai lu,2,"[""海路"", ""海陆""]"
2,954,hai mian,2,"[""海绵"", ""海面""]"
2,955,hai shen,2,"[""海参"", ""海神""]"
2,956,hai wei,2,"[""还为"", ""还未""]"
2,957,hai xian,2,"[""海县"", ""海鲜""]"
2,958,hai yu,2,"[""海域"", ""还与""]"
2,959,han dan,2,"[""含氮"", ""邯郸""]"
2,960,han guo,2,"[""汗国"", ""韩国""]"
2,961,han guo de,2,"[""汗国的"", ""韩国的""]"
2,962,han jian,2,"[""罕见"", ""韩建""]"
2,963,han mi er dun,2,"[""汉密尔顿"", ""汉米尔顿""]"
2,964,han mu,2,"[""汉墓"", ""汉姆""]"
2,965,han shu,2,"[""函数"", ""汉书""]"
2,966,han wen,2,"[""汉文"", ""韩文""]"
2,967,han yu,2,"[""汉语"", ""韩语""]"
2,968,han zi,2,"[""函子"", ""汉字""]"
2,969,hang dao,2,"[""航道"", ""行道""]"
2,970,hao de,2,"[""号的"", ""好的""]"
2,971,hao ji,2,"[""号及"", ""好几""]"
2,972,hao ke,2,"[""毫克"", ""浩克""]"
2,973,he an,2,"[""和安"", ""河岸""]"
2,974,he bu,2,"[""和不"", ""和布""]"
2,975,he cheng,2,"[""合成"", ""合称""]"
2,976,he da,2,"[""和大"", ""和达""]"
2,977,he deng,2,"[""和等"", ""河等""]"
2,978,he di,2,"[""和低"", ""和第""]"
2,979,he dong,2,"[""和东"", ""河东""]"
2,980,he er,2,"[""和二"", ""赫尔""]"
2,981,he fa,2,"[""合法"", ""核发""]"
2,982,he fei,2,"[""合肥"", ""和非""]"
2,983,he fu,2,"[""和富"", ""和服""]"
2,984,he ge,2,"[""合格"", ""和歌""]"
2,985,he he,2,"[""合和"", ""河和""]"
2,986,he hong,2,"[""何鸿"", ""和红""]"
2,987,he hua,2,"[""和华"", ""荷花""]"
2,988,he ke,2,"[""和可"", ""和科""]"
2,989,he la,2,"[""和拉"", ""赫拉""]"
2,990,he lu,2,"[""和路"", ""赫鲁""]"
2,991,he luo,2,"[""和罗"", ""赫罗""]"
2,992,he ma,2,"[""和马"", ""荷马""]"
2,993,he mei,2,"[""和梅"", ""和美""]"
2,994,he nan,2,"[""和南"", ""河南""]"
2,995,he nei,2,"[""和内"", ""河内""]"
2,996,he qi,2,"[""和其"", ""贺齐""]"
2,997,he qi ta,2,"[""和其他"", ""和其它""]"
2,998,he sheng,2,"[""和圣"", ""和声""]"
2,999,he shu,2,"[""合署"", ""荷属""]"
2,1000,he shui,2,"[""和水"", ""河水""]"
2,1001,he ta de,2,"[""和他的"", ""和她的""]"
2,1002,he tong,2,"[""合同"", ""和铜""]"
2,1003,he xin,2,"[""和新"", ""核心""]"
2,1004,he yu,2,"[""和与"", ""河与""]"
2,1005,he yue,2,"[""合约"", ""和约""]"
2,1006,he zai,2,"[""和在"", ""荷载""]"
2,1007,he zhong guo,2,"[""合众国"", ""和中国""]"
2,1008,heng liang,2,"[""横梁"", ""衡量""]"
2,1009,heng shan,2,"[""横山"", ""衡山""]"
2,1010,heng xing,2,"[""恒星"", ""横行""]"
2,1011,hong dou la si,2,"[""宏都拉斯"", ""洪都拉斯""]"
2,1012,hong jun,2,"[""红军"", ""鸿钧""]"
2,1013,hong shi,2,"[""红石"", ""薨逝""]"
2,1014,hong yi,2,"[""弘益"", ""红衣""]"
2,1015,hou bei,2,"[""后备"", ""后被""]"
2,1016,hou bu,2,"[""候补"", ""后部""]"
2,1017,hou che,2,"[""候车"", ""后撤""]"
2,1018,hou de,2,"[""厚的"", ""后的""]"
2,1019,hou duan,2,"[""后段"", ""后端""]"
2,1020,hou hui,2,"[""后会"", ""后悔""]"
2,1021,hou jin,2,"[""后晋"", ""后金""]"
2,1022,hou jing,2,"[""侯景"", ""后经""]"
2,1023,hou lai you,2,"[""后来又"", ""后来由""]"
2,1024,hou qin,2,"[""后勤"", ""后秦""]"
2,1025,hou ren,2,"[""后人"", ""后任""]"
2,1026,hou wei,2,"[""后为"", ""后卫""]"
2,1027,hou yin,2,"[""后因"", ""喉音""]"
2,1028,hou yu,2,"[""后与"", ""后于""]"
2,1029,hou zai,2,"[""后再"", ""后在""]"
2,1030,hu de,2,"[""湖的"", ""胡德""]"
2,1031,hu he,2,"[""呼和"", ""湖和""]"
2,1032,hu huan,2,"[""互换"", ""呼唤""]"
2,1033,hu ji,2,"[""户籍"", ""护级""]"
2,1034,hu jiao,2,"[""呼叫"", ""胡椒""]"
2,1035,hu kou,2,"[""户口"", ""湖口""]"
2,1036,hu li,2,"[""护理"", ""狐狸""]"
2,1037,hu po,2,"[""湖泊"", ""琥珀""]"
2,1038,hu sheng,2,"[""互生"", ""呼声""]"
2,1039,hu tong,2,"[""互通"", ""胡同""]"
2,1040,hu xiang,2,"[""互相"", ""湖乡""]"
2,1041,hua ban,2,"[""滑板"", ""花瓣""]"
2,1042,hua chu,2,"[""划出"", ""画出""]"
2,1043,hua dong,2,"[""华东"", ""滑动""]"
2,1044,hua er,2,"[""华尔"", ""花儿""]"
2,1045,hua fei,2,"[""化肥"", ""花费""]"
2,1046,hua fen,2,"[""划分"", ""花粉""]"
2,1047,hua gang,2,"[""花冈"", ""花岗""]"
2,1048,hua gong,2,"[""化工"", ""华工""]"
2,1049,hua qi,2,"[""花旗"", ""花期""]"
2,1050,hua shan,2,"[""华山"", ""花山""]"
2,1051,hua ting,2,"[""划艇"", ""华亭""]"
2,1052,hua wen,2,"[""华文"", ""花纹""]"
2,1053,hua xiang,2,"[""滑翔"", ""画像""]"
2,1054,hua xu,2,"[""花序"", ""花絮""]"
2,1055,hua xue,2,"[""化学"", ""滑雪""]"
2,1056,hua yang,2,"[""华阳"", ""花样""]"
2,1057,hua zhong,2,"[""华中"", ""画中""]"
2,1058,hua zi,2,"[""华兹"", ""花子""]"
2,1059,huan bing,2,"[""患病"", ""环丙""]"
2,1060,huan ji,2,"[""环己"", ""还击""]"
2,1061,huan jie,2,"[""环节"", ""缓解""]"
2,1062,huan shang,2,"[""患上"", ""换上""]"
2,1063,huan xian,2,"[""湖岸线"", ""环线""]"
2,1064,huan xiang,2,"[""幻想"", ""还乡""]"
2,1065,huan ying,2,"[""幻影"", ""欢迎""]"
2,1066,huan zhuang,2,"[""换装"", ""环状""]"
2,1067,huang chao,2,"[""皇朝"", ""黄巢""]"
2,1068,huang cheng,2,"[""皇城"", ""谎称""]"
2,1069,huang guan,2,"[""皇冠"", ""簧管""]"
2,1070,huang jia,2,"[""皇家"", ""黄家""]"
2,1071,huang tong,2,"[""黄酮"", ""黄铜""]"
2,1072,huang wei,2,"[""皇位"", ""黄伟""]"
2,1073,huang zi,2,"[""皇子"", ""黄自""]"
2,1074,hui bao,2,"[""回报"", ""汇报""]"
2,1075,hui bi,2,"[""会比"", ""回避""]"
2,1076,hui fu,2,"[""回复"", ""恢复""]"
2,1077,hui gu,2,"[""回顾"", ""回鹘""]"
2,1078,hui hua,2,"[""会话"", ""绘画""]"
2,1079,hui lang,2,"[""回廊"", ""灰狼""]"
2,1080,hui liu,2,"[""回流"", ""汇流""]"
2,1081,hui lu,2,"[""回路"", ""贿赂""]"
2,1082,hui min,2,"[""回民"", ""惠民""]"
2,1083,hui ru,2,"[""汇入"", ""绘入""]"
2,1084,hui sheng,2,"[""回升"", ""回声""]"
2,1085,hui wu,2,"[""会晤"", ""挥舞""]"
2,1086,hui xuan,2,"[""回旋"", ""贿选""]"
2,1087,hui yan,2,"[""汇演"", ""灰岩""]"
2,1088,hui zhan,2,"[""会展"", ""会战""]"
2,1089,hui zhang,2,"[""会长"", ""徽章""]"
2,1090,hui zhou,2,"[""徽州"", ""惠州""]"
2,1091,hui zong,2,"[""徽宗"", ""汇总""]"
2,1092,hun yin,2,"[""婚姻"", ""混音""]"
2,1093,huo che,2,"[""火车"", ""货车""]"
2,1094,huo jiang,2,"[""或将"", ""获奖""]"
2,1095,huo pao,2,"[""火炮"", ""火砲""]"
2,1096,huo qi ta,2,"[""或其他"", ""或其它""]"
2,1097,huo shao,2,"[""或少"", ""火烧""]"
2,1098,huo wu,2,"[""或无"", ""货物""]"
2,1099,huo xing,2,"[""活性"", ""火星""]"
2,1100,huo yao,2,"[""火药"", ""获邀""]"
2,1101,huo you,2,"[""或有"", ""或由""]"
2,1102,huo zhe,2,"[""或者"", ""活着""]"
2,1103,ji bei,2,"[""即被"", ""及北""]"
2,1104,ji chen,2,"[""击沉"", ""及陈""]"
2,1105,ji da,2,"[""及大"", ""极大""]"
2,1106,ji dui,2,"[""及对"", ""机队""]"
2,1107,ji fei,2,"[""及非"", ""计费""]"
2,1108,ji fen,2,"[""积分"", ""计分""]"
2,1109,ji feng,2,"[""季风"", ""讥讽""]"
2,1110,ji ge,2,"[""几个"", ""及各""]"
2,1111,ji guan,2,"[""机关"", ""籍贯""]"
2,1112,ji jie,2,"[""季节"", ""集结""]"
2,1113,ji jing,2,"[""几经"", ""寂静""]"
2,1114,ji jiu,2,"[""急救"", ""祭酒""]"
2,1115,ji lei,2,"[""吉勒"", ""积累""]"
2,1116,ji liang,2,"[""剂量"", ""计量""]"
2,1117,ji lu de,2,"[""纪录的"", ""记录的""]"
2,1118,ji luo,2,"[""击落"", ""基罗""]"
2,1119,ji lv,2,"[""机率"", ""纪律""]"
2,1120,ji ming,2,"[""几名"", ""记名""]"
2,1121,ji mo,2,"[""季末"", ""寂寞""]"
2,1122,ji mu,2,"[""吉姆"", ""继母""]"
2,1123,ji nei ya,2,"[""几内亚"", ""畿内亚""]"
2,1124,ji neng,2,"[""技能"", ""机能""]"
2,1125,ji qi ta,2,"[""及其他"", ""及其它""]"
2,1126,ji qian,2,"[""及前"", ""季前""]"
2,1127,ji qiang,2,"[""机枪"", ""极强""]"
2,1128,ji rou,2,"[""肌肉"", ""鸡肉""]"
2,1129,ji tai,2,"[""畸胎"", ""祭台""]"
2,1130,ji ti,2,"[""机体"", ""集体""]"
2,1131,ji tian,2,"[""几天"", ""吉田""]"
2,1132,ji tuan,2,"[""基团"", ""集团""]"
2,1133,ji wei hou,2,"[""即位后"", ""继位后""]"
2,1134,ji xu,2,"[""急需"", ""继续""]"
2,1135,ji yi shang,2,"[""及以上"", ""级以上""]"
2,1136,ji yuan,2,"[""妓院"", ""纪元""]"
2,1137,ji zu,2,"[""机组"", ""祭祖""]"
2,1138,jia ban,2,"[""假扮"", ""甲板""]"
2,1139,jia bao,2,"[""家宝"", ""家暴""]"
2,1140,jia chen,2,"[""家臣"", ""甲辰""]"
2,1141,jia da,2,"[""加大"", ""加达""]"
2,1142,jia ding,2,"[""假定"", ""嘉定""]"
2,1143,jia ge,2,"[""价格"", ""加哥""]"
2,1144,jia gu,2,"[""加固"", ""甲骨""]"
2,1145,jia jing,2,"[""嘉靖"", ""家境""]"
2,1146,jia la,2,"[""加拉"", ""贾拉""]"
2,1147,jia lai,2,"[""加来"", ""加莱""]"
2,1148,jia lei,2,"[""加勒"", ""迦勒""]"
2,1149,jia long,2,"[""加龙"", ""甲龙""]"
2,1150,jia mi,2,"[""加密"", ""加米""]"
2,1151,jia mian,2,"[""假面"", ""加冕""]"
2,1152,jia quan,2,"[""加权"", ""甲醛""]"
2,1153,jia ren,2,"[""佳人"", ""家人""]"
2,1154,jia ru,2,"[""假如"", ""加入""]"
2,1155,jia shang,2,"[""加上"", ""架上""]"
2,1156,jia shen,2,"[""加深"", ""甲申""]"
2,1157,jia si,2,"[""加斯"", ""贾斯""]"
2,1158,jia tai,2,"[""加泰"", ""迦太""]"
2,1159,jia wan,2,"[""家湾"", ""甲烷""]"
2,1160,jia wu,2,"[""家务"", ""甲午""]"
2,1161,jia yi,2,"[""加以"", ""嘉义""]"
2,1162,jia yong,2,"[""加永"", ""家用""]"
2,1163,jia zai,2,"[""加载"", ""家在""]"
2,1164,jia zhang,2,"[""加长"", ""家长""]"
2,1165,jia zhong,2,"[""加重"", ""家中""]"
2,1166,jia zi,2,"[""加兹"", ""甲子""]"
2,1167,jia zu,2,"[""家族"", ""甲组""]"
2,1168,jian an,2,"[""嘉南"", ""建安""]"
2,1169,jian ce,2,"[""检测"", ""监测""]"
2,1170,jian cha yuan,2,"[""检察院"", ""监察院""]"
2,1171,jian dao,2,"[""剪刀"", ""见到""]"
2,1172,jian du,2,"[""建都"", ""监督""]"
2,1173,jian gu,2,"[""兼顾"", ""坚固""]"
2,1174,jian guan,2,"[""兼管"", ""监管""]"
2,1175,jian hua,2,"[""建华"", ""简化""]"
2,1176,jian jiao,2,"[""尖叫"", ""建交""]"
2,1177,jian jun,2,"[""建军"", ""监军""]"
2,1178,jian kang,2,"[""健康"", ""建康""]"
2,1179,jian kong,2,"[""检控"", ""监控""]"
2,1180,jian mian,2,"[""减免"", ""见面""]"
2,1181,jian piao kou,2,"[""剪票口"", ""检票口""]"
2,1182,jian qiao,2,"[""剑桥"", ""舰桥""]"
2,1183,jian qu,2,"[""减去"", ""渐趋""]"
2,1184,jian ren,2,"[""兼任"", ""坚韧""]"
2,1185,jian shou,2,"[""坚守"", ""舰艏""]"
2,1186,jian ta,2,"[""尖塔"", ""践踏""]"
2,1187,jian ting,2,"[""监听"", ""舰艇""]"
2,1188,jian wei,2,"[""监委"", ""间为""]"
2,1189,jian wu,2,"[""建武"", ""建物""]"
2,1190,jian xi,2,"[""见习"", ""间隙""]"
2,1191,jian xie,2,"[""简写"", ""间歇""]"
2,1192,jian xin,2,"[""坚信"", ""艰辛""]"
2,1193,jian xiu,2,"[""检修"", ""监修""]"
2,1194,jian ying,2,"[""坚硬"", ""建英""]"
2,1195,jian yue,2,"[""检阅"", ""简约""]"
2,1196,jiang dao,2,"[""讲道"", ""降到""]"
2,1197,jiang he,2,"[""奖和"", ""江和""]"
2,1198,jiang hu,2,"[""江户"", ""江湖""]"
2,1199,jiang hua,2,"[""江华"", ""讲话""]"
2,1200,jiang ji,2,"[""奖及"", ""降级""]"
2,1201,jiang jie,2,"[""讲解"", ""降解""]"
2,1202,jiang qi,2,"[""将其"", ""将棋""]"
2,1203,jiang ta men,2,"[""将他们"", ""将它们""]"
2,1204,jiang wei,2,"[""将为"", ""降为""]"
2,1205,jiang xi,2,"[""江西"", ""讲习""]"
2,1206,jiang xue,2,"[""讲学"", ""降雪""]"
2,1207,jiang yuan,2,"[""将原"", ""江原""]"
2,1208,jiang zhe,2,"[""将这"", ""江浙""]"
2,1209,jiao cha,2,"[""交叉"", ""较差""]"
2,1210,jiao chu,2,"[""交出"", ""缴出""]"
2,1211,jiao da,2,"[""交大"", ""较大""]"
2,1212,jiao dao,2,"[""交道"", ""教导""]"
2,1213,jiao de,2,"[""教的"", ""角的""]"
2,1214,jiao dian,2,"[""交点"", ""焦点""]"
2,1215,jiao hao,2,"[""交好"", ""较好""]"
2,1216,jiao huan,2,"[""交换"", ""交还""]"
2,1217,jiao huo,2,"[""交火"", ""缴获""]"
2,1218,jiao ji,2,"[""交际"", ""交集""]"
2,1219,jiao jia,2,"[""脚架"", ""较佳""]"
2,1220,jiao jie,2,"[""交接"", ""交界""]"
2,1221,jiao qing,2,"[""交情"", ""较轻""]"
2,1222,jiao qu,2,"[""教区"", ""郊区""]"
2,1223,jiao qu de,2,"[""教区的"", ""郊区的""]"
2,1224,jiao sheng,2,"[""叫声"", ""教省""]"
2,1225,jiao shou,2,"[""交手"", ""教授""]"
2,1226,jiao suo,2,"[""交所"", ""教唆""]"
2,1227,jiao wei,2,"[""教委"", ""较为""]"
2,1228,jiao wu,2,"[""交恶"", ""教务""]"
2,1229,jiao xing,2,"[""侥幸"", ""绞刑""]"
2,1230,jiao you,2,"[""交由"", ""教友""]"
2,1231,jiao yuan,2,"[""教员"", ""较远""]"
2,1232,jiao zheng,2,"[""校正"", ""矫正""]"
2,1233,jie bei,2,"[""戒备"", ""皆被""]"
2,1234,jie cheng,2,"[""结城"", ""结成""]"
2,1235,jie ci,2,"[""借此"", ""借词""]"
2,1236,jie dai,2,"[""借贷"", ""接待""]"
2,1237,jie di,2,"[""结缔"", ""阶地""]"
2,1238,jie dian,2,"[""介电"", ""节点""]"
2,1239,jie er,2,"[""捷尔"", ""杰尔""]"
2,1240,jie fang,2,"[""街坊"", ""解放""]"
2,1241,jie fu,2,"[""杰佛"", ""杰夫""]"
2,1242,jie gou yu,2,"[""结构与"", ""结构域""]"
2,1243,jie guo,2,"[""接过"", ""结果""]"
2,1244,jie jian,2,"[""借鉴"", ""接见""]"
2,1245,jie jiao,2,"[""截角"", ""结交""]"
2,1246,jie jing,2,"[""洁净"", ""结晶""]"
2,1247,jie kai,2,"[""揭开"", ""解开""]"
2,1248,jie lun,2,"[""杰伦"", ""结论""]"
2,1249,jie mu,2,"[""揭幕"", ""节目""]"
2,1250,jie ru,2,"[""介入"", ""接入""]"
2,1251,jie shou le,2,"[""接受了"", ""接收了""]"
2,1252,jie xi,2,"[""杰西"", ""解析""]"
2,1253,jie yan,2,"[""戒严"", ""接演""]"
2,1254,jie yu,2,"[""介于"", ""街与""]"
2,1255,jie yue,2,"[""节约"", ""解约""]"
2,1256,jie zai,2,"[""接载"", ""皆在""]"
2,1257,jie zhu,2,"[""借助"", ""接著""]"
2,1258,jie zuo,2,"[""杰作"", ""解作""]"
2,1259,jin bao,2,"[""劲爆"", ""金宝""]"
2,1260,jin bi,2,"[""进逼"", ""金币""]"
2,1261,jin chao,2,"[""晋朝"", ""金朝""]"
2,1262,jin chuan,2,"[""今川"", ""金川""]"
2,1263,jin fa,2,"[""进发"", ""金发""]"
2,1264,jin feng,2,"[""晋封"", ""进封""]"
2,1265,jin guo,2,"[""晋国"", ""金国""]"
2,1266,jin hua,2,"[""进化"", ""金华""]"
2,1267,jin hui,2,"[""浸会"", ""进会""]"
2,1268,jin jie,2,"[""紧接"", ""进阶""]"
2,1269,jin jin,2,"[""仅仅"", ""紧紧""]"
2,1270,jin lai,2,"[""近来"", ""进来""]"
2,1271,jin ling,2,"[""禁令"", ""金陵""]"
2,1272,jin nian,2,"[""今年"", ""近年""]"
2,1273,jin qi,2,"[""近期"", ""进气""]"
2,1274,jin qiu,2,"[""进球"", ""金球""]"
2,1275,jin shan xi,2,"[""今山西"", ""今陕西""]"
2,1276,jin shan xi sheng,2,"[""今山西省"", ""今陕西省""]"
2,1277,jin sheng,2,"[""仅剩"", ""晋升""]"
2,1278,jin shu,2,"[""今属"", ""金属""]"
2,1279,jin tian,2,"[""今天"", ""金田""]"
2,1280,jin tie,2,"[""津贴"", ""紧贴""]"
2,1281,jin xiang,2,"[""进香"", ""金像""]"
2,1282,jin xing,2,"[""进行"", ""金星""]"
2,1283,jin xiu,2,"[""进修"", ""金秀""]"
2,1284,jin yan,2,"[""禁烟"", ""进言""]"
2,1285,jin yao,2,"[""禁药"", ""紧要""]"
2,1286,jin yi,2,"[""仅以"", ""锦衣""]"
2,1287,jin yin,2,"[""金印"", ""金银""]"
2,1288,jin ying,2,"[""金莺"", ""金鹰""]"
2,1289,jin you,2,"[""仅有"", ""仅由""]"
2,1290,jin yu,2,"[""仅余"", ""金鱼""]"
2,1291,jin yuan,2,"[""禁苑"", ""近缘""]"
2,1292,jin zi,2,"[""金子"", ""金字""]"
2,1293,jing bao,2,"[""警报"", ""镜报""]"
2,1294,jing di,2,"[""境地"", ""景帝""]"
2,1295,jing dian,2,"[""景点"", ""经典""]"
2,1296,jing gong,2,"[""景公"", ""精工""]"
2,1297,jing guan,2,"[""景观"", ""警官""]"
2,1298,jing hua,2,"[""净化"", ""精华""]"
2,1299,jing jie,2,"[""境界"", ""警戒""]"
2,1300,jing jin,2,"[""京津"", ""精进""]"
2,1301,jing ju,2,"[""京剧"", ""警局""]"
2,1302,jing qi,2,"[""惊奇"", ""景气""]"
2,1303,jing qu,2,"[""京区"", ""景区""]"
2,1304,jing shang,2,"[""井上"", ""经商""]"
2,1305,jing shu,2,"[""经书"", ""警署""]"
2,1306,jing tai,2,"[""景泰"", ""静态""]"
2,1307,jing tan,2,"[""惊叹"", ""警探""]"
2,1308,jing ti,2,"[""晶体"", ""警惕""]"
2,1309,jing xuan,2,"[""竞选"", ""精选""]"
2,1310,jing yan,2,"[""竞演"", ""经验""]"
2,1311,jing you,2,"[""精油"", ""经由""]"
2,1312,jing yu,2,"[""精于"", ""鲸鱼""]"
2,1313,jing yuan,2,"[""晶圆"", ""警员""]"
2,1314,jing zheng,2,"[""竞争"", ""警政""]"
2,1315,jing zhi,2,"[""精致"", ""静止""]"
2,1316,jing zhu,2,"[""竞逐"", ""经注""]"
2,1317,jing zi,2,"[""精子"", ""镜子""]"
2,1318,jiu dian,2,"[""九点"", ""酒店""]"
2,1319,jiu hui,2,"[""就会"", ""救回""]"
2,1320,jiu jiang,2,"[""九江"", ""就将""]"
2,1321,jiu ming,2,"[""九名"", ""旧名""]"
2,1322,jiu qi,2,"[""九七"", ""救起""]"
2,1323,jiu ren,2,"[""九人"", ""就任""]"
2,1324,jiu shu,2,"[""救赎"", ""旧属""]"
2,1325,jiu xing,2,"[""九姓"", ""旧姓""]"
2,1326,jiu you,2,"[""就有"", ""旧有""]"
2,1327,jiu yuan,2,"[""久远"", ""救援""]"
2,1328,jiu zai,2,"[""就在"", ""救灾""]"
2,1329,ju bao,2,"[""举报"", ""据报""]"
2,1330,ju bao dao,2,"[""据报导"", ""据报道""]"
2,1331,ju bu,2,"[""局部"", ""拘捕""]"
2,1332,ju cheng,2,"[""居城"", ""据称""]"
2,1333,ju chi,2,"[""菊池"", ""锯齿""]"
2,1334,ju he,2,"[""局和"", ""聚合""]"
2,1335,ju hua,2,"[""句话"", ""菊花""]"
2,1336,ju jia,2,"[""举家"", ""居家""]"
2,1337,ju jin,2,"[""拘禁"", ""距今""]"
2,1338,ju liu,2,"[""居留"", ""拘留""]"
2,1339,ju ren,2,"[""举人"", ""巨人""]"
2,1340,ju ti,2,"[""具体"", ""聚体""]"
2,1341,ju yu,2,"[""局域"", ""居于""]"
2,1342,ju zi,2,"[""句子"", ""橘子""]"
2,1343,jue ji,2,"[""绝技"", ""绝迹""]"
2,1344,jue shi,2,"[""爵士"", ""绝食""]"
2,1345,jue wu,2,"[""绝无"", ""觉悟""]"
2,1346,jue yi,2,"[""决意"", ""决议""]"
2,1347,jun bei,2,"[""军备"", ""均被""]"
2,1348,jun fa,2,"[""军法"", ""军阀""]"
2,1349,jun hui,2,"[""俊晖"", ""均会""]"
2,1350,jun ji,2,"[""军机"", ""军籍""]"
2,1351,jun jie,2,"[""俊杰"", ""军阶""]"
2,1352,jun ke,2,"[""均可"", ""菌科""]"
2,1353,jun ren,2,"[""军人"", ""郡人""]"
2,1354,jun shu,2,"[""均属"", ""菌属""]"
2,1355,jun wang,2,"[""君王"", ""郡王""]"
2,1356,jun wu,2,"[""军务"", ""均无""]"
2,1357,jun xian,2,"[""军衔"", ""郡县""]"
2,1358,jun xu,2,"[""军需"", ""均需""]"
2,1359,jun you,2,"[""均有"", ""均由""]"
2,1360,jun yu,2,"[""军与"", ""均与""]"
2,1361,jun zai,2,"[""军在"", ""均在""]"
2,1362,jun zhong,2,"[""军中"", ""军种""]"
2,1363,ka de,2,"[""卡德"", ""卡的""]"
2,1364,ka di,2,"[""卡蒂"", ""卡迪""]"
2,1365,ka he,2,"[""卡和"", ""卡河""]"
2,1366,ka lu,2,"[""卡卢"", ""卡鲁""]"
2,1367,ka luo,2,"[""卡洛"", ""卡罗""]"
2,1368,kai cheng,2,"[""开城"", ""开成""]"
2,1369,kai chu,2,"[""开出"", ""开除""]"
2,1370,kai fu,2,"[""开府"", ""开赴""]"
2,1371,kai guan,2,"[""开关"", ""开馆""]"
2,1372,kai jian,2,"[""开建"", ""开间""]"
2,1373,kai sa,2,"[""凯撒"", ""凯萨""]"
2,1374,kai shi yu,2,"[""开始与"", ""开始于""]"
2,1375,kai yuan,2,"[""开元"", ""开源""]"
2,1376,kai zhan,2,"[""开展"", ""开战""]"
2,1377,kan chu,2,"[""刊出"", ""看出""]"
2,1378,kan fa,2,"[""看法"", ""砍伐""]"
2,1379,kan zuo,2,"[""看作"", ""看做""]"
2,1380,kang yi,2,"[""抗疫"", ""抗议""]"
2,1381,ke da,2,"[""可达"", ""科大""]"
2,1382,ke en,2,"[""克恩"", ""科恩""]"
2,1383,ke fu si ji,2,"[""可夫斯基"", ""科夫斯基""]"
2,1384,ke guan,2,"[""可观"", ""客观""]"
2,1385,ke huo,2,"[""可获"", ""客货""]"
2,1386,ke la,2,"[""克拉"", ""科拉""]"
2,1387,ke lei zi sheng,2,"[""克勒兹省"", ""科雷兹省""]"
2,1388,ke li fu,2,"[""克利夫"", ""克里夫""]"
2,1389,ke li fu lan,2,"[""克利夫兰"", ""克里夫兰""]"
2,1390,ke li si,2,"[""克莉丝"", ""克里斯""]"
2,1391,ke li si ting,2,"[""克莉丝汀"", ""克里斯汀""]"
2,1392,ke li si tuo fu,2,"[""克里斯托夫"", ""克里斯托弗""]"
2,1393,ke lin si,2,"[""柯林斯"", ""科林斯""]"
2,1394,ke long,2,"[""克隆"", ""科隆""]"
2,1395,ke lun,2,"[""克伦"", ""客轮""]"
2,1396,ke luo yi,2,"[""克洛伊"", ""克罗伊""]"
2,1397,ke ni,2,"[""可逆"", ""科尼""]"
2,1398,ke shu,2,"[""可数"", ""棵树""]"
2,1399,ke si,2,"[""克斯"", ""科斯""]"
2,1400,ke te,2,"[""克特"", ""科特""]"
2,1401,ke wang,2,"[""可望"", ""渴望""]"
2,1402,ke xing,2,"[""可行"", ""颗星""]"
2,1403,ke xing xing,2,"[""可行性"", ""颗行星""]"
2,1404,ke yi you,2,"[""可以有"", ""可以由""]"
2,1405,ke you,2,"[""刻有"", ""可由""]"
2,1406,ke zhang,2,"[""科长"", ""课长""]"
2,1407,ke zhi,2,"[""克制"", ""可知""]"
2,1408,ke zuo,2,"[""可作"", ""客座""]"
2,1409,ke zuo wei,2,"[""可作为"", ""可做为""]"
2,1410,ke zuo wei guan shang yu,2,"[""可作为观赏鱼"", ""可做为观赏鱼""]"
2,1411,ken ding,2,"[""垦丁"", ""肯定""]"
2,1412,ken ya,2,"[""肯亚"", ""肯雅""]"
2,1413,keng,2,"[""坑"", ""铿""]"
2,1414,kong que,2,"[""孔雀"", ""空缺""]"
2,1415,kong xi,2,"[""空袭"", ""空隙""]"
2,1416,kong zhi,2,"[""控制"", ""空置""]"
2,1417,ku de,2,"[""库德"", ""库的""]"
2,1418,ku li,2,"[""库利"", ""库里""]"
2,1419,ku si,2,"[""库斯"", ""酷似""]"
2,1420,ku xing,2,"[""苦行"", ""酷刑""]"
2,1421,kua guo,2,"[""跨国"", ""跨过""]"
2,1422,la de,2,"[""拉德"", ""拉的""]"
2,1423,la ji,2,"[""垃圾"", ""拉吉""]"
2,1424,la ke,2,"[""拉克"", ""拉科""]"
2,1425,la li,2,"[""拉力"", ""拉里""]"
2,1426,la shen,2,"[""拉什"", ""拉伸""]"
2,1427,la te,2,"[""late"", ""拉特""]"
2,1428,lai shi,2,"[""来使"", ""莱士""]"
2,1429,lai si,2,"[""莱斯"", ""赖斯""]"
2,1430,lai te,2,"[""莱特"", ""赖特""]"
2,1431,lai wei,2,"[""来为"", ""莱维""]"
2,1432,lai wu,2,"[""莱坞"", ""莱芜""]"
2,1433,lai yin,2,"[""莱因"", ""莱茵""]"
2,1434,lan tian,2,"[""蓝天"", ""蓝田""]"
2,1435,lang ren,2,"[""浪人"", ""狼人""]"
2,1436,lang zhong,2,"[""郎中"", ""阆中""]"
2,1437,lao shi,2,"[""劳氏"", ""老师""]"
2,1438,lao zi,2,"[""劳资"", ""老子""]"
2,1439,le shan,2,"[""乐善"", ""乐山""]"
2,1440,le ta,2,"[""了他"", ""了她""]"
2,1441,le ta de,2,"[""了他的"", ""了她的""]"
2,1442,le yi jia,2,"[""了一家"", ""了一架""]"
2,1443,le yi zhi,2,"[""了一只"", ""了一支""]"
2,1444,le yu,2,"[""乐于"", ""了与""]"
2,1445,lei da,2,"[""垒打"", ""雷达""]"
2,1446,lei er,2,"[""勒尔"", ""雷尔""]"
2,1447,lei ke,2,"[""勒克"", ""雷克""]"
2,1448,lei mu,2,"[""勒姆"", ""雷姆""]"
2,1449,lei qu,2,"[""勒区"", ""雷区""]"
2,1450,lei si de,2,"[""勒斯的"", ""类似的""]"
2,1451,leng jing,2,"[""冷静"", ""棱镜""]"
2,1452,li bai,2,"[""李白"", ""礼拜""]"
2,1453,li bu,2,"[""吏部"", ""礼部""]"
2,1454,li bu guan zheng,2,"[""吏部观政"", ""礼部观政""]"
2,1455,li bu shang shu,2,"[""吏部尚书"", ""礼部尚书""]"
2,1456,li cha,2,"[""理察"", ""理查""]"
2,1457,li chang,2,"[""离场"", ""立场""]"
2,1458,li dun,2,"[""李敦"", ""礼顿""]"
2,1459,li er,2,"[""利尔"", ""里尔""]"
2,1460,li fang,2,"[""李芳"", ""立方""]"
2,1461,li gong,2,"[""理工"", ""立功""]"
2,1462,li guo,2,"[""李国"", ""立国""]"
2,1463,li hai,2,"[""厉害"", ""里海""]"
2,1464,li hui,2,"[""李慧"", ""理会""]"
2,1465,li jun,2,"[""丽君"", ""李俊""]"
2,1466,li mian,2,"[""立面"", ""里面""]"
2,1467,li ming,2,"[""李明"", ""黎明""]"
2,1468,li nan,2,"[""临安"", ""罹难""]"
2,1469,li nian,2,"[""历年"", ""理念""]"
2,1470,li qing,2,"[""厘清"", ""沥青""]"
2,1471,li qu,2,"[""离去"", ""里区""]"
2,1472,li ru,2,"[""例如"", ""李如""]"
2,1473,li sa,2,"[""礼萨"", ""莉萨""]"
2,1474,li shu,2,"[""隶书"", ""隶属""]"
2,1475,li te,2,"[""利特"", ""里特""]"
2,1476,li ti,2,"[""立体"", ""粒体""]"
2,1477,li wen,2,"[""利文"", ""李文""]"
2,1478,li xia,2,"[""李霞"", ""立下""]"
2,1479,li xian,2,"[""历险"", ""立宪""]"
2,1480,li xiao,2,"[""李孝"", ""李小""]"
2,1481,li xue,2,"[""力学"", ""理学""]"
2,1482,li ya si,2,"[""利亚斯"", ""里亚斯""]"
2,1483,li yong,2,"[""利用"", ""李永""]"
2,1484,li yue,2,"[""礼乐"", ""里约""]"
2,1485,li zi de,2,"[""离子的"", ""粒子的""]"
2,1486,li zu,2,"[""李祖"", ""立足""]"
2,1487,lia,2,"[""俩"", ""利阿""]"
2,1488,lian bang,2,"[""联帮"", ""联邦""]"
2,1489,lian cheng,2,"[""连城"", ""连成""]"
2,1490,lian dui,2,"[""联队"", ""连队""]"
2,1491,lian huan,2,"[""联欢"", ""连环""]"
2,1492,lian luo,2,"[""联络"", ""连络""]"
2,1493,lian na,2,"[""莉安娜"", ""莲娜""]"
2,1494,lian ren,2,"[""恋人"", ""连任""]"
2,1495,lian yun,2,"[""联运"", ""连云""]"
2,1496,liang ban,2,"[""两半"", ""两班""]"
2,1497,liang ce,2,"[""两侧"", ""量测""]"
2,1498,liang dian,2,"[""两点"", ""亮点""]"
2,1499,liang duan,2,"[""两段"", ""两端""]"
2,1500,liang fen,2,"[""两份"", ""两分""]"
2,1501,liang ge,2,"[""两个"", ""良格""]"
2,1502,liang guo,2,"[""两国"", ""梁国""]"
2,1503,liang jian,2,"[""两舰"", ""两间""]"
2,1504,liang jie,2,"[""两届"", ""谅解""]"
2,1505,liang ju,2,"[""两具"", ""两局""]"
2,1506,liang jun,2,"[""两军"", ""梁军""]"
2,1507,liang mei,2,"[""两枚"", ""梁美""]"
2,1508,liang wei,2,"[""两位"", ""量为""]"
2,1509,liang xian,2,"[""两县"", ""两线""]"
2,1510,liang xiang,2,"[""两项"", ""亮相""]"
2,1511,liang zhou,2,"[""两周"", ""凉州""]"
2,1512,liang zi,2,"[""两字"", ""量子""]"
2,1513,liao guo,2,"[""寮国"", ""辽国""]"
2,1514,liao jun,2,"[""廖俊"", ""辽军""]"
2,1515,liao yang,2,"[""疗养"", ""辽阳""]"
2,1516,lie feng,2,"[""烈风"", ""裂缝""]"
2,1517,lie wei,2,"[""列为"", ""列维""]"
2,1518,lie yu,2,"[""列于"", ""列屿""]"
2,1519,lie zhi,2,"[""列支"", ""列治""]"
2,1520,lin de,2,"[""林德"", ""林的""]"
2,1521,lin jie,2,"[""临界"", ""邻接""]"
2,1522,lin jin,2,"[""临近"", ""邻近""]"
2,1523,lin jin de,2,"[""临近的"", ""邻近的""]"
2,1524,lin li,2,"[""林立"", ""邻里""]"
2,1525,lin shi,2,"[""临时"", ""林氏""]"
2,1526,lin si,2,"[""林寺"", ""林斯""]"
2,1527,lin xia,2,"[""临夏"", ""林下""]"
2,1528,lin zhong,2,"[""临终"", ""林中""]"
2,1529,ling dao,2,"[""令到"", ""领导""]"
2,1530,ling di,2,"[""灵帝"", ""领地""]"
2,1531,ling jun,2,"[""陵郡"", ""领军""]"
2,1532,ling mu,2,"[""铃木"", ""陵墓""]"
2,1533,ling ta,2,"[""令他"", ""令她""]"
2,1534,ling you,2,"[""另有"", ""领有""]"
2,1535,liu cheng,2,"[""六成"", ""流程""]"
2,1536,liu dan pao,2,"[""榴弹炮"", ""榴弹砲""]"
2,1537,liu de,2,"[""刘德"", ""流的""]"
2,1538,liu jia,2,"[""六甲"", ""刘家""]"
2,1539,liu mei,2,"[""刘美"", ""留美""]"
2,1540,liu ren,2,"[""六人"", ""留任""]"
2,1541,liu xiang,2,"[""六项"", ""流向""]"
2,1542,liu xiao,2,"[""刘晓"", ""留校""]"
2,1543,liu xing yu,2,"[""流星雨"", ""流行于""]"
2,1544,liu yan,2,"[""流言"", ""留言""]"
2,1545,liu yu,2,"[""刘裕"", ""流域""]"
2,1546,long tou,2,"[""隆头"", ""龙头""]"
2,1547,long xi,2,"[""陇西"", ""龙溪""]"
2,1548,lou mian,2,"[""楼面"", ""露面""]"
2,1549,lu bi,2,"[""卢比"", ""卢碧""]"
2,1550,lu guo,2,"[""路过"", ""鲁国""]"
2,1551,lu jun,2,"[""路军"", ""陆军""]"
2,1552,lu shan,2,"[""庐山"", ""禄山""]"
2,1553,lu shang,2,"[""路上"", ""陆上""]"
2,1554,lu shi,2,"[""卢氏"", ""录事""]"
2,1555,lu wa,2,"[""卢瓦"", ""鲁瓦""]"
2,1556,lu wei,2,"[""芦苇"", ""路为""]"
2,1557,lu xian,2,"[""卢西安"", ""路线""]"
2,1558,lu yi si,2,"[""路易丝"", ""路易斯""]"
2,1559,lu ying,2,"[""录影"", ""露营""]"
2,1560,lu yu,2,"[""路与"", ""鲁豫""]"
2,1561,lu zhan,2,"[""路站"", ""陆战""]"
2,1562,lu zhou,2,"[""泸州"", ""芦洲""]"
2,1563,luan shi,2,"[""乱世"", ""卵石""]"
2,1564,lun de,2,"[""伦的"", ""论的""]"
2,1565,lun ji,2,"[""论及"", ""轮机""]"
2,1566,luo bo,2,"[""罗伯"", ""萝卜""]"
2,1567,luo er,2,"[""洛尔"", ""罗尔""]"
2,1568,luo fu si ji,2,"[""洛夫斯基"", ""罗夫斯基""]"
2,1569,luo hu,2,"[""罗湖"", ""落户""]"
2,1570,luo la,2,"[""罗拉"", ""萝拉""]"
2,1571,luo lin,2,"[""洛林"", ""罗琳""]"
2,1572,luo ni,2,"[""洛尼"", ""罗尼""]"
2,1573,luo pu,2,"[""洛普"", ""罗普""]"
2,1574,luo shi,2,"[""罗氏"", ""落实""]"
2,1575,luo te,2,"[""洛特"", ""罗特""]"
2,1576,luo wei qi,2,"[""洛维奇"", ""罗维奇""]"
2,1577,luo wo,2,"[""洛沃"", ""罗沃""]"
2,1578,luo xi,2,"[""罗西"", ""萝西""]"
2,1579,luo xuan,2,"[""落选"", ""螺旋""]"
2,1580,luo yi,2,"[""洛伊"", ""罗伊""]"
2,1581,luo yu,2,"[""落于"", ""落语""]"
2,1582,lv de,2,"[""旅的"", ""率的""]"
2,1583,lv hua,2,"[""氯化"", ""绿化""]"
2,1584,lv ke,2,"[""吕克"", ""旅客""]"
2,1585,lv shi,2,"[""吕氏"", ""律师""]"
2,1586,lv xing,2,"[""履行"", ""旅行""]"
2,1587,lve,2,"[""掠"", ""略""]"
2,1588,lve wei,2,"[""略为"", ""略微""]"
2,1589,ma de,2,"[""马德"", ""马的""]"
2,1590,ma dou,2,"[""玛窦"", ""麻豆""]"
2,1591,ma er,2,"[""玛尔"", ""马尔""]"
2,1592,ma er ta,2,"[""马尔他"", ""马耳他""]"
2,1593,ma ge,2,"[""玛格"", ""马格""]"
2,1594,ma he,2,"[""马河"", ""马赫""]"
2,1595,ma jia,2,"[""马加"", ""马家""]"
2,1596,ma ke,2,"[""马克"", ""马可""]"
2,1597,ma ke si,2,"[""马克思"", ""马克斯""]"
2,1598,ma ke xi mi li an,2,"[""马克西米利安"", ""马克西米连""]"
2,1599,ma lu,2,"[""马路"", ""马鲁""]"
2,1600,ma na,2,"[""玛娜"", ""马纳""]"
2,1601,ma sa zhu sai zhou,2,"[""马萨诸塞州"", ""麻萨诸塞州""]"
2,1602,ma sai,2,"[""马塞"", ""马赛""]"
2,1603,ma sheng,2,"[""麻生"", ""麻省""]"
2,1604,ma shi,2,"[""马士"", ""马氏""]"
2,1605,ma si,2,"[""玛斯"", ""马斯""]"
2,1606,ma ti,2,"[""马提"", ""马蹄""]"
2,1607,ma tou,2,"[""码头"", ""马头""]"
2,1608,ma xi,2,"[""玛希"", ""马西""]"
2,1609,ma ya,2,"[""玛雅"", ""马亚""]"
2,1610,ma zu,2,"[""妈祖"", ""马祖""]"
2,1611,mai dao,2,"[""买到"", ""麦道""]"
2,1612,mai er,2,"[""迈尔"", ""麦尔""]"
2,1613,mai jia,2,"[""买家"", ""麦加""]"
2,1614,man de,2,"[""曼德"", ""曼的""]"
2,1615,man di,2,"[""曼蒂"", ""满地""]"
2,1616,man zhou,2,"[""满州"", ""满洲""]"
2,1617,mao chong,2,"[""冒充"", ""毛虫""]"
2,1618,mao li,2,"[""毛利"", ""毛里""]"
2,1619,me,2,"[""me"", ""么""]"
2,1620,mei er,2,"[""梅尔"", ""美尔""]"
2,1621,mei ge,2,"[""每个"", ""每隔""]"
2,1622,mei guo dui,2,"[""美国对"", ""美国队""]"
2,1623,mei hua,2,"[""梅花"", ""美化""]"
2,1624,mei ji,2,"[""每集"", ""美籍""]"
2,1625,mei jie,2,"[""媒介"", ""每届""]"
2,1626,mei la,2,"[""梅拉"", ""美拉""]"
2,1627,mei ling,2,"[""美玲"", ""美龄""]"
2,1628,mei miao,2,"[""每秒"", ""美妙""]"
2,1629,mei qi,2,"[""每期"", ""煤气""]"
2,1630,mei shi,2,"[""美式"", ""美食""]"
2,1631,mei shu,2,"[""美属"", ""美术""]"
2,1632,mei si,2,"[""梅斯"", ""美斯""]"
2,1633,mei su,2,"[""美苏"", ""霉素""]"
2,1634,mei ti bao dao,2,"[""媒体报导"", ""媒体报道""]"
2,1635,mei wei,2,"[""每位"", ""美味""]"
2,1636,mei you,2,"[""没有"", ""煤油""]"
2,1637,mei you zai,2,"[""没有再"", ""没有在""]"
2,1638,mei yuan,2,"[""美元"", ""美援""]"
2,1639,mei zu,2,"[""每组"", ""魅族""]"
2,1640,men de,2,"[""们的"", ""门的""]"
2,1641,meng gong,2,"[""梦宫"", ""猛攻""]"
2,1642,meng you,2,"[""梦游"", ""盟友""]"
2,1643,mi bu,2,"[""密布"", ""弥补""]"
2,1644,mi du,2,"[""密度"", ""米杜""]"
2,1645,mi er,2,"[""密尔"", ""米尔""]"
2,1646,mi feng,2,"[""密封"", ""蜜蜂""]"
2,1647,mi li,2,"[""米利"", ""米莉""]"
2,1648,mi ni,2,"[""米尼"", ""迷你""]"
2,1649,mi te,2,"[""密特"", ""米特""]"
2,1650,mian qu,2,"[""免去"", ""面曲""]"
2,1651,mian zhi,2,"[""免职"", ""面值""]"
2,1652,miao hui,2,"[""庙会"", ""描绘""]"
2,1653,mie,2,"[""灭"", ""蔑""]"
2,1654,min fang,2,"[""民房"", ""民防""]"
2,1655,min gan,2,"[""命案"", ""敏感""]"
2,1656,min jian,2,"[""民建"", ""民间""]"
2,1657,ming cheng,2,"[""名城"", ""名称""]"
2,1658,ming ci,2,"[""名次"", ""名词""]"
2,1659,ming ling,2,"[""命令"", ""明令""]"
2,1660,ming ming,2,"[""命名"", ""明命""]"
2,1661,ming qi,2,"[""名气"", ""命其""]"
2,1662,ming ren,2,"[""名人"", ""命人""]"
2,1663,ming sheng,2,"[""名声"", ""名胜""]"
2,1664,ming wen,2,"[""明文"", ""铭文""]"
2,1665,ming yue,2,"[""名曰"", ""明月""]"
2,1666,ming zhi,2,"[""明智"", ""明治""]"
2,1667,ming zhu,2,"[""名著"", ""明珠""]"
2,1668,mo di,2,"[""莫蒂"", ""莫迪""]"
2,1669,mo duan,2,"[""末段"", ""末端""]"
2,1670,mo fang,2,"[""模仿"", ""磨坊""]"
2,1671,mo he,2,"[""摩诃"", ""靺鞨""]"
2,1672,mo la,2,"[""摩拉"", ""莫拉""]"
2,1673,mo na,2,"[""莫纳"", ""莫那""]"
2,1674,mo ni ka,2,"[""莫妮卡"", ""莫尼卡""]"
2,1675,mo qi,2,"[""末期"", ""默契""]"
2,1676,mo ren,2,"[""末任"", ""默认""]"
2,1677,mo ri,2,"[""摩日"", ""末日""]"
2,1678,mo shi,2,"[""模式"", ""漠视""]"
2,1679,mo shi zhong,2,"[""模式中"", ""模式种""]"
2,1680,mo shou,2,"[""没收"", ""魔兽""]"
2,1681,mo xi,2,"[""墨西"", ""摩西""]"
2,1682,mo ya,2,"[""摩亚"", ""摩崖""]"
2,1683,mu ban,2,"[""木板"", ""模板""]"
2,1684,mu di,2,"[""墓地"", ""目的""]"
2,1685,mu guang,2,"[""暮光"", ""目光""]"
2,1686,mu ji,2,"[""募集"", ""目击""]"
2,1687,mu ke,2,"[""木刻"", ""穆克""]"
2,1688,mu la,2,"[""mula"", ""穆拉""]"
2,1689,mu qian you,2,"[""目前有"", ""目前由""]"
2,1690,mu yang,2,"[""模样"", ""牧羊""]"
2,1691,mu zhu,2,"[""墓主"", ""母猪""]"
2,1692,mu zi,2,"[""募资"", ""母子""]"
2,1693,na ba,2,"[""拿巴"", ""那霸""]"
2,1694,na du,2,"[""拿度"", ""拿督""]"
2,1695,na me,2,"[""name"", ""那么""]"
2,1696,na shi,2,"[""那时"", ""那是""]"
2,1697,na si,2,"[""纳斯"", ""那斯""]"
2,1698,na xie,2,"[""哪些"", ""那些""]"
2,1699,nan an,2,"[""南安"", ""南岸""]"
2,1700,nan duan,2,"[""南段"", ""南端""]"
2,1701,nan fang,2,"[""南方"", ""男方""]"
2,1702,nan guo,2,"[""南国"", ""难过""]"
2,1703,nan hai,2,"[""南海"", ""男孩""]"
2,1704,nan jie,2,"[""南接"", ""南街""]"
2,1705,nan jun,2,"[""南军"", ""南郡""]"
2,1706,nan lin,2,"[""南临"", ""南邻""]"
2,1707,nan qi,2,"[""南起"", ""南齐""]"
2,1708,nan sheng,2,"[""男声"", ""男生""]"
2,1709,nan shi,2,"[""南市"", ""男士""]"
2,1710,nan tong,2,"[""南通"", ""男童""]"
2,1711,nan xian,2,"[""南县"", ""南线""]"
2,1712,nan yang,2,"[""南洋"", ""南阳""]"
2,1713,nan zi,2,"[""楠梓"", ""男子""]"
2,1714,nei ce,2,"[""内侧"", ""内测""]"
2,1715,nei han,2,"[""内含"", ""内涵""]"
2,1716,nei he,2,"[""内核"", ""内河""]"
2,1717,nei ke,2,"[""内克"", ""内科""]"
2,1718,nei li,2,"[""内利"", ""内里""]"
2,1719,nei yi,2,"[""内伊"", ""内衣""]"
2,1720,nei zhi,2,"[""内置"", ""内酯""]"
2,1721,ni cheng,2,"[""昵称"", ""暱称""]"
2,1722,ni he,2,"[""尼和"", ""拟合""]"
2,1723,ni ka,2,"[""妮卡"", ""尼卡""]"
2,1724,ni sha,2,"[""妮莎"", ""泥沙""]"
2,1725,ni xi,2,"[""尼希"", ""逆袭""]"
2,1726,nian du,2,"[""年度"", ""黏度""]"
2,1727,nian ji,2,"[""年级"", ""年纪""]"
2,1728,nian jian,2,"[""年鉴"", ""年间""]"
2,1729,nian jin,2,"[""年仅"", ""年金""]"
2,1730,nian mo,2,"[""年末"", ""黏膜""]"
2,1731,nian qing,2,"[""年轻"", ""年青""]"
2,1732,nian tu,2,"[""粘土"", ""黏土""]"
2,1733,nian zhong,2,"[""年中"", ""年终""]"
2,1734,ning shi,2,"[""凝视"", ""宁市""]"
2,1735,ning yuan,2,"[""宁愿"", ""宁远""]"
2,1736,niu si,2,"[""牛斯"", ""纽斯""]"
2,1737,nu li,2,"[""努力"", ""奴隶""]"
2,1738,nuo de,2,"[""诺德"", ""诺的""]"
2,1739,nuo man di,2,"[""诺曼底"", ""诺曼第""]"
2,1740,nuo wa,2,"[""诺娃"", ""诺瓦""]"
2,1741,nuo wei,2,"[""挪威"", ""诺威""]"
2,1742,nv sheng,2,"[""女声"", ""女生""]"
2,1743,nv xing,2,"[""女性"", ""女星""]"
2,1744,nv you,2,"[""女优"", ""女友""]"
2,1745,nve,2,"[""疟"", ""虐""]"
2,1746,ou er,2,"[""偶尔"", ""欧尔""]"
2,1747,ou ji,2,"[""偶极"", ""欧几""]"
2,1748,pai chu le,2,"[""排除了"", ""派出了""]"
2,1749,pai dui,2,"[""排队"", ""派对""]"
2,1750,pai fang,2,"[""排放"", ""牌坊""]"
2,1751,pai ji,2,"[""排挤"", ""迫击""]"
2,1752,pai wei,2,"[""排位"", ""牌位""]"
2,1753,pai xi,2,"[""派系"", ""派西""]"
2,1754,pai zhao,2,"[""拍照"", ""牌照""]"
2,1755,pang de,2,"[""庞德"", ""旁的""]"
2,1756,pao bing,2,"[""炮兵"", ""砲兵""]"
2,1757,pao chu,2,"[""抛出"", ""跑出""]"
2,1758,pao dan,2,"[""炮弹"", ""砲弹""]"
2,1759,pao dao,2,"[""跑到"", ""跑道""]"
2,1760,pao huo,2,"[""炮火"", ""跑获""]"
2,1761,pao ji,2,"[""炮击"", ""砲击""]"
2,1762,pao ta,2,"[""炮塔"", ""砲塔""]"
2,1763,pao tai,2,"[""炮台"", ""砲台""]"
2,1764,pei dai,2,"[""佩戴"", ""配戴""]"
2,1765,pei ji,2,"[""佩吉"", ""配给""]"
2,1766,pei jian,2,"[""佩剑"", ""配件""]"
2,1767,pei la,2,"[""佩拉"", ""培拉""]"
2,1768,pei lei,2,"[""佩勒"", ""佩雷""]"
2,1769,pei qi,2,"[""佩奇"", ""配器""]"
2,1770,pei shen,2,"[""佩什"", ""陪审""]"
2,1771,pi fu,2,"[""批复"", ""皮肤""]"
2,1772,pi ke,2,"[""匹克"", ""皮克""]"
2,1773,pi lu,2,"[""披露"", ""琵鹭""]"
2,1774,pi nuo,2,"[""匹诺"", ""皮诺""]"
2,1775,pian yi,2,"[""便宜"", ""偏移""]"
2,1776,pian zhang,2,"[""片长"", ""篇章""]"
2,1777,pin de,2,"[""品德"", ""品的""]"
2,1778,pin wei,2,"[""品味"", ""聘为""]"
2,1779,ping bi,2,"[""屏蔽"", ""评比""]"
2,1780,ping chang,2,"[""平常"", ""平昌""]"
2,1781,ping cheng,2,"[""平城"", ""平成""]"
2,1782,ping fan,2,"[""平凡"", ""平反""]"
2,1783,ping fang,2,"[""平房"", ""平方""]"
2,1784,ping fen,2,"[""平分"", ""评分""]"
2,1785,ping jing,2,"[""平静"", ""瓶颈""]"
2,1786,ping shi,2,"[""平时"", ""评事""]"
2,1787,ping wei,2,"[""评为"", ""评委""]"
2,1788,ping xi,2,"[""平息"", ""平西""]"
2,1789,ping yi,2,"[""平移"", ""评议""]"
2,1790,ping yuan,2,"[""平原"", ""平远""]"
2,1791,ping zhang,2,"[""屏障"", ""平章""]"
2,1792,pu dun,2,"[""普敦"", ""普顿""]"
2,1793,pu ji,2,"[""普及"", ""普济""]"
2,1794,pu ke,2,"[""扑克"", ""普克""]"
2,1795,pu lei,2,"[""普勒"", ""普雷""]"
2,1796,pu luo,2,"[""普洛"", ""普罗""]"
2,1797,pu qu,2,"[""浦区"", ""谱曲""]"
2,1798,pu she,2,"[""仆射"", ""铺设""]"
2,1799,pu su,2,"[""普速"", ""朴素""]"
2,1800,pu xi,2,"[""普希"", ""谱系""]"
2,1801,pu xian,2,"[""浦县"", ""谱线""]"
2,1802,pu xie,2,"[""普谢"", ""谱写""]"
2,1803,qi bu,2,"[""起步"", ""起补""]"
2,1804,qi ci,2,"[""七次"", ""其次""]"
2,1805,qi dao,2,"[""祈祷"", ""起到""]"
2,1806,qi dian,2,"[""奇点"", ""起点""]"
2,1807,qi ge,2,"[""七个"", ""齐格""]"
2,1808,qi guan,2,"[""器官"", ""气管""]"
2,1809,qi he,2,"[""器和"", ""契合""]"
2,1810,qi hua,2,"[""企划"", ""企画""]"
2,1811,qi huo,2,"[""期货"", ""起火""]"
2,1812,qi jia,2,"[""其家"", ""起家""]"
2,1813,qi jiang,2,"[""其将"", ""起降""]"
2,1814,qi ju,2,"[""器具"", ""起居""]"
2,1815,qi lin,2,"[""其林"", ""麒麟""]"
2,1816,qi mu,2,"[""其母"", ""齐姆""]"
2,1817,qi qiu,2,"[""气球"", ""祈求""]"
2,1818,qi shou,2,"[""旗手"", ""棋手""]"
2,1819,qi si,2,"[""起司"", ""齐斯""]"
2,1820,qi ta,2,"[""其他"", ""其它""]"
2,1821,qi ta de,2,"[""其他的"", ""其它的""]"
2,1822,qi xian,2,"[""期限"", ""漆咸""]"
2,1823,qi xing,2,"[""七星"", ""骑行""]"
2,1824,qi you,2,"[""汽油"", ""起由""]"
2,1825,qi zai,2,"[""其在"", ""起在""]"
2,1826,qi zhong yi,2,"[""其中一"", ""其中以""]"
2,1827,qian bei,2,"[""前被"", ""前辈""]"
2,1828,qian bi,2,"[""钱币"", ""铅笔""]"
2,1829,qian cheng,2,"[""前称"", ""虔诚""]"
2,1830,qian dai,2,"[""前代"", ""千代""]"
2,1831,qian dao,2,"[""千岛"", ""迁到""]"
2,1832,qian ding,2,"[""签定"", ""签订""]"
2,1833,qian duan,2,"[""前段"", ""前端""]"
2,1834,qian fu,2,"[""前夫"", ""潜伏""]"
2,1835,qian jian,2,"[""潜舰"", ""迁建""]"
2,1836,qian jin,2,"[""前进"", ""千金""]"
2,1837,qian jing,2,"[""前景"", ""浅井""]"
2,1838,qian ming,2,"[""千名"", ""签名""]"
2,1839,qian qi,2,"[""前妻"", ""前期""]"
2,1840,qian qiu,2,"[""千秋"", ""浅丘""]"
2,1841,qian san,2,"[""前三"", ""遣散""]"
2,1842,qian shu,2,"[""前述"", ""签署""]"
2,1843,qian shui,2,"[""浅水"", ""潜水""]"
2,1844,qian wei,2,"[""前为"", ""前卫""]"
2,1845,qian zai,2,"[""前在"", ""潜在""]"
2,1846,qiang quan,2,"[""强权"", ""羟醛""]"
2,1847,qiang sheng,2,"[""强盛"", ""枪声""]"
2,1848,qiang zhan,2,"[""抢占"", ""枪战""]"
2,1849,qiao he,2,"[""巧合"", ""桥和""]"
2,1850,qie fu,2,"[""切夫"", ""切腹""]"
2,1851,qin gong,2,"[""侵攻"", ""勤工""]"
2,1852,qin he,2,"[""亲和"", ""亲核""]"
2,1853,qin zheng,2,"[""亲征"", ""亲政""]"
2,1854,qin zi,2,"[""亲子"", ""亲自""]"
2,1855,qing che,2,"[""清澈"", ""轻车""]"
2,1856,qing fu,2,"[""庆府"", ""情妇""]"
2,1857,qing he,2,"[""庆贺"", ""清河""]"
2,1858,qing jie,2,"[""情节"", ""清洁""]"
2,1859,qing jing,2,"[""情境"", ""情景""]"
2,1860,qing lai,2,"[""请来"", ""青睐""]"
2,1861,qing li,2,"[""庆历"", ""清理""]"
2,1862,qing se,2,"[""情色"", ""青色""]"
2,1863,qing shang,2,"[""庆尚"", ""轻伤""]"
2,1864,qing suan,2,"[""氰酸"", ""清算""]"
2,1865,qing xi,2,"[""清晰"", ""清洗""]"
2,1866,qing xie,2,"[""倾斜"", ""倾泻""]"
2,1867,qing yi,2,"[""轻易"", ""青衣""]"
2,1868,qing yun,2,"[""庆云"", ""青云""]"
2,1869,qiu de,2,"[""求得"", ""球的""]"
2,1870,qiu he,2,"[""求和"", ""球和""]"
2,1871,qiu ji,2,"[""球季"", ""秋季""]"
2,1872,qiu ji er,2,"[""丘吉尔"", ""邱吉尔""]"
2,1873,qiu tian,2,"[""秋天"", ""秋田""]"
2,1874,qiu xing,2,"[""球形"", ""球星""]"
2,1875,qiu yu,2,"[""犰狳"", ""秋雨""]"
2,1876,qu chu,2,"[""去除"", ""取出""]"
2,1877,qu diao,2,"[""去掉"", ""曲调""]"
2,1878,qu fu,2,"[""屈服"", ""曲阜""]"
2,1879,qu gan,2,"[""躯干"", ""驱赶""]"
2,1880,qu ji,2,"[""区及"", ""区级""]"
2,1881,qu jian,2,"[""区间"", ""去见""]"
2,1882,qu jing,2,"[""取景"", ""曲靖""]"
2,1883,qu zi,2,"[""取自"", ""曲子""]"
2,1884,quan dao,2,"[""全岛"", ""劝导""]"
2,1885,quan de,2,"[""圈的"", ""权的""]"
2,1886,quan gao,2,"[""全高"", ""劝告""]"
2,1887,quan jian,2,"[""全歼"", ""劝谏""]"
2,1888,quan jing,2,"[""全境"", ""全景""]"
2,1889,quan ju,2,"[""全剧"", ""全局""]"
2,1890,quan shu,2,"[""全书"", ""全数""]"
2,1891,quan wei,2,"[""全为"", ""权威""]"
2,1892,quan yu,2,"[""全域"", ""痊愈""]"
2,1893,quan zhen,2,"[""全真"", ""全镇""]"
2,1894,quan zhi,2,"[""全职"", ""犬只""]"
2,1895,quan zhou,2,"[""全州"", ""泉州""]"
2,1896,quan zi,2,"[""全资"", ""圈子""]"
2,1897,que you,2,"[""却又"", ""却有""]"
2,1898,qun,2,"[""群"", ""裙""]"
2,1899,qun zhong,2,"[""群中"", ""群众""]"
2,1900,ran hou zai,2,"[""然后再"", ""然后在""]"
2,1901,ran liao,2,"[""染料"", ""燃料""]"
2,1902,rang ta,2,"[""让他"", ""让她""]"
2,1903,ren ci,2,"[""人次"", ""仁慈""]"
2,1904,ren de,2,"[""人的"", ""仁德""]"
2,1905,ren ji,2,"[""人及"", ""人际""]"
2,1906,ren qi,2,"[""人气"", ""任期""]"
2,1907,ren shen,2,"[""人身"", ""妊娠""]"
2,1908,ren sheng,2,"[""人声"", ""人生""]"
2,1909,ren wu de,2,"[""人物的"", ""任务的""]"
2,1910,ren yu,2,"[""人与"", ""人于""]"
2,1911,ren zhong,2,"[""人中"", ""人种""]"
2,1912,reng,2,"[""仍"", ""扔""]"
2,1913,reng wei,2,"[""仍为"", ""仍未""]"
2,1914,reng you,2,"[""仍有"", ""仍由""]"
2,1915,ri,2,"[""ri"", ""日""]"
2,1916,ri e,2,"[""rie"", ""日俄""]"
2,1917,ri gui,2,"[""日晷"", ""日规""]"
2,1918,ri jun,2,"[""日军"", ""日均""]"
2,1919,ri li,2,"[""日历"", ""日立""]"
2,1920,ri shi,2,"[""日式"", ""日食""]"
2,1921,ri ye,2,"[""日夜"", ""日野""]"
2,1922,ri yuan,2,"[""日元"", ""日圆""]"
2,1923,rong ji,2,"[""容积"", ""溶剂""]"
2,1924,rong mao,2,"[""容貌"", ""绒毛""]"
2,1925,rong yu,2,"[""溶于"", ""荣誉""]"
2,1926,ru gu,2,"[""入股"", ""如故""]"
2,1927,ru jing,2,"[""入京"", ""入境""]"
2,1928,ru qi,2,"[""如其"", ""如期""]"
2,1929,ru xue,2,"[""儒学"", ""入学""]"
2,1930,ru yi,2,"[""入役"", ""如意""]"
2,1931,ru yuan,2,"[""入院"", ""如愿""]"
2,1932,ruan,2,"[""软"", ""阮""]"
2,1933,run,2,"[""润"", ""闰""]"
2,1934,ruo,2,"[""弱"", ""若""]"
2,1935,ruo shi,2,"[""弱势"", ""若是""]"
2,1936,s de,2,"[""s de"", ""s的""]"
2,1937,sa fu,2,"[""萨伏"", ""萨佛""]"
2,1938,sa lei,2,"[""萨勒"", ""萨雷""]"
2,1939,sa li,2,"[""萨利"", ""萨里""]"
2,1940,sa luo,2,"[""萨洛"", ""萨罗""]"
2,1941,sa man,2,"[""萨曼"", ""萨满""]"
2,1942,sai er,2,"[""塞尔"", ""赛尔""]"
2,1943,sai te,2,"[""塞特"", ""赛特""]"
2,1944,san dao,2,"[""三岛"", ""三道""]"
2,1945,san du,2,"[""三度"", ""三读""]"
2,1946,san guan,2,"[""三冠"", ""散馆""]"
2,1947,san hao,2,"[""三号"", ""三好""]"
2,1948,san he,2,"[""三合"", ""三河""]"
2,1949,san ji,2,"[""三级"", ""三集""]"
2,1950,san jia,2,"[""三家"", ""三甲""]"
2,1951,san jiao,2,"[""三教"", ""三角""]"
2,1952,san lei,2,"[""三垒"", ""三类""]"
2,1953,san li,2,"[""三立"", ""三里""]"
2,1954,san lian,2,"[""三联"", ""三连""]"
2,1955,san ming,2,"[""三名"", ""三明""]"
2,1956,san qi,2,"[""三期"", ""散骑""]"
2,1957,san qu,2,"[""三区"", ""散去""]"
2,1958,san shi,2,"[""三世"", ""三十""]"
2,1959,san si,2,"[""三司"", ""三四""]"
2,1960,san wei,2,"[""三位"", ""三维""]"
2,1961,san xian,2,"[""三县"", ""三线""]"
2,1962,san xiang,2,"[""三相"", ""三项""]"
2,1963,san yue,2,"[""三月"", ""三越""]"
2,1964,san zhi,2,"[""三只"", ""三支""]"
2,1965,san zi,2,"[""三子"", ""三字""]"
2,1966,sen,2,"[""sen"", ""森""]"
2,1967,sen de,2,"[""森德"", ""森的""]"
2,1968,sha che,2,"[""刹车"", ""煞车""]"
2,1969,sha la,2,"[""沙拉"", ""莎拉""]"
2,1970,shai,2,"[""晒"", ""筛""]"
2,1971,shan bei,2,"[""山北"", ""陕北""]"
2,1972,shan dao,2,"[""山岛"", ""山道""]"
2,1973,shan dong,2,"[""山东"", ""煽动""]"
2,1974,shan he,2,"[""山和"", ""山河""]"
2,1975,shan jiao,2,"[""山椒"", ""山脚""]"
2,1976,shan lu,2,"[""山路"", ""山麓""]"
2,1977,shan shi,2,"[""山市"", ""膳食""]"
2,1978,shan tou,2,"[""山头"", ""汕头""]"
2,1979,shan wei,2,"[""山为"", ""汕尾""]"
2,1980,shan xi,2,"[""山西"", ""陕西""]"
2,1981,shan xi sheng,2,"[""山西省"", ""陕西省""]"
2,1982,shan xian,2,"[""山县"", ""山线""]"
2,1983,shan xing,2,"[""山形"", ""扇形""]"
2,1984,shan yan,2,"[""山岩"", ""闪焰""]"
2,1985,shan yang,2,"[""山羊"", ""山阳""]"
2,1986,shan yao,2,"[""山腰"", ""闪耀""]"
2,1987,shan yu,2,"[""善于"", ""山与""]"
2,1988,shang an,2,"[""上岸"", ""陕甘""]"
2,1989,shang ban,2,"[""上半"", ""上班""]"
2,1990,shang bao,2,"[""上报"", ""商报""]"
2,1991,shang biao,2,"[""上表"", ""商标""]"
2,1992,shang bing,2,"[""伤兵"", ""伤病""]"
2,1993,shang bu,2,"[""上部"", ""商埠""]"
2,1994,shang chang,2,"[""上场"", ""商场""]"
2,1995,shang chuan,2,"[""上传"", ""商船""]"
2,1996,shang ci,2,"[""上次"", ""赏赐""]"
2,1997,shang cun,2,"[""上村"", ""尚存""]"
2,1998,shang de,2,"[""上的"", ""尚德""]"
2,1999,shang hai,2,"[""上海"", ""伤害""]"
2,2000,shang huan,2,"[""上环"", ""伤患""]"
2,2001,shang hui,2,"[""上会"", ""商会""]"
2,2002,shang luo,2,"[""上洛"", ""上落""]"
2,2003,shang pu,2,"[""商舖"", ""商铺""]"
2,2004,shang qian,2,"[""上前"", ""上千""]"
2,2005,shang ren,2,"[""上任"", ""商人""]"
2,2006,shang shan,2,"[""上山"", ""上杉""]"
2,2007,shang tai,2,"[""上台"", ""商台""]"
2,2008,shang tian,2,"[""上天"", ""上田""]"
2,2009,shang wang,2,"[""上网"", ""伤亡""]"
2,2010,shang yong,2,"[""上用"", ""商用""]"
2,2011,shang yu,2,"[""上与"", ""伤愈""]"
2,2012,shang yuan,2,"[""上元"", ""伤员""]"
2,2013,shang zai,2,"[""上载"", ""尚在""]"
2,2014,shao de,2,"[""少的"", ""绍德""]"
2,2015,shao er,2,"[""少儿"", ""绍尔""]"
2,2016,shao you,2,"[""少有"", ""稍有""]"
2,2017,shao zuo,2,"[""少佐"", ""稍作""]"
2,2018,she de,2,"[""社的"", ""设的""]"
2,2019,she jin,2,"[""射进"", ""摄津""]"
2,2020,she li,2,"[""舍利"", ""设立""]"
2,2021,she qu,2,"[""摄取"", ""社区""]"
2,2022,she xiang,2,"[""摄像"", ""设想""]"
2,2023,shen cai,2,"[""审裁"", ""身材""]"
2,2024,shen fen,2,"[""身份"", ""身分""]"
2,2025,shen fen zheng,2,"[""身份证"", ""身分证""]"
2,2026,shen fu,2,"[""神父"", ""身负""]"
2,2027,shen gang,2,"[""深港"", ""神冈""]"
2,2028,shen gao,2,"[""甚高"", ""身高""]"
2,2029,shen gong,2,"[""神功"", ""神宫""]"
2,2030,shen hou,2,"[""深厚"", ""身后""]"
2,2031,shen ji,2,"[""什基"", ""审计""]"
2,2032,shen ling,2,"[""申领"", ""神灵""]"
2,2033,shen me,2,"[""什么"", ""甚么""]"
2,2034,shen qi,2,"[""神奇"", ""神祇""]"
2,2035,shen ru,2,"[""深入"", ""渗入""]"
2,2036,shen wei,2,"[""甚为"", ""身为""]"
2,2037,shen xin,2,"[""深信"", ""身心""]"
2,2038,shen xing,2,"[""神星"", ""身形""]"
2,2039,shen ye,2,"[""什叶"", ""深夜""]"
2,2040,shen zhi,2,"[""甚至"", ""神之""]"
2,2041,shen zhong,2,"[""慎重"", ""深中""]"
2,2042,sheng chan,2,"[""生产"", ""盛产""]"
2,2043,sheng cheng,2,"[""声称"", ""生成""]"
2,2044,sheng dai,2,"[""声带"", ""生代""]"
2,2045,sheng dao,2,"[""声道"", ""省道""]"
2,2046,sheng di,2,"[""圣地"", ""胜地""]"
2,2047,sheng di ya ge,2,"[""圣地亚哥"", ""圣地牙哥""]"
2,2048,sheng dian,2,"[""圣殿"", ""盛典""]"
2,2049,sheng gong,2,"[""圣公"", ""圣宫""]"
2,2050,sheng he,2,"[""生和"", ""省和""]"
2,2051,sheng hua,2,"[""升华"", ""生化""]"
2,2052,sheng huo,2,"[""圣火"", ""生活""]"
2,2053,sheng jie,2,"[""圣洁"", ""圣节""]"
2,2054,sheng jing,2,"[""圣经"", ""盛京""]"
2,2055,sheng ming de,2,"[""生命的"", ""盛名的""]"
2,2056,sheng nv,2,"[""圣女"", ""生女""]"
2,2057,sheng qian,2,"[""升迁"", ""生前""]"
2,2058,sheng su,2,"[""生素"", ""胜诉""]"
2,2059,sheng suo,2,"[""圣所"", ""绳索""]"
2,2060,sheng wei,2,"[""升为"", ""省委""]"
2,2061,sheng xia,2,"[""剩下"", ""生下""]"
2,2062,sheng xiang,2,"[""圣像"", ""声响""]"
2,2063,sheng xing,2,"[""生性"", ""盛行""]"
2,2064,sheng xuan,2,"[""省选"", ""胜选""]"
2,2065,sheng xue,2,"[""升学"", ""声学""]"
2,2066,sheng you,2,"[""声优"", ""生有""]"
2,2067,sheng yuan,2,"[""声援"", ""生员""]"
2,2068,sheng zi,2,"[""生子"", ""绳子""]"
2,2069,shi bai,2,"[""失败"", ""是白""]"
2,2070,shi ban,2,"[""石板"", ""试办""]"
2,2071,shi bian,2,"[""事变"", ""时便""]"
2,2072,shi chu,2,"[""使出"", ""释出""]"
2,2073,shi chuan,2,"[""失传"", ""石川""]"
2,2074,shi ci,2,"[""是次"", ""诗词""]"
2,2075,shi dai,2,"[""世代"", ""时代""]"
2,2076,shi dai de,2,"[""世代的"", ""时代的""]"
2,2077,shi dan,2,"[""史丹"", ""是单""]"
2,2078,shi dao,2,"[""使到"", ""市道""]"
2,2079,shi dou,2,"[""史都"", ""时都""]"
2,2080,shi du,2,"[""侍读"", ""湿度""]"
2,2081,shi dui,2,"[""时对"", ""是对""]"
2,2082,shi duo,2,"[""十多"", ""是多""]"
2,2083,shi er,2,"[""十二"", ""时而""]"
2,2084,shi fa,2,"[""事发"", ""始发""]"
2,2085,shi fan,2,"[""师范"", ""示范""]"
2,2086,shi fang,2,"[""施放"", ""释放""]"
2,2087,shi fei,2,"[""是非"", ""试飞""]"
2,2088,shi gai,2,"[""使该"", ""是该""]"
2,2089,shi hou,2,"[""事后"", ""时候""]"
2,2090,shi hu,2,"[""石虎"", ""视乎""]"
2,2091,shi hui,2,"[""时会"", ""石灰""]"
2,2092,shi ji de,2,"[""世纪的"", ""实际的""]"
2,2093,shi jian de,2,"[""事件的"", ""时间的""]"
2,2094,shi jian yu,2,"[""始建于"", ""时间与""]"
2,2095,shi jian zhong,2,"[""事件中"", ""实践中""]"
2,2096,shi jiao,2,"[""市郊"", ""视角""]"
2,2097,shi jin,2,"[""世锦"", ""是金""]"
2,2098,shi jiu,2,"[""十九"", ""时就""]"
2,2099,shi kong,2,"[""失控"", ""时空""]"
2,2100,shi liu,2,"[""十六"", ""石榴""]"
2,2101,shi mian,2,"[""失眠"", ""市面""]"
2,2102,shi nan,2,"[""市南"", ""是南""]"
2,2103,shi nei,2,"[""室内"", ""市内""]"
2,2104,shi quan,2,"[""实权"", ""是全""]"
2,2105,shi ri,2,"[""十日"", ""是日""]"
2,2106,shi san,2,"[""十三"", ""是三""]"
2,2107,shi shen,2,"[""仕绅"", ""士绅""]"
2,2108,shi shi yong,2,"[""时使用"", ""是使用""]"
2,2109,shi shi zhang,2,"[""市市长"", ""师师长""]"
2,2110,shi suo,2,"[""失所"", ""时所""]"
2,2111,shi ta de,2,"[""是他的"", ""是她的""]"
2,2112,shi ta men,2,"[""使他们"", ""是他们""]"
2,2113,shi tai,2,"[""事态"", ""施泰""]"
2,2114,shi te,2,"[""史特"", ""施特""]"
2,2115,shi tou,2,"[""势头"", ""石头""]"
2,2116,shi tuan,2,"[""使团"", ""师团""]"
2,2117,shi xun,2,"[""视讯"", ""试训""]"
2,2118,shi yao,2,"[""时要"", ""是要""]"
2,2119,shi yi da li,2,"[""是义大利"", ""是意大利""]"
2,2120,shi yi jian,2,"[""是一件"", ""是一间""]"
2,2121,shi yi ming,2,"[""十一名"", ""是一名""]"
2,2122,shi ying,2,"[""石英"", ""适应""]"
2,2123,shi ze,2,"[""实则"", ""时则""]"
2,2124,shi zhan,2,"[""实战"", ""施展""]"
2,2125,shi zong,2,"[""世宗"", ""失踪""]"
2,2126,shou bu,2,"[""手部"", ""首部""]"
2,2127,shou chang,2,"[""收场"", ""首场""]"
2,2128,shou cheng,2,"[""守城"", ""收成""]"
2,2129,shou ci,2,"[""受此"", ""首次""]"
2,2130,shou dao,2,"[""受到"", ""收到""]"
2,2131,shou dao le,2,"[""受到了"", ""收到了""]"
2,2132,shou du,2,"[""首度"", ""首都""]"
2,2133,shou fei,2,"[""收费"", ""首飞""]"
2,2134,shou fen,2,"[""授粉"", ""首份""]"
2,2135,shou gong,2,"[""寿宫"", ""手工""]"
2,2136,shou guan,2,"[""寿官"", ""授官""]"
2,2137,shou mai,2,"[""售卖"", ""收买""]"
2,2138,shou pi,2,"[""首匹"", ""首批""]"
2,2139,shou qi,2,"[""受其"", ""首期""]"
2,2140,shou quan,2,"[""授权"", ""首圈""]"
2,2141,shou shang,2,"[""受伤"", ""手上""]"
2,2142,shou ti,2,"[""受体"", ""手提""]"
2,2143,shou wei,2,"[""守卫"", ""首位""]"
2,2144,shou xi,2,"[""受洗"", ""首席""]"
2,2145,shou xian,2,"[""受限"", ""首先""]"
2,2146,shou xiang,2,"[""受降"", ""首相""]"
2,2147,shou xun,2,"[""受训"", ""授勋""]"
2,2148,shou yao,2,"[""受邀"", ""首要""]"
2,2149,shou zhong,2,"[""受众"", ""手中""]"
2,2150,shou zu,2,"[""受阻"", ""手足""]"
2,2151,shu fa,2,"[""书法"", ""抒发""]"
2,2152,shu ju,2,"[""书局"", ""数据""]"
2,2153,shu shu,2,"[""叔叔"", ""鼠属""]"
2,2154,shu song,2,"[""疏松"", ""输送""]"
2,2155,shu xia,2,"[""属下"", ""树下""]"
2,2156,shu xue,2,"[""数学"", ""输血""]"
2,2157,shu yu,2,"[""属于"", ""术语""]"
2,2158,shu yuan,2,"[""书院"", ""疏远""]"
2,2159,shu zi,2,"[""庶子"", ""数字""]"
2,2160,shua,2,"[""刷"", ""耍""]"
2,2161,shuai jiao,2,"[""摔角"", ""摔跤""]"
2,2162,shuan,2,"[""栓"", ""涮""]"
2,2163,shui dao,2,"[""水稻"", ""水道""]"
2,2164,shui guan,2,"[""水管"", ""税关""]"
2,2165,shui he,2,"[""水和"", ""水河""]"
2,2166,shui hu,2,"[""水户"", ""水浒""]"
2,2167,shui lu,2,"[""水路"", ""水陆""]"
2,2168,shui mian,2,"[""水面"", ""睡眠""]"
2,2169,shui shou,2,"[""水手"", ""税收""]"
2,2170,shui wei,2,"[""水位"", ""水尾""]"
2,2171,shui wen,2,"[""水文"", ""水温""]"
2,2172,shui wu,2,"[""水务"", ""税务""]"
2,2173,shui xiang,2,"[""水乡"", ""水箱""]"
2,2174,shui xing,2,"[""水性"", ""水星""]"
2,2175,shui zhi,2,"[""水之"", ""水质""]"
2,2176,shui zhong,2,"[""水中"", ""水肿""]"
2,2177,shun shi,2,"[""瞬时"", ""顺势""]"
2,2178,shuo dao,2,"[""说到"", ""说道""]"
2,2179,shuo shi,2,"[""硕士"", ""说是""]"
2,2180,shuo ta,2,"[""说他"", ""说她""]"
2,2181,si cheng,2,"[""四成"", ""寺丞""]"
2,2182,si ge,2,"[""四个"", ""斯各""]"
2,2183,si hao,2,"[""丝毫"", ""四号""]"
2,2184,si jia,2,"[""四家"", ""私家""]"
2,2185,si jie,2,"[""四届"", ""斯捷""]"
2,2186,si ke,2,"[""斯克"", ""斯科""]"
2,2187,si lei,2,"[""斯勒"", ""斯雷""]"
2,2188,si lu,2,"[""四路"", ""思路""]"
2,2189,si ming,2,"[""四名"", ""思明""]"
2,2190,si nian,2,"[""四年"", ""思念""]"
2,2191,si nuo ke,2,"[""司诺克"", ""斯诺克""]"
2,2192,si qian,2,"[""四千"", ""死前""]"
2,2193,si qing,2,"[""四氢"", ""寺卿""]"
2,2194,si ren,2,"[""四人"", ""私人""]"
2,2195,si tai,2,"[""四台"", ""斯泰""]"
2,2196,si tong,2,"[""斯通"", ""私通""]"
2,2197,si tu,2,"[""司徒"", ""斯图""]"
2,2198,si xiang,2,"[""四项"", ""思想""]"
2,2199,si zai,2,"[""斯在"", ""死在""]"
2,2200,si zhi,2,"[""司职"", ""四肢""]"
2,2201,song dao,2,"[""松岛"", ""送到""]"
2,2202,song jiang,2,"[""宋江"", ""松江""]"
2,2203,song jing,2,"[""松井"", ""诵经""]"
2,2204,song qu,2,"[""松区"", ""送去""]"
2,2205,song shu,2,"[""松树"", ""松鼠""]"
2,2206,song yuan,2,"[""宋元"", ""送院""]"
2,2207,su de,2,"[""素的"", ""苏德""]"
2,2208,su li,2,"[""苏里"", ""苏黎""]"
2,2209,su ming,2,"[""俗名"", ""宿命""]"
2,2210,su she,2,"[""宿舍"", ""速射""]"
2,2211,su xing,2,"[""塑性"", ""苏醒""]"
2,2212,su zhu,2,"[""宿主"", ""诉诸""]"
2,2213,sui wei,2,"[""虽为"", ""虽未""]"
2,2214,sui yi,2,"[""遂以"", ""随意""]"
2,2215,sun shi,2,"[""孙氏"", ""损失""]"
2,2216,suo de,2,"[""所得"", ""所的""]"
2,2217,suo fei,2,"[""索菲"", ""索非""]"
2,2218,suo luo,2,"[""索洛"", ""索罗""]"
2,2219,suo luo men,2,"[""所罗门"", ""索罗门""]"
2,2220,suo shu,2,"[""所属"", ""所述""]"
2,2221,suo wei,2,"[""所为"", ""所谓""]"
2,2222,suo xie,2,"[""所写"", ""缩写""]"
2,2223,suo zai,2,"[""所在"", ""所载""]"
2,2224,suo zuo,2,"[""所作"", ""所做""]"
2,2225,suo zuo de,2,"[""所作的"", ""所做的""]"
2,2226,ta biao shi,2,"[""他表示"", ""她表示""]"
2,2227,ta bu,2,"[""他不"", ""塔布""]"
2,2228,ta ceng,2,"[""他曾"", ""她曾""]"
2,2229,ta ceng dai biao,2,"[""他曾代表"", ""她曾代表""]"
2,2230,ta ceng zai,2,"[""他曾在"", ""她曾在""]"
2,2231,ta cheng,2,"[""他称"", ""塔城""]"
2,2232,ta cong,2,"[""他从"", ""她从""]"
2,2233,ta dai biao,2,"[""他代表"", ""她代表""]"
2,2234,ta de fu qin,2,"[""他的父亲"", ""她的父亲""]"
2,2235,ta de ming zi,2,"[""他的名字"", ""她的名字""]"
2,2236,ta de mu qin,2,"[""他的母亲"", ""她的母亲""]"
2,2237,ta de zuo pin,2,"[""他的作品"", ""她的作品""]"
2,2238,ta ji,2,"[""塔吉"", ""塔基""]"
2,2239,ta jue ding,2,"[""他决定"", ""她决定""]"
2,2240,ta kai shi,2,"[""他开始"", ""她开始""]"
2,2241,ta ke yi,2,"[""他可以"", ""它可以""]"
2,2242,ta li,2,"[""塔利"", ""塔里""]"
2,2243,ta men bei,2,"[""他们被"", ""它们被""]"
2,2244,ta men hui,2,"[""他们会"", ""它们会""]"
2,2245,ta men yu,2,"[""他们与"", ""他们于""]"
2,2246,ta men zai,2,"[""他们在"", ""它们在""]"
2,2247,ta neng,2,"[""他能"", ""它能""]"
2,2248,ta ren,2,"[""他人"", ""他任""]"
2,2249,ta ren wei,2,"[""他认为"", ""她认为""]"
2,2250,ta shen,2,"[""塔什"", ""塔身""]"
2,2251,ta shi yi ge,2,"[""他是一个"", ""它是一个""]"
2,2252,ta shuo,2,"[""他说"", ""她说""]"
2,2253,ta suo,2,"[""他所"", ""她所""]"
2,2254,ta xiang,2,"[""他向"", ""他想""]"
2,2255,ta yin,2,"[""他因"", ""她因""]"
2,2256,ta zhi,2,"[""他只"", ""他指""]"
2,2257,ta zi ji,2,"[""他自己"", ""她自己""]"
2,2258,ta zuo wei,2,"[""他作为"", ""她作为""]"
2,2259,tai an,2,"[""太安"", ""泰安""]"
2,2260,tai di,2,"[""台地"", ""泰迪""]"
2,2261,tai du,2,"[""台独"", ""态度""]"
2,2262,tai er,2,"[""泰尔"", ""胎儿""]"
2,2263,tai gao,2,"[""太高"", ""抬高""]"
2,2264,tai guo,2,"[""太过"", ""泰国""]"
2,2265,tai he,2,"[""台和"", ""太和""]"
2,2266,tai hou,2,"[""台后"", ""太后""]"
2,2267,tai shan,2,"[""台山"", ""泰山""]"
2,2268,tai sheng,2,"[""抬升"", ""胎生""]"
2,2269,tai yu,2,"[""台语"", ""泰语""]"
2,2270,tang ji,2,"[""唐继"", ""羰基""]"
2,2271,tao wang,2,"[""逃亡"", ""逃往""]"
2,2272,te bie shi,2,"[""特别市"", ""特别是""]"
2,2273,te dian,2,"[""特典"", ""特点""]"
2,2274,te gong,2,"[""特工"", ""特攻""]"
2,2275,te yi,2,"[""特异"", ""特意""]"
2,2276,ti cai,2,"[""体裁"", ""题材""]"
2,2277,ti chu,2,"[""剔除"", ""提出""]"
2,2278,ti du,2,"[""提督"", ""梯度""]"
2,2279,ti gao,2,"[""提告"", ""提高""]"
2,2280,ti hu,2,"[""醍醐"", ""鹈鹕""]"
2,2281,ti ji,2,"[""体积"", ""提及""]"
2,2282,ti ming,2,"[""提名"", ""题名""]"
2,2283,ti mu,2,"[""提姆"", ""题目""]"
2,2284,ti wen,2,"[""体温"", ""提问""]"
2,2285,ti zhi,2,"[""体制"", ""体质""]"
2,2286,ti zhong,2,"[""体中"", ""体重""]"
2,2287,ti zi,2,"[""体字"", ""题字""]"
2,2288,tian bao,2,"[""天保"", ""天宝""]"
2,2289,tian cheng,2,"[""天城"", ""天成""]"
2,2290,tian ci,2,"[""填词"", ""天赐""]"
2,2291,tian di,2,"[""天地"", ""田地""]"
2,2292,tian gong,2,"[""天宫"", ""田宫""]"
2,2293,tian he,2,"[""天和"", ""天河""]"
2,2294,tian jing,2,"[""天井"", ""田径""]"
2,2295,tian ma,2,"[""天马"", ""天麻""]"
2,2296,tian ming,2,"[""天命"", ""天明""]"
2,2297,tian ping,2,"[""填平"", ""天平""]"
2,2298,tian qi,2,"[""天启"", ""天气""]"
2,2299,tian tian,2,"[""天天"", ""甜甜""]"
2,2300,tian wen,2,"[""天文"", ""田文""]"
2,2301,tian you,2,"[""天佑"", ""天祐""]"
2,2302,tian zhu,2,"[""天主"", ""天竺""]"
2,2303,tiao jie,2,"[""调节"", ""调解""]"
2,2304,tiao wen,2,"[""条文"", ""条纹""]"
2,2305,tiao yue,2,"[""条约"", ""跳跃""]"
2,2306,tie lu,2,"[""铁卢"", ""铁路""]"
2,2307,ting bo,2,"[""停播"", ""停泊""]"
2,2308,ting de,2,"[""厅的"", ""町的""]"
2,2309,ting ji,2,"[""停机"", ""厅级""]"
2,2310,ting shen,2,"[""庭审"", ""挺身""]"
2,2311,ting shi,2,"[""停驶"", ""廷试""]"
2,2312,ting yuan,2,"[""庭园"", ""庭院""]"
2,2313,tong bao,2,"[""同胞"", ""通报""]"
2,2314,tong chang you,2,"[""通常有"", ""通常由""]"
2,2315,tong cheng wei,2,"[""统称为"", ""通称为""]"
2,2316,tong hang,2,"[""同行"", ""通航""]"
2,2317,tong huo,2,"[""同伙"", ""通货""]"
2,2318,tong jian,2,"[""通奸"", ""通鉴""]"
2,2319,tong jun,2,"[""童军"", ""统军""]"
2,2320,tong ku,2,"[""痛哭"", ""痛苦""]"
2,2321,tong liao,2,"[""同僚"", ""通辽""]"
2,2322,tong nian,2,"[""同年"", ""童年""]"
2,2323,tong qi,2,"[""同期"", ""通气""]"
2,2324,tong ren,2,"[""同人"", ""同仁""]"
2,2325,tong shi you,2,"[""同时又"", ""同时有""]"
2,2326,tong shuai,2,"[""统帅"", ""统率""]"
2,2327,tong tai,2,"[""同台"", ""同态""]"
2,2328,tong xin,2,"[""同心"", ""通信""]"
2,2329,tong yu,2,"[""同于"", ""同余""]"
2,2330,tong zheng,2,"[""通政"", ""酮症""]"
2,2331,tou cheng,2,"[""头城"", ""投诚""]"
2,2332,tou chu,2,"[""投出"", ""透出""]"
2,2333,tou dan,2,"[""偷蛋"", ""投弹""]"
2,2334,tou de,2,"[""头的"", ""投得""]"
2,2335,tou kao,2,"[""投考"", ""投靠""]"
2,2336,tou lu,2,"[""头颅"", ""透露""]"
2,2337,tou she,2,"[""头蛇"", ""投射""]"
2,2338,tou xi,2,"[""偷袭"", ""透析""]"
2,2339,tou ying,2,"[""头鹰"", ""投影""]"
2,2340,tou zi,2,"[""投资"", ""骰子""]"
2,2341,tu biao,2,"[""图标"", ""图表""]"
2,2342,tu di,2,"[""土地"", ""徒弟""]"
2,2343,tu jing,2,"[""途径"", ""途经""]"
2,2344,tu li,2,"[""图利"", ""图里""]"
2,2345,tu lu,2,"[""吐露"", ""图卢""]"
2,2346,tu qi,2,"[""凸起"", ""突起""]"
2,2347,tu shang,2,"[""图上"", ""涂上""]"
2,2348,tu shi,2,"[""图示"", ""土石""]"
2,2349,tu si,2,"[""图斯"", ""土司""]"
2,2350,tu wei,2,"[""土卫"", ""突围""]"
2,2351,tu xi,2,"[""图西"", ""突袭""]"
2,2352,tu xian,2,"[""凸显"", ""突显""]"
2,2353,tu zhong,2,"[""图中"", ""途中""]"
2,2354,tuan yuan,2,"[""团员"", ""团圆""]"
2,2355,tui chu,2,"[""推出"", ""退出""]"
2,2356,tui chu le,2,"[""推出了"", ""退出了""]"
2,2357,tui dao,2,"[""推倒"", ""推导""]"
2,2358,tui ju,2,"[""推举"", ""退居""]"
2,2359,tui li,2,"[""推力"", ""推理""]"
2,2360,tui shou,2,"[""推手"", ""退守""]"
2,2361,tui xuan,2,"[""推选"", ""退选""]"
2,2362,tui yi,2,"[""推移"", ""退役""]"
2,2363,tun bing,2,"[""吞并"", ""屯兵""]"
2,2364,tuo ba,2,"[""托巴"", ""拓跋""]"
2,2365,tuo er,2,"[""托儿"", ""托尔""]"
2,2366,tuo fu,2,"[""托付"", ""托夫""]"
2,2367,tuo la,2,"[""托拉"", ""拖拉""]"
2,2368,tuo lei,2,"[""托勒"", ""托雷""]"
2,2369,tuo ye,2,"[""唾液"", ""拖曳""]"
2,2370,wa di,2,"[""洼地"", ""瓦底""]"
2,2371,wa la,2,"[""瓦剌"", ""瓦拉""]"
2,2372,wa li,2,"[""瓦利"", ""瓦里""]"
2,2373,wa na,2,"[""瓦纳"", ""瓦那""]"
2,2374,wai bu lian jie,2,"[""外部连结"", ""外部链接""]"
2,2375,wai ke,2,"[""外壳"", ""外科""]"
2,2376,wai mao,2,"[""外貌"", ""外贸""]"
2,2377,wai ren,2,"[""外人"", ""外任""]"
2,2378,wai sheng,2,"[""外甥"", ""外省""]"
2,2379,wai yu,2,"[""外语"", ""外遇""]"
2,2380,wai yuan,2,"[""外援"", ""外缘""]"
2,2381,wan hui,2,"[""挽回"", ""晚会""]"
2,2382,wan ju,2,"[""婉拒"", ""玩具""]"
2,2383,wan li,2,"[""万历"", ""万里""]"
2,2384,wan nian,2,"[""万年"", ""晚年""]"
2,2385,wan qu,2,"[""弯曲"", ""湾区""]"
2,2386,wan shan,2,"[""万善"", ""完善""]"
2,2387,wan yu,2,"[""万余"", ""晚于""]"
2,2388,wang fei,2,"[""王妃"", ""王菲""]"
2,2389,wang gong,2,"[""王公"", ""王宫""]"
2,2390,wang hou,2,"[""往后"", ""王后""]"
2,2391,wang ji,2,"[""忘记"", ""网际""]"
2,2392,wang jia,2,"[""汪家"", ""王家""]"
2,2393,wang li,2,"[""王李"", ""王立""]"
2,2394,wang ling,2,"[""亡灵"", ""王陵""]"
2,2395,wang shang,2,"[""往上"", ""网上""]"
2,2396,wang xiao,2,"[""王小"", ""王萧""]"
2,2397,wang ye,2,"[""王爷"", ""网页""]"
2,2398,wang yi,2,"[""王一"", ""网易""]"
2,2399,wang yuan,2,"[""望远"", ""王元""]"
2,2400,wang zu,2,"[""望族"", ""王族""]"
2,2401,wei bing,2,"[""卫兵"", ""尾柄""]"
2,2402,wei ci,2,"[""为此"", ""维茨""]"
2,2403,wei duo,2,"[""为多"", ""维多""]"
2,2404,wei er si,2,"[""威尔斯"", ""韦尔斯""]"
2,2405,wei fu,2,"[""为副"", ""维夫""]"
2,2406,wei hai,2,"[""危害"", ""威海""]"
2,2407,wei he,2,"[""为何"", ""维和""]"
2,2408,wei jie,2,"[""为界"", ""位阶""]"
2,2409,wei jin,2,"[""为金"", ""魏晋""]"
2,2410,wei jing,2,"[""未经"", ""维京""]"
2,2411,wei ju,2,"[""位居"", ""畏惧""]"
2,2412,wei lai,2,"[""未来"", ""维莱""]"
2,2413,wei lan,2,"[""围栏"", ""蔚蓝""]"
2,2414,wei lian si,2,"[""威廉丝"", ""威廉斯""]"
2,2415,wei liang,2,"[""为两"", ""微量""]"
2,2416,wei mian,2,"[""为免"", ""卫冕""]"
2,2417,wei na,2,"[""维纳"", ""维那""]"
2,2418,wei ni,2,"[""威尼"", ""维尼""]"
2,2419,wei ren,2,"[""为人"", ""委任""]"
2,2420,wei shen,2,"[""为深"", ""维什""]"
2,2421,wei shou,2,"[""为首"", ""未受""]"
2,2422,wei suo,2,"[""卫所"", ""萎缩""]"
2,2423,wei tuo,2,"[""委托"", ""维托""]"
2,2424,wei wang,2,"[""为王"", ""威望""]"
2,2425,wei xian,2,"[""危险"", ""违宪""]"
2,2426,wei xie,2,"[""威胁"", ""猥亵""]"
2,2427,wei xing,2,"[""卫星"", ""微型""]"
2,2428,wei ya,2,"[""维亚"", ""维娅""]"
2,2429,wei zai,2,"[""为在"", ""位在""]"
2,2430,wei zheng,2,"[""为政"", ""为正""]"
2,2431,wei zhu ti,2,"[""为主体"", ""为主题""]"
2,2432,wei zi,2,"[""微子"", ""维兹""]"
2,2433,wen ge,2,"[""文革"", ""温哥""]"
2,2434,wen hua,2,"[""文化"", ""文华""]"
2,2435,wen jian,2,"[""文件"", ""稳健""]"
2,2436,wen ke,2,"[""文科"", ""温克""]"
2,2437,wen li,2,"[""文理"", ""纹理""]"
2,2438,wen ming,2,"[""文明"", ""闻名""]"
2,2439,wen ming de,2,"[""文明的"", ""闻名的""]"
2,2440,wen shu,2,"[""文书"", ""文殊""]"
2,2441,wen ti,2,"[""文体"", ""问题""]"
2,2442,wen wang,2,"[""文王"", ""温网""]"
2,2443,wen wu,2,"[""文武"", ""文物""]"
2,2444,wen xuan,2,"[""文宣"", ""文选""]"
2,2445,wen yi,2,"[""文艺"", ""瘟疫""]"
2,2446,wen zhang,2,"[""文章"", ""纹章""]"
2,2447,wen zhi,2,"[""文治"", ""文职""]"
2,2448,wen zi,2,"[""文字"", ""蚊子""]"
2,2449,wo de,2,"[""我的"", ""沃德""]"
2,2450,wo er,2,"[""卧儿"", ""沃尔""]"
2,2451,wo lun,2,"[""沃伦"", ""涡轮""]"
2,2452,wo luo,2,"[""沃洛"", ""沃罗""]"
2,2453,wo shi,2,"[""卧室"", ""我是""]"
2,2454,wo si,2,"[""沃思"", ""沃斯""]"
2,2455,wu bi,2,"[""无比"", ""舞弊""]"
2,2456,wu da,2,"[""乌达"", ""五大""]"
2,2457,wu di,2,"[""无敌"", ""武帝""]"
2,2458,wu fa zai,2,"[""无法再"", ""无法在""]"
2,2459,wu feng,2,"[""无缝"", ""雾峰""]"
2,2460,wu guan,2,"[""无关"", ""武官""]"
2,2461,wu hui,2,"[""舞会"", ""误会""]"
2,2462,wu jiang,2,"[""吴江"", ""武将""]"
2,2463,wu jie,2,"[""五届"", ""误解""]"
2,2464,wu jin,2,"[""无尽"", ""武进""]"
2,2465,wu ke,2,"[""午科"", ""无可""]"
2,2466,wu liao,2,"[""无聊"", ""物料""]"
2,2467,wu pin,2,"[""五品"", ""物品""]"
2,2468,wu qi,2,"[""五七"", ""武器""]"
2,2469,wu quan,2,"[""无权"", ""物权""]"
2,2470,wu ren,2,"[""五人"", ""无人""]"
2,2471,wu ri,2,"[""乌日"", ""五日""]"
2,2472,wu se,2,"[""五色"", ""无色""]"
2,2473,wu sheng,2,"[""无声"", ""武胜""]"
2,2474,wu shui,2,"[""无水"", ""污水""]"
2,2475,wu tian,2,"[""五天"", ""武田""]"
2,2476,wu ting,2,"[""吴廷"", ""舞厅""]"
2,2477,wu tong,2,"[""巫统"", ""梧桐""]"
2,2478,wu wang,2,"[""吴王"", ""武王""]"
2,2479,wu ye,2,"[""午夜"", ""物业""]"
2,2480,wu yuan,2,"[""屋苑"", ""无缘""]"
2,2481,wu yue,2,"[""五月"", ""吴越""]"
2,2482,wu zhi,2,"[""无知"", ""物质""]"
2,2483,wu zhong,2,"[""五种"", ""物种""]"
2,2484,wu zhou,2,"[""五州"", ""武周""]"
2,2485,xi ban,2,"[""戏班"", ""西班""]"
2,2486,xi chang,2,"[""细长"", ""西昌""]"
2,2487,xi chuan,2,"[""细川"", ""西川""]"
2,2488,xi cun,2,"[""溪村"", ""西村""]"
2,2489,xi duan,2,"[""西段"", ""西端""]"
2,2490,xi er de,2,"[""希尔德"", ""希尔的""]"
2,2491,xi fang,2,"[""戏仿"", ""西方""]"
2,2492,xi fen,2,"[""戏份"", ""细分""]"
2,2493,xi ge,2,"[""西哥"", ""西格""]"
2,2494,xi guan,2,"[""习惯"", ""西关""]"
2,2495,xi hu,2,"[""潟湖"", ""西湖""]"
2,2496,xi jing,2,"[""西京"", ""西经""]"
2,2497,xi ju,2,"[""喜剧"", ""戏剧""]"
2,2498,xi jun,2,"[""细菌"", ""西军""]"
2,2499,xi lan,2,"[""西兰"", ""锡兰""]"
2,2500,xi li,2,"[""洗礼"", ""西里""]"
2,2501,xi meng,2,"[""希盟"", ""西蒙""]"
2,2502,xi mu,2,"[""希姆"", ""西姆""]"
2,2503,xi nan,2,"[""新安"", ""西南""]"
2,2504,xi ning,2,"[""熙宁"", ""西宁""]"
2,2505,xi shan,2,"[""西山"", ""锡山""]"
2,2506,xi sheng,2,"[""牺牲"", ""西省""]"
2,2507,xi shou,2,"[""吸收"", ""洗手""]"
2,2508,xi si,2,"[""希斯"", ""西斯""]"
2,2509,xi te,2,"[""希特"", ""西特""]"
2,2510,xi wu,2,"[""习武"", ""西武""]"
2,2511,xi xiang,2,"[""溪乡"", ""西乡""]"
2,2512,xi xing,2,"[""习性"", ""西行""]"
2,2513,xi yi,2,"[""洗衣"", ""蜥蜴""]"
2,2514,xi you,2,"[""稀有"", ""系由""]"
2,2515,xia ban,2,"[""下半"", ""下班""]"
2,2516,xia chang,2,"[""下场"", ""狭长""]"
2,2517,xia ci,2,"[""下次"", ""瑕疵""]"
2,2518,xia fang,2,"[""下放"", ""下方""]"
2,2519,xia ji,2,"[""下级"", ""夏季""]"
2,2520,xia ke,2,"[""下课"", ""侠客""]"
2,2521,xia ling,2,"[""下令"", ""夏令""]"
2,2522,xia pu,2,"[""夏普"", ""霞浦""]"
2,2523,xia qu,2,"[""下去"", ""辖区""]"
2,2524,xia shu,2,"[""下属"", ""下述""]"
2,2525,xia xia,2,"[""下辖"", ""辖下""]"
2,2526,xia xia de,2,"[""下辖的"", ""辖下的""]"
2,2527,xia xian,2,"[""下线"", ""下限""]"
2,2528,xia zai,2,"[""下在"", ""下载""]"
2,2529,xian chang,2,"[""献唱"", ""现场""]"
2,2530,xian dao,2,"[""先导"", ""县道""]"
2,2531,xian di,2,"[""先帝"", ""献帝""]"
2,2532,xian fa,2,"[""先发"", ""宪法""]"
2,2533,xian feng,2,"[""先锋"", ""咸丰""]"
2,2534,xian jin de,2,"[""先进的"", ""现今的""]"
2,2535,xian ju,2,"[""仙居"", ""现居""]"
2,2536,xian li,2,"[""先例"", ""县立""]"
2,2537,xian luo,2,"[""暹罗"", ""陷落""]"
2,2538,xian min,2,"[""先民"", ""县民""]"
2,2539,xian nei,2,"[""县内"", ""线内""]"
2,2540,xian qi,2,"[""掀起"", ""限期""]"
2,2541,xian shang,2,"[""献上"", ""线上""]"
2,2542,xian sheng,2,"[""先生"", ""险胜""]"
2,2543,xian shi de,2,"[""现实的"", ""现时的""]"
2,2544,xian shi qi,2,"[""显示其"", ""显示器""]"
2,2545,xian shu,2,"[""县属"", ""现属""]"
2,2546,xian xing de,2,"[""现行的"", ""线性的""]"
2,2547,xian xue,2,"[""县学"", ""鲜血""]"
2,2548,xian you,2,"[""现有"", ""现由""]"
2,2549,xian zhang,2,"[""县长"", ""宪章""]"
2,2550,xian zhu,2,"[""显著"", ""闲住""]"
2,2551,xian zong,2,"[""宪宗"", ""显宗""]"
2,2552,xiang bi,2,"[""相比"", ""象鼻""]"
2,2553,xiang chang,2,"[""乡长"", ""香肠""]"
2,2554,xiang de,2,"[""乡的"", ""向的""]"
2,2555,xiang guo,2,"[""想过"", ""相国""]"
2,2556,xiang ji,2,"[""相机"", ""相继""]"
2,2557,xiang jin,2,"[""相近"", ""详尽""]"
2,2558,xiang nan,2,"[""向南"", ""湘南""]"
2,2559,xiang qian,2,"[""向前"", ""镶嵌""]"
2,2560,xiang sheng,2,"[""庠生"", ""相声""]"
2,2561,xiang shou,2,"[""享受"", ""享寿""]"
2,2562,xiang si,2,"[""相似"", ""相思""]"
2,2563,xiang ta,2,"[""向他"", ""向她""]"
2,2564,xiang tong,2,"[""相同"", ""相通""]"
2,2565,xiang wei,2,"[""相位"", ""香味""]"
2,2566,xiang xia,2,"[""乡下"", ""向下""]"
2,2567,xiang xiang,2,"[""想像"", ""想象""]"
2,2568,xiang yang,2,"[""向阳"", ""襄阳""]"
2,2569,xiang yi,2,"[""相依"", ""相异""]"
2,2570,xiang ying,2,"[""响应"", ""相应""]"
2,2571,xiang you,2,"[""享有"", ""向右""]"
2,2572,xiao chuan,2,"[""小川"", ""小船""]"
2,2573,xiao dui,2,"[""小队"", ""校队""]"
2,2574,xiao guo,2,"[""小国"", ""效果""]"
2,2575,xiao hao,2,"[""小号"", ""消耗""]"
2,2576,xiao hui,2,"[""校徽"", ""销毁""]"
2,2577,xiao jie,2,"[""小姐"", ""小节""]"
2,2578,xiao qu,2,"[""小区"", ""校区""]"
2,2579,xiao shi hou,2,"[""小时候"", ""小时后""]"
2,2580,xiao shu,2,"[""小数"", ""小鼠""]"
2,2581,xiao wu,2,"[""小屋"", ""校务""]"
2,2582,xiao xi,2,"[""小溪"", ""消息""]"
2,2583,xiao yao,2,"[""萧遥"", ""逍遥""]"
2,2584,xiao ye,2,"[""小叶"", ""小野""]"
2,2585,xiao yuan,2,"[""校园"", ""校院""]"
2,2586,xiao zi,2,"[""小子"", ""小字""]"
2,2587,xie er,2,"[""歇尔"", ""谢尔""]"
2,2588,xie fang,2,"[""协防"", ""斜方""]"
2,2589,xie he,2,"[""协和"", ""谢赫""]"
2,2590,xie li,2,"[""协力"", ""协理""]"
2,2591,xie lou,2,"[""泄漏"", ""泄露""]"
2,2592,xie po,2,"[""斜坡"", ""胁迫""]"
2,2593,xie shang,2,"[""写上"", ""协商""]"
2,2594,xie shi,2,"[""写实"", ""写诗""]"
2,2595,xie tong,2,"[""偕同"", ""协同""]"
2,2596,xie wei,2,"[""些微"", ""写为""]"
2,2597,xie xia,2,"[""写下"", ""卸下""]"
2,2598,xie zhu,2,"[""写著"", ""协助""]"
2,2599,xie zi,2,"[""写字"", ""鞋子""]"
2,2600,xie zuo,2,"[""写作"", ""协作""]"
2,2601,xin ban,2,"[""信办"", ""新版""]"
2,2602,xin bao,2,"[""新堡"", ""新报""]"
2,2603,xin chou,2,"[""薪酬"", ""辛丑""]"
2,2604,xin fu,2,"[""信服"", ""心腹""]"
2,2605,xin ge,2,"[""新歌"", ""辛格""]"
2,2606,xin guan,2,"[""新冠"", ""新馆""]"
2,2607,xin he,2,"[""信和"", ""新河""]"
2,2608,xin hua,2,"[""新化"", ""新华""]"
2,2609,xin ji,2,"[""心肌"", ""辛基""]"
2,2610,xin jian,2,"[""信件"", ""新建""]"
2,2611,xin jie,2,"[""新界"", ""新街""]"
2,2612,xin jin,2,"[""新近"", ""薪金""]"
2,2613,xin nian,2,"[""信念"", ""新年""]"
2,2614,xin qu,2,"[""新区"", ""新曲""]"
2,2615,xin she,2,"[""新社"", ""新设""]"
2,2616,xin tian,2,"[""信天"", ""新田""]"
2,2617,xin tiao,2,"[""信条"", ""心跳""]"
2,2618,xin wen bao dao,2,"[""新闻报导"", ""新闻报道""]"
2,2619,xin xi,2,"[""信息"", ""新潟""]"
2,2620,xin xiang,2,"[""心像"", ""新乡""]"
2,2621,xin xin,2,"[""信心"", ""辛辛""]"
2,2622,xin xing de,2,"[""新兴的"", ""新型的""]"
2,2623,xin ying,2,"[""新营"", ""新颖""]"
2,2624,xing che,2,"[""型车"", ""行车""]"
2,2625,xing fa,2,"[""刑法"", ""刑罚""]"
2,2626,xing hao,2,"[""型号"", ""幸好""]"
2,2627,xing he,2,"[""型和"", ""性和""]"
2,2628,xing hui,2,"[""星辉"", ""行贿""]"
2,2629,xing jian,2,"[""兴建"", ""星舰""]"
2,2630,xing jun,2,"[""星君"", ""行军""]"
2,2631,xing ming,2,"[""姓名"", ""性命""]"
2,2632,xing qi hou,2,"[""性气候"", ""星期后""]"
2,2633,xing sheng,2,"[""兴盛"", ""行省""]"
2,2634,xing shu,2,"[""行书"", ""行署""]"
2,2635,xing ti,2,"[""形体"", ""星体""]"
2,2636,xing yu,2,"[""性与"", ""性欲""]"
2,2637,xing yun,2,"[""幸运"", ""星云""]"
2,2638,xing zhuang,2,"[""形状"", ""性状""]"
2,2639,xiu lian,2,"[""修炼"", ""修练""]"
2,2640,xiu qi,2,"[""休憩"", ""修葺""]"
2,2641,xiu shi,2,"[""修士"", ""修饰""]"
2,2642,xiu si,2,"[""休斯"", ""修斯""]"
2,2643,xiu si dun,2,"[""休斯敦"", ""休斯顿""]"
2,2644,xiu xi,2,"[""休息"", ""修习""]"
2,2645,xiu xian,2,"[""休闲"", ""修宪""]"
2,2646,xiu yang,2,"[""休养"", ""修养""]"
2,2647,xiu zhi,2,"[""休止"", ""秀智""]"
2,2648,xu jia,2,"[""徐家"", ""虚假""]"
2,2649,xu jiu,2,"[""许久"", ""酗酒""]"
2,2650,xu ke,2,"[""徐克"", ""许可""]"
2,2651,xu mu,2,"[""序幕"", ""畜牧""]"
2,2652,xu shu,2,"[""叙述"", ""序数""]"
2,2653,xu yao,2,"[""需要"", ""须要""]"
2,2654,xu zai,2,"[""需在"", ""须在""]"
2,2655,xuan de,2,"[""宣德"", ""选的""]"
2,2656,xuan fu,2,"[""宣抚"", ""悬浮""]"
2,2657,xuan ji,2,"[""旋即"", ""选集""]"
2,2658,xuan jiao,2,"[""宣教"", ""选角""]"
2,2659,xuan ju,2,"[""玄驹"", ""选举""]"
2,2660,xuan qu,2,"[""选区"", ""选取""]"
2,2661,xuan shi,2,"[""宣示"", ""宣誓""]"
2,2662,xuan shou,2,"[""选手"", ""选授""]"
2,2663,xuan wei,2,"[""宣慰"", ""选为""]"
2,2664,xuan wu,2,"[""宣武"", ""玄武""]"
2,2665,xuan xiu,2,"[""选修"", ""选秀""]"
2,2666,xuan ya,2,"[""悬崖"", ""泫雅""]"
2,2667,xuan yi,2,"[""悬疑"", ""旋翼""]"
2,2668,xuan zong,2,"[""宣宗"", ""玄宗""]"
2,2669,xue cheng,2,"[""学成"", ""学程""]"
2,2670,xue fu,2,"[""学府"", ""雪夫""]"
2,2671,xue jia,2,"[""学家"", ""学甲""]"
2,2672,xue shi,2,"[""学士"", ""学识""]"
2,2673,xue tang,2,"[""学堂"", ""血糖""]"
2,2674,xue tong,2,"[""学童"", ""血统""]"
2,2675,xue xi,2,"[""学习"", ""学系""]"
2,2676,xue xiao,2,"[""学校"", ""血小""]"
2,2677,xue ye,2,"[""学业"", ""血液""]"
2,2678,xue zheng,2,"[""学政"", ""血症""]"
2,2679,xun hui,2,"[""寻回"", ""巡回""]"
2,2680,ya de,2,"[""亚德"", ""亚的""]"
2,2681,ya er,2,"[""亚尔"", ""雅尔""]"
2,2682,ya ge,2,"[""牙哥"", ""雅各""]"
2,2683,ya na,2,"[""亚纳"", ""亚那""]"
2,2684,ya qi,2,"[""亚齐"", ""压器""]"
2,2685,ya shi,2,"[""亚士"", ""亚视""]"
2,2686,ya shu,2,"[""亚属"", ""亚述""]"
2,2687,ya tai,2,"[""亚太"", ""亚泰""]"
2,2688,yan an,2,"[""延安"", ""沿岸""]"
2,2689,yan bian,2,"[""延边"", ""演变""]"
2,2690,yan cheng,2,"[""严惩"", ""盐埕""]"
2,2691,yan du,2,"[""盐度"", ""研读""]"
2,2692,yan hou,2,"[""咽喉"", ""延后""]"
2,2693,yan hu,2,"[""掩护"", ""盐湖""]"
2,2694,yan hua,2,"[""演化"", ""烟花""]"
2,2695,yan ji,2,"[""延吉"", ""演技""]"
2,2696,yan jiu yuan,2,"[""研究员"", ""研究院""]"
2,2697,yan jun,2,"[""严峻"", ""燕军""]"
2,2698,yan ke,2,"[""严苛"", ""眼科""]"
2,2699,yan mo,2,"[""淹没"", ""研磨""]"
2,2700,yan qi,2,"[""延期"", ""焉耆""]"
2,2701,yan qing,2,"[""宴请"", ""延庆""]"
2,2702,yan shen,2,"[""延伸"", ""眼神""]"
2,2703,yan yuan,2,"[""演员"", ""研院""]"
2,2704,yan zhan,2,"[""厌战"", ""延展""]"
2,2705,yan zhong,2,"[""严重"", ""眼中""]"
2,2706,yang fu,2,"[""养父"", ""杨府""]"
2,2707,yang guo,2,"[""杨国"", ""杨过""]"
2,2708,yang hang,2,"[""央行"", ""洋行""]"
2,2709,yang ji,2,"[""氧基"", ""洋基""]"
2,2710,yang jian,2,"[""杨健"", ""杨坚""]"
2,2711,yang mao,2,"[""样貌"", ""羊毛""]"
2,2712,yang xing,2,"[""杨行"", ""阳性""]"
2,2713,yang zhou,2,"[""扬州"", ""洋洲""]"
2,2714,yao bi,2,"[""姚弼"", ""要比""]"
2,2715,yao dao,2,"[""要到"", ""要道""]"
2,2716,yao shi,2,"[""药师"", ""钥匙""]"
2,2717,yao yong,2,"[""药用"", ""要用""]"
2,2718,yao yuan,2,"[""要员"", ""遥远""]"
2,2719,yao zhi,2,"[""窑址"", ""要职""]"
2,2720,ye cheng,2,"[""也称"", ""邺城""]"
2,2721,ye cheng wei,2,"[""也成为"", ""也称为""]"
2,2722,ye de,2,"[""业的"", ""叶的""]"
2,2723,ye er,2,"[""叶尔"", ""耶尔""]"
2,2724,ye fu,2,"[""叶夫"", ""耶夫""]"
2,2725,ye he,2,"[""业和"", ""也和""]"
2,2726,ye jian,2,"[""叶剑"", ""夜间""]"
2,2727,ye jiao,2,"[""也叫"", ""也较""]"
2,2728,ye ke,2,"[""也可"", ""耶克""]"
2,2729,ye li,2,"[""叶利"", ""夜里""]"
2,2730,ye lu,2,"[""耶路"", ""耶鲁""]"
2,2731,ye shou,2,"[""野兽"", ""野手""]"
2,2732,ye si,2,"[""叶斯"", ""耶斯""]"
2,2733,ye wei,2,"[""也为"", ""也未""]"
2,2734,ye wu,2,"[""业务"", ""也无""]"
2,2735,ye yi,2,"[""也以"", ""也已""]"
2,2736,ye you,2,"[""也有"", ""也由""]"
2,2737,ye zhu,2,"[""业主"", ""野猪""]"
2,2738,ye zi,2,"[""叶子"", ""椰子""]"
2,2739,yi ba,2,"[""一八"", ""一把""]"
2,2740,yi ban de,2,"[""一半的"", ""一般的""]"
2,2741,yi bian,2,"[""一边"", ""以便""]"
2,2742,yi bo,2,"[""一波"", ""易卜""]"
2,2743,yi bu fen,2,"[""一部份"", ""一部分""]"
2,2744,yi ceng,2,"[""一层"", ""亦曾""]"
2,2745,yi ci wei,2,"[""以此为"", ""依次为""]"
2,2746,yi da dao,2,"[""以达到"", ""已达到""]"
2,2747,yi da li,2,"[""义大利"", ""意大利""]"
2,2748,yi da li yu,2,"[""义大利语"", ""意大利语""]"
2,2749,yi ding,2,"[""一定"", ""议定""]"
2,2750,yi dun,2,"[""亿吨"", ""伊顿""]"
2,2751,yi er,2,"[""一二"", ""伊尔""]"
2,2752,yi fa,2,"[""一发"", ""依法""]"
2,2753,yi fang,2,"[""一方"", ""以防""]"
2,2754,yi fen,2,"[""一份"", ""一分""]"
2,2755,yi gai,2,"[""一改"", ""一概""]"
2,2756,yi ge ren,2,"[""一个人"", ""以个人""]"
2,2757,yi guan,2,"[""一贯"", ""衣冠""]"
2,2758,yi han,2,"[""意涵"", ""遗憾""]"
2,2759,yi hu,2,"[""一护"", ""医护""]"
2,2760,yi hui,2,"[""亦会"", ""议会""]"
2,2761,yi huo de,2,"[""以获得"", ""已获得""]"
2,2762,yi jun,2,"[""一军"", ""义军""]"
2,2763,yi lan,2,"[""一览"", ""宜兰""]"
2,2764,yi lang,2,"[""一郎"", ""伊朗""]"
2,2765,yi lei,2,"[""一类"", ""伊勒""]"
2,2766,yi li sha bai,2,"[""伊丽莎白"", ""伊莉莎白""]"
2,2767,yi liao,2,"[""医疗"", ""意料""]"
2,2768,yi lv,2,"[""一律"", ""疑虑""]"
2,2769,yi ma,2,"[""伊玛"", ""译码""]"
2,2770,yi mei guo,2,"[""以美国"", ""裔美国""]"
2,2771,yi mian,2,"[""一面"", ""以免""]"
2,2772,yi ming wei,2,"[""易名为"", ""艺名为""]"
2,2773,yi mu,2,"[""伊姆"", ""异母""]"
2,2774,yi pian,2,"[""一片"", ""一篇""]"
2,2775,yi qian,2,"[""一千"", ""以前""]"
2,2776,yi qiu,2,"[""一球"", ""以求""]"
2,2777,yi qu,2,"[""一区"", ""一曲""]"
2,2778,yi quan,2,"[""一圈"", ""以全""]"
2,2779,yi ri,2,"[""一日"", ""翌日""]"
2,2780,yi ri yuan,2,"[""亿日元"", ""亿日圆""]"
2,2781,yi ru,2,"[""一如"", ""移入""]"
2,2782,yi shen,2,"[""一审"", ""伊什""]"
2,2783,yi shou,2,"[""一手"", ""一首""]"
2,2784,yi suo,2,"[""一所"", ""役所""]"
2,2785,yi ta,2,"[""以他"", ""伊塔""]"
2,2786,yi tai,2,"[""一台"", ""以太""]"
2,2787,yi tian,2,"[""一天"", ""倚天""]"
2,2788,yi tu,2,"[""以图"", ""意图""]"
2,2789,yi wai,2,"[""以外"", ""意外""]"
2,2790,yi wai de,2,"[""以外的"", ""意外的""]"
2,2791,yi xia,2,"[""一下"", ""以下""]"
2,2792,yi xiao,2,"[""一小"", ""以小""]"
2,2793,yi xiao shi,2,"[""一小时"", ""已消失""]"
2,2794,yi ye,2,"[""一夜"", ""肄业""]"
2,2795,yi yue,2,"[""一月"", ""一跃""]"
2,2796,yi zhang,2,"[""一张"", ""议长""]"
2,2797,yi zheng,2,"[""一整"", ""议政""]"
2,2798,yi zhi dao,2,"[""一直到"", ""移植到""]"
2,2799,yi zhi de,2,"[""一致的"", ""已知的""]"
2,2800,yi zhou,2,"[""一周"", ""益州""]"
2,2801,yi zhu,2,"[""移驻"", ""遗嘱""]"
2,2802,yi zong,2,"[""一宗"", ""懿宗""]"
2,2803,yin bi,2,"[""银币"", ""隐蔽""]"
2,2804,yin ci ta,2,"[""因此他"", ""因此它""]"
2,2805,yin dao,2,"[""引导"", ""阴道""]"
2,2806,yin di an,2,"[""印地安"", ""印第安""]"
2,2807,yin di an na zhou,2,"[""印地安纳州"", ""印第安纳州""]"
2,2808,yin di an ren,2,"[""印地安人"", ""印第安人""]"
2,2809,yin du,2,"[""印度"", ""引渡""]"
2,2810,yin fa,2,"[""印发"", ""引发""]"
2,2811,yin ji,2,"[""印记"", ""阴极""]"
2,2812,yin jie,2,"[""音节"", ""音阶""]"
2,2813,yin li,2,"[""引力"", ""引理""]"
2,2814,yin ni,2,"[""印尼"", ""隐匿""]"
2,2815,yin pin,2,"[""音频"", ""饮品""]"
2,2816,yin qi,2,"[""因其"", ""引起""]"
2,2817,yin se,2,"[""银色"", ""音色""]"
2,2818,yin shu,2,"[""因数"", ""引述""]"
2,2819,yin shui,2,"[""引水"", ""饮水""]"
2,2820,yin si,2,"[""因斯"", ""隐私""]"
2,2821,yin wei ta men,2,"[""因为他们"", ""因为它们""]"
2,2822,yin xian,2,"[""鄞县"", ""阴县""]"
2,2823,yin xiang,2,"[""印象"", ""音响""]"
2,2824,yin ying,2,"[""因应"", ""阴影""]"
2,2825,yin yong,2,"[""引用"", ""饮用""]"
2,2826,yin zhi,2,"[""印制"", ""引致""]"
2,2827,ying chao,2,"[""英超"", ""颖超""]"
2,2828,ying chi,2,"[""英呎"", ""英尺""]"
2,2829,ying cun,2,"[""英吋"", ""英寸""]"
2,2830,ying de,2,"[""营的"", ""赢得""]"
2,2831,ying fang,2,"[""英方"", ""营房""]"
2,2832,ying guang,2,"[""荧光"", ""萤光""]"
2,2833,ying jia,2,"[""英甲"", ""赢家""]"
2,2834,ying jian,2,"[""硬件"", ""营建""]"
2,2835,ying jie,2,"[""应届"", ""迎接""]"
2,2836,ying jiu,2,"[""英九"", ""营救""]"
2,2837,ying jun,2,"[""英俊"", ""英军""]"
2,2838,ying mu,2,"[""英亩"", ""萤幕""]"
2,2839,ying pan,2,"[""硬盘"", ""营盘""]"
2,2840,ying ye,2,"[""影业"", ""营业""]"
2,2841,ying yin,2,"[""影印"", ""影音""]"
2,2842,ying yong,2,"[""应用"", ""英勇""]"
2,2843,ying you,2,"[""应有"", ""应由""]"
2,2844,ying yu,2,"[""盈余"", ""英语""]"
2,2845,ying yuan,2,"[""应援"", ""影院""]"
2,2846,yong bing,2,"[""佣兵"", ""用兵""]"
2,2847,yong chang,2,"[""永常"", ""永昌""]"
2,2848,yong hu,2,"[""拥护"", ""用户""]"
2,2849,yong le,2,"[""永乐"", ""用了""]"
2,2850,yong li,2,"[""拥立"", ""永历""]"
2,2851,yong yi,2,"[""用以"", ""用意""]"
2,2852,you cheng,2,"[""又称"", ""有成""]"
2,2853,you dai,2,"[""优待"", ""有待""]"
2,2854,you gai,2,"[""有盖"", ""由该""]"
2,2855,you gao,2,"[""有高"", ""由高""]"
2,2856,you ge,2,"[""有个"", ""由各""]"
2,2857,you guan,2,"[""有关"", ""油罐""]"
2,2858,you hao,2,"[""又号"", ""友好""]"
2,2859,you he,2,"[""有何"", ""由和""]"
2,2860,you hua,2,"[""优化"", ""油画""]"
2,2861,you jian,2,"[""油尖"", ""邮件""]"
2,2862,you jiu,2,"[""悠久"", ""有九""]"
2,2863,you ka,2,"[""尤卡"", ""由卡""]"
2,2864,you li de,2,"[""有利的"", ""有力的""]"
2,2865,you liang ge,2,"[""有两个"", ""由两个""]"
2,2866,you liu,2,"[""有六"", ""由刘""]"
2,2867,you mei,2,"[""优美"", ""由美""]"
2,2868,you pai,2,"[""又派"", ""右派""]"
2,2869,you qian,2,"[""有钱"", ""由前""]"
2,2870,you qing,2,"[""友情"", ""右倾""]"
2,2871,you ru,2,"[""有如"", ""犹如""]"
2,2872,you san,2,"[""有三"", ""由三""]"
2,2873,you san ge,2,"[""有三个"", ""由三个""]"
2,2874,you si,2,"[""有司"", ""有四""]"
2,2875,you ta,2,"[""犹他"", ""由他""]"
2,2876,you wang,2,"[""有望"", ""由王""]"
2,2877,you xia,2,"[""游侠"", ""由下""]"
2,2878,you yi ci,2,"[""又一次"", ""有一次""]"
2,2879,you yi ge,2,"[""有一个"", ""由一个""]"
2,2880,you yi ming,2,"[""有一名"", ""由一名""]"
2,2881,you yi wei,2,"[""又译为"", ""有一位""]"
2,2882,you yi xia,2,"[""有以下"", ""由以下""]"
2,2883,you yi zuo,2,"[""又译作"", ""有一座""]"
2,2884,you yong,2,"[""有用"", ""游泳""]"
2,2885,you yue,2,"[""优越"", ""有约""]"
2,2886,you zai,2,"[""又在"", ""有在""]"
2,2887,you zheng,2,"[""由郑"", ""邮政""]"
2,2888,you zhou,2,"[""幽州"", ""由周""]"
2,2889,you zhu,2,"[""有助"", ""有著""]"
2,2890,yu bei,2,"[""与北"", ""预备""]"
2,2891,yu ben,2,"[""与本"", ""于本""]"
2,2892,yu bu,2,"[""与不"", ""余部""]"
2,2893,yu chi,2,"[""尉迟"", ""鱼翅""]"
2,2894,yu da,2,"[""与大"", ""于大""]"
2,2895,yu dang di,2,"[""与当地"", ""于当地""]"
2,2896,yu de guo,2,"[""与德国"", ""于德国""]"
2,2897,yu ding,2,"[""预定"", ""预订""]"
2,2898,yu fa,2,"[""愈发"", ""语法""]"
2,2899,yu gai,2,"[""与该"", ""于该""]"
2,2900,yu gao,2,"[""与高"", ""预告""]"
2,2901,yu gu,2,"[""与古"", ""预估""]"
2,2902,yu han guo,2,"[""与韩国"", ""于韩国""]"
2,2903,yu huang,2,"[""与黄"", ""玉皇""]"
2,2904,yu hui,2,"[""与会"", ""迂回""]"
2,2905,yu ke,2,"[""预科"", ""鱼科""]"
2,2906,yu lei,2,"[""鱼类"", ""鱼雷""]"
2,2907,yu li,2,"[""与李"", ""玉里""]"
2,2908,yu liu,2,"[""与刘"", ""预留""]"
2,2909,yu long,2,"[""玉龙"", ""鱼龙""]"
2,2910,yu lu,2,"[""裕禄"", ""语录""]"
2,2911,yu ma,2,"[""与马"", ""语码""]"
2,2912,yu mei guo,2,"[""与美国"", ""于美国""]"
2,2913,yu ming,2,"[""余名"", ""域名""]"
2,2914,yu qi ta,2,"[""与其他"", ""与其它""]"
2,2915,yu ren,2,"[""与人"", ""余人""]"
2,2916,yu ri ben,2,"[""与日本"", ""于日本""]"
2,2917,yu san,2,"[""与三"", ""雨伞""]"
2,2918,yu shan,2,"[""屿山"", ""玉山""]"
2,2919,yu shang,2,"[""与上"", ""遇上""]"
2,2920,yu shui,2,"[""与水"", ""雨水""]"
2,2921,yu ta,2,"[""与他"", ""与她""]"
2,2922,yu ta de,2,"[""与他的"", ""与她的""]"
2,2923,yu tai,2,"[""与台"", ""语态""]"
2,2924,yu tai wan,2,"[""与台湾"", ""于台湾""]"
2,2925,yu tian,2,"[""于阗"", ""羽田""]"
2,2926,yu wei,2,"[""誉为"", ""语为""]"
2,2927,yu wen,2,"[""宇文"", ""语文""]"
2,2928,yu xia,2,"[""与下"", ""余下""]"
2,2929,yu xian,2,"[""余弦"", ""预先""]"
2,2930,yu xiang gang,2,"[""与香港"", ""于香港""]"
2,2931,yu xin,2,"[""与新"", ""于新""]"
2,2932,yu ye,2,"[""与叶"", ""渔业""]"
2,2933,yu ying guo,2,"[""与英国"", ""于英国""]"
2,2934,yu yue,2,"[""愉悦"", ""预约""]"
2,2935,yu zai,2,"[""与在"", ""于在""]"
2,2936,yu zhang,2,"[""与张"", ""豫章""]"
2,2937,yu zheng,2,"[""与正"", ""与郑""]"
2,2938,yu zhong guo,2,"[""与中国"", ""于中国""]"
2,2939,yuan chao,2,"[""元朝"", ""远超""]"
2,2940,yuan cheng,2,"[""原称"", ""远程""]"
2,2941,yuan di,2,"[""元帝"", ""原地""]"
2,2942,yuan ji,2,"[""原籍"", ""圆寂""]"
2,2943,yuan jun,2,"[""元军"", ""援军""]"
2,2944,yuan lai,2,"[""原来"", ""源赖""]"
2,2945,yuan li,2,"[""原理"", ""远离""]"
2,2946,yuan lin,2,"[""员林"", ""园林""]"
2,2947,yuan nei,2,"[""园内"", ""院内""]"
2,2948,yuan qu,2,"[""园区"", ""院区""]"
2,2949,yuan sheng,2,"[""原声"", ""原生""]"
2,2950,yuan wei,2,"[""原为"", ""鸢尾""]"
2,2951,yuan xiao,2,"[""元宵"", ""院校""]"
2,2952,yuan yang,2,"[""远洋"", ""鸳鸯""]"
2,2953,yuan yuan,2,"[""渊源"", ""远远""]"
2,2954,yuan zhi,2,"[""原址"", ""原职""]"
2,2955,yuan zi,2,"[""原子"", ""源自""]"
2,2956,yue 1,2,"[""月1"", ""约1""]"
2,2957,yue 2,2,"[""月2"", ""约2""]"
2,2958,yue guo,2,"[""越国"", ""越过""]"
2,2959,yue shi,2,"[""乐师"", ""月食""]"
2,2960,yue tan,2,"[""乐坛"", ""约谈""]"
2,2961,yue wei,2,"[""约为"", ""越位""]"
2,2962,yue zhan,2,"[""约占"", ""越战""]"
2,2963,yun hui,2,"[""运会"", ""运回""]"
2,2964,yun shan,2,"[""云山"", ""云杉""]"
2,2965,yun shu ji,2,"[""运输及"", ""运输机""]"
2,2966,za zhi,2,"[""杂志"", ""杂质""]"
2,2967,zai ci,2,"[""再次"", ""在此""]"
2,2968,zai cong,2,"[""再从"", ""在从""]"
2,2969,zai de,2,"[""在德"", ""在的""]"
2,2970,zai hai,2,"[""在海"", ""灾害""]"
2,2971,zai he,2,"[""在和"", ""载荷""]"
2,2972,zai hou,2,"[""在后"", ""灾后""]"
2,2973,zai jia,2,"[""再加"", ""在家""]"
2,2974,zai jiao yu,2,"[""再教育"", ""在教育""]"
2,2975,zai jin xing,2,"[""再进行"", ""在进行""]"
2,2976,zai jing,2,"[""再经"", ""在京""]"
2,2977,zai ke,2,"[""在科"", ""载客""]"
2,2978,zai mei,2,"[""在每"", ""在美""]"
2,2979,zai mei you,2,"[""再没有"", ""在没有""]"
2,2980,zai na li,2,"[""在哪里"", ""在那里""]"
2,2981,zai nan,2,"[""在南"", ""灾难""]"
2,2982,zai qi,2,"[""再起"", ""在其""]"
2,2983,zai qi ta,2,"[""在其他"", ""在其它""]"
2,2984,zai qing,2,"[""在清"", ""灾情""]"
2,2985,zai ru,2,"[""再入"", ""载入""]"
2,2986,zai san,2,"[""再三"", ""在三""]"
2,2987,zai sheng,2,"[""再生"", ""在圣""]"
2,2988,zai ta,2,"[""在他"", ""在她""]"
2,2989,zai xiang,2,"[""在向"", ""宰相""]"
2,2990,zai xiao,2,"[""在小"", ""在校""]"
2,2991,zai xin,2,"[""在心"", ""在新""]"
2,2992,zai ye,2,"[""再也"", ""在野""]"
2,2993,zai yi ci,2,"[""再一次"", ""在一次""]"
2,2994,zai yi da li,2,"[""在义大利"", ""在意大利""]"
2,2995,zai zhe,2,"[""再者"", ""在这""]"
2,2996,zai zhong,2,"[""在中"", ""栽种""]"
2,2997,zao chuan,2,"[""早川"", ""造船""]"
2,2998,zao jia,2,"[""造价"", ""造假""]"
2,2999,zao jiu,2,"[""早就"", ""造就""]"
2,3000,zao xing,2,"[""造型"", ""造星""]"
2,3001,zao yi,2,"[""早已"", ""造诣""]"
2,3002,zao yu,2,"[""早于"", ""遭遇""]"
2,3003,ze bei,2,"[""则被"", ""责备""]"
2,3004,ze cheng wei,2,"[""则成为"", ""则称为""]"
2,3005,ze shi,2,"[""则是"", ""泽市""]"
2,3006,ze you,2,"[""则有"", ""则由""]"
2,3007,ze yu,2,"[""则与"", ""则于""]"
2,3008,ze zhi,2,"[""则只"", ""则指""]"
2,3009,zeng jia zhi,2,"[""增加值"", ""增加至""]"
2,3010,zeng yu,2,"[""赠与"", ""赠予""]"
2,3011,zha sa ke,2,"[""扎萨克"", ""札萨克""]"
2,3012,zhai di,2,"[""宅第"", ""宅邸""]"
2,3013,zhai quan,2,"[""债券"", ""债权""]"
2,3014,zhan chang,2,"[""战场"", ""站场""]"
2,3015,zhan de,2,"[""战的"", ""站的""]"
2,3016,zhan di,2,"[""占地"", ""战地""]"
2,3017,zhan guo,2,"[""战国"", ""战果""]"
2,3018,zhan hou,2,"[""战后"", ""站后""]"
2,3019,zhan huo,2,"[""战火"", ""斩获""]"
2,3020,zhan jian,2,"[""战舰"", ""站间""]"
2,3021,zhan ju,2,"[""占据"", ""战局""]"
2,3022,zhan qian,2,"[""战前"", ""站前""]"
2,3023,zhan qu,2,"[""展区"", ""战区""]"
2,3024,zhan shang,2,"[""展上"", ""站上""]"
2,3025,zhan ting,2,"[""展厅"", ""站厅""]"
2,3026,zhan wei,2,"[""站为"", ""站位""]"
2,3027,zhan xian,2,"[""展现"", ""战线""]"
2,3028,zhang guan,2,"[""掌管"", ""长官""]"
2,3029,zhang hao,2,"[""帐号"", ""账号""]"
2,3030,zhang hu,2,"[""帐户"", ""账户""]"
2,3031,zhang hua,2,"[""张华"", ""彰化""]"
2,3032,zhang shi,2,"[""张氏"", ""长史""]"
2,3033,zhang wen,2,"[""张文"", ""长吻""]"
2,3034,zhang xian,2,"[""张献"", ""彰显""]"
2,3035,zhang ye,2,"[""张掖"", ""长野""]"
2,3036,zhang yi,2,"[""张艺"", ""樟宜""]"
2,3037,zhang yu,2,"[""张玉"", ""章鱼""]"
2,3038,zhang zi,2,"[""张子"", ""长子""]"
2,3039,zhao hu,2,"[""招呼"", ""照护""]"
2,3040,zhao hui,2,"[""召回"", ""找回""]"
2,3041,zhao tong,2,"[""昭统"", ""昭通""]"
2,3042,zhao wa,2,"[""兆瓦"", ""爪哇""]"
2,3043,zhao xiang,2,"[""招降"", ""照相""]"
2,3044,zhe bao kuo,2,"[""者包括"", ""这包括""]"
2,3045,zhe bi,2,"[""这笔"", ""遮蔽""]"
2,3046,zhe de,2,"[""着的"", ""者的""]"
2,3047,zhe duan,2,"[""折断"", ""这段""]"
2,3048,zhe he,2,"[""折合"", ""者和""]"
2,3049,zhe ji,2,"[""者及"", ""这集""]"
2,3050,zhe jian,2,"[""这件"", ""这间""]"
2,3051,zhe ke yi,2,"[""者可以"", ""这可以""]"
2,3052,zhe men,2,"[""者们"", ""这门""]"
2,3053,zhe pian,2,"[""这片"", ""这篇""]"
2,3054,zhe shi ta,2,"[""这是他"", ""这是她""]"
2,3055,zhe suo,2,"[""者所"", ""这所""]"
2,3056,zhe ye,2,"[""者也"", ""这也""]"
2,3057,zhe yi,2,"[""者以"", ""这一""]"
2,3058,zhe yu,2,"[""者与"", ""这与""]"
2,3059,zhe zai,2,"[""者在"", ""这在""]"
2,3060,zhen cha,2,"[""侦察"", ""侦查""]"
2,3061,zhen dang,2,"[""振荡"", ""震荡""]"
2,3062,zhen fu,2,"[""振幅"", ""镇抚""]"
2,3063,zhen ji,2,"[""赈济"", ""震级""]"
2,3064,zhen jun,2,"[""真君"", ""真菌""]"
2,3065,zhen ren,2,"[""真人"", ""镇人""]"
2,3066,zhen shi,2,"[""真实"", ""真是""]"
2,3067,zhen wu,2,"[""振武"", ""真武""]"
2,3068,zhen xi,2,"[""珍惜"", ""镇西""]"
2,3069,zhen zai,2,"[""赈灾"", ""震灾""]"
2,3070,zhen zhong,2,"[""阵中"", ""震中""]"
2,3071,zhen zhu,2,"[""珍珠"", ""真主""]"
2,3072,zheng bei,2,"[""整备"", ""正被""]"
2,3073,zheng bing,2,"[""征兵"", ""整并""]"
2,3074,zheng chang,2,"[""整场"", ""正常""]"
2,3075,zheng dang,2,"[""政党"", ""正当""]"
2,3076,zheng fu,2,"[""征服"", ""政府""]"
2,3077,zheng fu yu,2,"[""政府与"", ""政府于""]"
2,3078,zheng he,2,"[""政和"", ""整合""]"
2,3079,zheng jian,2,"[""政见"", ""证件""]"
2,3080,zheng jiao,2,"[""政教"", ""正交""]"
2,3081,zheng ju,2,"[""政局"", ""证据""]"
2,3082,zheng liu,2,"[""整流"", ""蒸馏""]"
2,3083,zheng lun,2,"[""争论"", ""政论""]"
2,3084,zheng ming,2,"[""正名"", ""证明""]"
2,3085,zheng quan,2,"[""政权"", ""证券""]"
2,3086,zheng shu,2,"[""整数"", ""证书""]"
2,3087,zheng ti,2,"[""政体"", ""整体""]"
2,3088,zheng wei,2,"[""政委"", ""证伪""]"
2,3089,zheng wen,2,"[""正文"", ""郑文""]"
2,3090,zheng wu,2,"[""政务"", ""正午""]"
2,3091,zheng xian,2,"[""正弦"", ""正线""]"
2,3092,zheng xiang,2,"[""争相"", ""正向""]"
2,3093,zheng xuan,2,"[""征选"", ""正选""]"
2,3094,zheng yao,2,"[""政要"", ""正要""]"
2,3095,zheng yi,2,"[""争议"", ""正义""]"
2,3096,zheng zong,2,"[""政宗"", ""正宗""]"
2,3097,zhi bei,2,"[""制备"", ""植被""]"
2,3098,zhi bo,2,"[""制播"", ""直播""]"
2,3099,zhi chang,2,"[""直肠"", ""职场""]"
2,3100,zhi cheng de,2,"[""之称的"", ""制成的""]"
2,3101,zhi ci,2,"[""至此"", ""致辞""]"
2,3102,zhi dao le,2,"[""执导了"", ""知道了""]"
2,3103,zhi ding de,2,"[""制定的"", ""指定的""]"
2,3104,zhi dui,2,"[""只对"", ""支队""]"
2,3105,zhi fa,2,"[""之法"", ""执法""]"
2,3106,zhi fang,2,"[""职方"", ""脂肪""]"
2,3107,zhi hao,2,"[""只好"", ""志豪""]"
2,3108,zhi hou zai,2,"[""之后再"", ""之后在""]"
2,3109,zhi hua,2,"[""之花"", ""志华""]"
2,3110,zhi huan,2,"[""指环"", ""置换""]"
2,3111,zhi jian,2,"[""之剑"", ""之间""]"
2,3112,zhi jie,2,"[""直接"", ""肢解""]"
2,3113,zhi jin,2,"[""治今"", ""至今""]"
2,3114,zhi ju,2,"[""之举"", ""支局""]"
2,3115,zhi kong,2,"[""制空"", ""指控""]"
2,3116,zhi liang,2,"[""志梁"", ""质量""]"
2,3117,zhi lie,2,"[""之列"", ""直列""]"
2,3118,zhi ling,2,"[""之龄"", ""指令""]"
2,3119,zhi ming de,2,"[""知名的"", ""致命的""]"
2,3120,zhi nv,2,"[""之女"", ""侄女""]"
2,3121,zhi qi,2,"[""之妻"", ""指其""]"
2,3122,zhi shen,2,"[""之神"", ""只身""]"
2,3123,zhi shou,2,"[""之手"", ""之首""]"
2,3124,zhi si,2,"[""之死"", ""致死""]"
2,3125,zhi suo,2,"[""之所"", ""治所""]"
2,3126,zhi tong,2,"[""止痛"", ""直通""]"
2,3127,zhi wen,2,"[""指纹"", ""质问""]"
2,3128,zhi yin,2,"[""之音"", ""指引""]"
2,3129,zhi ze,2,"[""指责"", ""职责""]"
2,3130,zhi zuo,2,"[""之作"", ""制作""]"
2,3131,zhong bing,2,"[""重兵"", ""重病""]"
2,3132,zhong bu,2,"[""中不"", ""中部""]"
2,3133,zhong chang,2,"[""中场"", ""终场""]"
2,3134,zhong chao,2,"[""中朝"", ""中超""]"
2,3135,zhong dao,2,"[""中岛"", ""终到""]"
2,3136,zhong dui,2,"[""中对"", ""中队""]"
2,3137,zhong duo,2,"[""众多"", ""重夺""]"
2,3138,zhong feng,2,"[""中锋"", ""中风""]"
2,3139,zhong gong,2,"[""中共"", ""重工""]"
2,3140,zhong hai,2,"[""中海"", ""中还""]"
2,3141,zhong hua,2,"[""中华"", ""重划""]"
2,3142,zhong hui,2,"[""中会"", ""重回""]"
2,3143,zhong jia,2,"[""中甲"", ""种加""]"
2,3144,zhong jie,2,"[""中介"", ""终结""]"
2,3145,zhong liu,2,"[""中六"", ""肿瘤""]"
2,3146,zhong nian,2,"[""中年"", ""终年""]"
2,3147,zhong qing,2,"[""忠清"", ""钟情""]"
2,3148,zhong ren,2,"[""中人"", ""众人""]"
2,3149,zhong shu,2,"[""中书"", ""中枢""]"
2,3150,zhong shuo,2,"[""中说"", ""众说""]"
2,3151,zhong su,2,"[""中苏"", ""重塑""]"
2,3152,zhong suo,2,"[""中所"", ""众所""]"
2,3153,zhong tian,2,"[""中天"", ""仲天""]"
2,3154,zhong tu,2,"[""中土"", ""中途""]"
2,3155,zhong wen,2,"[""中文"", ""仲文""]"
2,3156,zhong wu,2,"[""中五"", ""中午""]"
2,3157,zhong xi,2,"[""中西"", ""种系""]"
2,3158,zhong xian,2,"[""中线"", ""忠贤""]"
2,3159,zhong yao,2,"[""中药"", ""重要""]"
2,3160,zhong yi yuan,2,"[""众议员"", ""众议院""]"
2,3161,zhong yin,2,"[""中印"", ""重音""]"
2,3162,zhong zhou,2,"[""中洲"", ""中轴""]"
2,3163,zhong zi,2,"[""中子"", ""种子""]"
2,3164,zhou cheng,2,"[""州城"", ""轴承""]"
2,3165,zhou ji,2,"[""州际"", ""洲际""]"
2,3166,zhou nei,2,"[""周内"", ""州内""]"
2,3167,zhou qu,2,"[""州区"", ""洲区""]"
2,3168,zhou shi,2,"[""周氏"", ""州市""]"
2,3169,zhou si,2,"[""周四"", ""宙斯""]"
2,3170,zhou wei,2,"[""周围"", ""州为""]"
2,3171,zhou xian,2,"[""州县"", ""轴线""]"
2,3172,zhou yi,2,"[""周一"", ""周易""]"
2,3173,zhou zhi,2,"[""周知"", ""州治""]"
2,3174,zhu ban,2,"[""主办"", ""主板""]"
2,3175,zhu bi,2,"[""主笔"", ""铸币""]"
2,3176,zhu bo,2,"[""主播"", ""筑波""]"
2,3177,zhu cheng,2,"[""筑城"", ""著称""]"
2,3178,zhu chi,2,"[""主持"", ""住持""]"
2,3179,zhu chu,2,"[""住处"", ""逐出""]"
2,3180,zhu dao,2,"[""主导"", ""诸岛""]"
2,3181,zhu di,2,"[""朱迪"", ""驻地""]"
2,3182,zhu fang,2,"[""住房"", ""驻防""]"
2,3183,zhu fu,2,"[""主妇"", ""祝福""]"
2,3184,zhu ge,2,"[""主格"", ""诸葛""]"
2,3185,zhu gong,2,"[""主攻"", ""助攻""]"
2,3186,zhu guan,2,"[""主管"", ""主观""]"
2,3187,zhu guo,2,"[""柱国"", ""诸国""]"
2,3188,zhu ji,2,"[""主机"", ""主计""]"
2,3189,zhu jia,2,"[""住家"", ""朱家""]"
2,3190,zhu jian,2,"[""逐渐"", ""铸件""]"
2,3191,zhu jun,2,"[""诸军"", ""驻军""]"
2,3192,zhu li ya,2,"[""朱莉娅"", ""茱莉亚""]"
2,3193,zhu ming,2,"[""注明"", ""著名""]"
2,3194,zhu pao,2,"[""主炮"", ""主砲""]"
2,3195,zhu ren,2,"[""主人"", ""主任""]"
2,3196,zhu ri,2,"[""主日"", ""驻日""]"
2,3197,zhu sheng,2,"[""祝圣"", ""诸生""]"
2,3198,zhu ti,2,"[""主体"", ""主题""]"
2,3199,zhu tou,2,"[""主投"", ""柱头""]"
2,3200,zhu wei,2,"[""主委"", ""竹围""]"
2,3201,zhu xi,2,"[""主席"", ""朱熹""]"
2,3202,zhu yao you,2,"[""主要有"", ""主要由""]"
2,3203,zhu you,2,"[""住友"", ""著有""]"
2,3204,zhu yu,2,"[""主语"", ""助于""]"
2,3205,zhu zhang,2,"[""主张"", ""助长""]"
2,3206,zhu zhou,2,"[""主轴"", ""株洲""]"
2,3207,zhuan jiao,2,"[""转交"", ""转角""]"
2,3208,zhuan ke,2,"[""专科"", ""篆刻""]"
2,3209,zhuan qu,2,"[""专区"", ""赚取""]"
2,3210,zhuan ren,2,"[""专任"", ""转任""]"
2,3211,zhuan shi,2,"[""砖石"", ""转世""]"
2,3212,zhuan shu,2,"[""专属"", ""专署""]"
2,3213,zhuan wei,2,"[""专为"", ""转为""]"
2,3214,zhuan xiang,2,"[""专项"", ""转向""]"
2,3215,zhuan xie,2,"[""撰写"", ""转写""]"
2,3216,zhuan ye,2,"[""专业"", ""专页""]"
2,3217,zhuan you,2,"[""专有"", ""转由""]"
2,3218,zhuan zhe,2,"[""转折"", ""转辙""]"
2,3219,zhuan zhu,2,"[""专注"", ""专著""]"
2,3220,zhuang ji,2,"[""撞击"", ""装机""]"
2,3221,zhuang shang,2,"[""撞上"", ""装上""]"
2,3222,zhuang shi,2,"[""壮士"", ""装饰""]"
2,3223,zhuang yuan,2,"[""庄园"", ""状元""]"
2,3224,zhuang zai,2,"[""装在"", ""装载""]"
2,3225,zhui hui,2,"[""坠毁"", ""追回""]"
2,3226,zhui ji,2,"[""坠机"", ""追击""]"
2,3227,zi bo,2,"[""字伯"", ""淄博""]"
2,3228,zi cheng,2,"[""自成"", ""自称""]"
2,3229,zi ci,2,"[""字词"", ""自此""]"
2,3230,zi fang,2,"[""子房"", ""资方""]"
2,3231,zi gu,2,"[""自古"", ""自雇""]"
2,3232,zi he,2,"[""兹和"", ""子和""]"
2,3233,zi ju,2,"[""字句"", ""自居""]"
2,3234,zi mu,2,"[""字幕"", ""字母""]"
2,3235,zi ren,2,"[""自任"", ""自认""]"
2,3236,zi shen,2,"[""自身"", ""资深""]"
2,3237,zi shu,2,"[""字叔"", ""自述""]"
2,3238,zi ti,2,"[""字体"", ""自体""]"
2,3239,zi wen,2,"[""子文"", ""字文""]"
2,3240,zi xin,2,"[""自信"", ""自新""]"
2,3241,zi xuan,2,"[""自旋"", ""自选""]"
2,3242,zi xun,2,"[""咨询"", ""资讯""]"
2,3243,zi yang,2,"[""字样"", ""紫阳""]"
2,3244,zi yu,2,"[""仔鱼"", ""子与""]"
2,3245,zi zai,2,"[""子在"", ""自在""]"
2,3246,zi zhuan,2,"[""自传"", ""自转""]"
2,3247,zi zi,2,"[""姊姊"", ""字子""]"
2,3248,zong de,2,"[""宗的"", ""总的""]"
2,3249,zong dui,2,"[""总队"", ""纵队""]"
2,3250,zong guan,2,"[""总管"", ""纵贯""]"
2,3251,zong he,2,"[""总和"", ""综合""]"
2,3252,zong he zheng,2,"[""综合征"", ""综合症""]"
2,3253,zong ji,2,"[""总计"", ""踪迹""]"
2,3254,zong wu,2,"[""总务"", ""总武""]"
2,3255,zong zhu jiao,2,"[""宗主教"", ""总主教""]"
2,3256,zou fang,2,"[""诹访"", ""走访""]"
2,3257,zu de,2,"[""族的"", ""组的""]"
2,3258,zu ge,2,"[""组阁"", ""阻隔""]"
2,3259,zu jian,2,"[""组件"", ""组建""]"
2,3260,zu jie,2,"[""租借"", ""租界""]"
2,3261,zu li,2,"[""足利"", ""阻力""]"
2,3262,zu yi,2,"[""族裔"", ""足以""]"
2,3263,zu zhang,2,"[""族长"", ""组长""]"
2,3264,zu zhi le,2,"[""组织了"", ""阻止了""]"
2,3265,zu zong,2,"[""祖宗"", ""足总""]"
2,3266,zuan,2,"[""纂"", ""钻""]"
2,3267,zui hou yi,2,"[""最后一"", ""最后以""]"
2,3268,zui jiu,2,"[""最久"", ""醉酒""]"
2,3269,zui you,2,"[""最优"", ""最有""]"
2,3270,zuo an,2,"[""作案"", ""左岸""]"
2,3271,zuo biao,2,"[""坐标"", ""座标""]"
2,3272,zuo biao wei,2,"[""坐标为"", ""座标为""]"
2,3273,zuo cheng,2,"[""作成"", ""做成""]"
2,3274,zuo chu,2,"[""作出"", ""做出""]"
2,3275,zuo chu de,2,"[""作出的"", ""做出的""]"
2,3276,zuo chu le,2,"[""作出了"", ""做出了""]"
2,3277,zuo fa,2,"[""作法"", ""做法""]"
2,3278,zuo fu,2,"[""佐夫"", ""座敷""]"
2,3279,zuo le,2,"[""作了"", ""做了""]"
2,3280,zuo luo yu,2,"[""坐落于"", ""座落于""]"
2,3281,zuo luo zai,2,"[""坐落在"", ""座落在""]"
2,3282,zuo qi,2,"[""坐骑"", ""左旗""]"
2,3283,zuo zheng,2,"[""佐证"", ""作证""]"
2,3284,zuo zhu,2,"[""佐助"", ""佐竹""]"
2,3285,zuo zhuan,2,"[""左传"", ""左转""]"
2,3286,zuo zhun bei,2,"[""作准备"", ""做准备""]"
3,1,a,3,"[""a"", ""啊"", ""阿""]"
3,2,a bo,3,"[""阿伯"", ""阿卜"", ""阿波""]"
3,3,a bu,3,"[""阿不"", ""阿布"", ""阿部""]"
3,4,a ge,3,"[""age"", ""阿戈"", ""阿格""]"
3,5,a li,3,"[""ali"", ""阿利"", ""阿里""]"
3,6,a mi,3,"[""ami"", ""阿密"", ""阿米""]"
3,7,ai er,3,"[""埃尔"", ""爱尔"", ""艾尔""]"
3,8,an de,3,"[""安德"", ""安的"", ""案的""]"
3,9,an fu,3,"[""安府"", ""安抚"", ""安福""]"
3,10,an ji,3,"[""安吉"", ""氨基"", ""胺基""]"
3,11,an jian,3,"[""安检"", ""按键"", ""案件""]"
3,12,an na,3,"[""安娜"", ""安纳"", ""安那""]"
3,13,an shi,3,"[""安市"", ""按时"", ""暗示""]"
3,14,an xi,3,"[""安息"", ""安溪"", ""安西""]"
3,15,an zhong,3,"[""安重"", ""暗中"", ""案中""]"
3,16,ang,3,"[""ang"", ""昂"", ""盎""]"
3,17,ao li,3,"[""奥利"", ""奥莉"", ""奥里""]"
3,18,ba ba,3,"[""巴巴"", ""爸爸"", ""芭芭""]"
3,19,ba da,3,"[""八大"", ""八达"", ""巴达""]"
3,20,ba de,3,"[""八德"", ""巴德"", ""巴的""]"
3,21,ba ge,3,"[""八个"", ""巴哥"", ""巴格""]"
3,22,ba shi,3,"[""八世"", ""八十"", ""巴士""]"
3,23,bai ren,3,"[""拜仁"", ""白人"", ""百人""]"
3,24,bai shi,3,"[""拜师"", ""白石"", ""百事""]"
3,25,bai yu,3,"[""白玉"", ""百余"", ""败于""]"
3,26,ban ji,3,"[""扳机"", ""班机"", ""班级""]"
3,27,bang de,3,"[""棒的"", ""邦德"", ""邦的""]"
3,28,bao an,3,"[""保安"", ""宝安"", ""报案""]"
3,29,bao dao,3,"[""报到"", ""报导"", ""报道""]"
3,30,bao ji,3,"[""保级"", ""包机"", ""宝鸡""]"
3,31,bao li,3,"[""保利"", ""宝丽"", ""暴力""]"
3,32,bao shi,3,"[""保时"", ""保释"", ""宝石""]"
3,33,bao you,3,"[""保佑"", ""保有"", ""抱有""]"
3,34,bao zhang,3,"[""保障"", ""报章"", ""暴涨""]"
3,35,bao zhu,3,"[""保住"", ""宝珠"", ""抱著""]"
3,36,bei an,3,"[""北安"", ""北岸"", ""备案""]"
3,37,bei bu,3,"[""北部"", ""背部"", ""被捕""]"
3,38,bei dao,3,"[""北岛"", ""北道"", ""被盗""]"
3,39,bei jie,3,"[""北接"", ""北界"", ""北街""]"
3,40,bei jing,3,"[""倍径"", ""北京"", ""背景""]"
3,41,bei ke,3,"[""碑刻"", ""贝克"", ""贝壳""]"
3,42,bei li,3,"[""背离"", ""贝利"", ""贝里""]"
3,43,bei lin,3,"[""北临"", ""北邻"", ""贝林""]"
3,44,bei shang,3,"[""北上"", ""悲伤"", ""背上""]"
3,45,bei shi,3,"[""北势"", ""北市"", ""卑诗""]"
3,46,ben ying,3,"[""本应"", ""本影"", ""本营""]"
3,47,bi li,3,"[""哔哩"", ""比例"", ""比利""]"
3,48,bian de,3,"[""变得"", ""变的"", ""边的""]"
3,49,bian ji,3,"[""编辑"", ""边际"", ""遍及""]"
3,50,bian shi,3,"[""便士"", ""便是"", ""辨识""]"
3,51,biao shi,3,"[""标示"", ""标识"", ""表示""]"
3,52,bing li,3,"[""兵力"", ""病例"", ""病理""]"
3,53,bing qi,3,"[""兵器"", ""冰期"", ""摒弃""]"
3,54,bing shi,3,"[""兵士"", ""并使"", ""病逝""]"
3,55,bing wei,3,"[""兵卫"", ""并为"", ""并未""]"
3,56,bing yi,3,"[""兵役"", ""并以"", ""并已""]"
3,57,bing yuan,3,"[""兵员"", ""冰原"", ""病原""]"
3,58,bing zhong,3,"[""兵种"", ""并重"", ""病重""]"
3,59,bo duo,3,"[""剥夺"", ""博多"", ""波多""]"
3,60,bo fu,3,"[""伯父"", ""博夫"", ""波夫""]"
3,61,bo ke,3,"[""伯克"", ""博克"", ""博客""]"
3,62,bo la,3,"[""勃拉"", ""博拉"", ""波拉""]"
3,63,bo si,3,"[""伯斯"", ""博斯"", ""波斯""]"
3,64,bo te,3,"[""伯特"", ""博特"", ""波特""]"
3,65,bo xi,3,"[""博希"", ""波希"", ""波西""]"
3,66,bu da,3,"[""不大"", ""不达"", ""布达""]"
3,67,bu dan,3,"[""不丹"", ""不但"", ""不单""]"
3,68,bu dao,3,"[""不到"", ""布道"", ""步道""]"
3,69,bu fa,3,"[""不乏"", ""不法"", ""步伐""]"
3,70,bu fen,3,"[""不分"", ""部份"", ""部分""]"
3,71,bu he,3,"[""不合"", ""不和"", ""部和""]"
3,72,bu huo,3,"[""不获"", ""捕获"", ""部活""]"
3,73,bu jin,3,"[""不仅"", ""不尽"", ""不禁""]"
3,74,bu jing,3,"[""不经"", ""布景"", ""捕鲸""]"
3,75,bu jue,3,"[""不决"", ""不绝"", ""不觉""]"
3,76,bu lai,3,"[""不来"", ""布莱"", ""布赖""]"
3,77,bu lao,3,"[""不老"", ""布劳"", ""捕捞""]"
3,78,bu liao,3,"[""不了"", ""不料"", ""布料""]"
3,79,bu lun,3,"[""不伦"", ""不论"", ""布伦""]"
3,80,bu luo,3,"[""布洛"", ""布罗"", ""部落""]"
3,81,bu qu,3,"[""不去"", ""不屈"", ""部曲""]"
3,82,bu shen,3,"[""不慎"", ""不甚"", ""布什""]"
3,83,bu shou,3,"[""不受"", ""捕手"", ""部首""]"
3,84,bu shu,3,"[""布殊"", ""部属"", ""部署""]"
3,85,bu wei,3,"[""不为"", ""部为"", ""部位""]"
3,86,bu xing,3,"[""不幸"", ""不行"", ""步行""]"
3,87,bu zai,3,"[""不再"", ""不在"", ""部在""]"
3,88,bu zu,3,"[""不足"", ""补足"", ""部族""]"
3,89,ce shi,3,"[""侧室"", ""侧式"", ""测试""]"
3,90,chai,3,"[""侪"", ""拆"", ""柴""]"
3,91,chan chu,3,"[""产出"", ""蟾蜍"", ""铲除""]"
3,92,chang yu,3,"[""场域"", ""常与"", ""长于""]"
3,93,chen ji,3,"[""沉寂"", ""沉积"", ""趁机""]"
3,94,chen yi,3,"[""陈一"", ""陈奕"", ""陈毅""]"
3,95,cheng de,3,"[""城的"", ""成的"", ""承德""]"
3,96,cheng jiao,3,"[""城郊"", ""惩教"", ""成交""]"
3,97,cheng ren,3,"[""城人"", ""成人"", ""承认""]"
3,98,cheng wei,3,"[""成为"", ""称为"", ""称谓""]"
3,99,cheng xiang,3,"[""丞相"", ""城乡"", ""成像""]"
3,100,cheng yi,3,"[""乘以"", ""成一"", ""诚意""]"
3,101,cheng yuan,3,"[""乘员"", ""城垣"", ""成员""]"
3,102,cheng zuo,3,"[""乘坐"", ""称作"", ""称做""]"
3,103,chu de,3,"[""出的"", ""初的"", ""处的""]"
3,104,chu fa,3,"[""出发"", ""处罚"", ""触发""]"
3,105,chu fang,3,"[""出访"", ""厨房"", ""处方""]"
3,106,chu jia,3,"[""出价"", ""出嫁"", ""出家""]"
3,107,chu jing,3,"[""出境"", ""出镜"", ""处境""]"
3,108,chu li,3,"[""出力"", ""处理"", ""矗立""]"
3,109,chu ming,3,"[""出名"", ""初名"", ""除名""]"
3,110,chu ren,3,"[""出人"", ""出任"", ""初任""]"
3,111,chu shou,3,"[""出售"", ""出手"", ""初授""]"
3,112,chu wei,3,"[""出为"", ""初为"", ""处为""]"
3,113,chu zhong,3,"[""出众"", ""初中"", ""初衷""]"
3,114,chu zi,3,"[""出自"", ""出资"", ""处子""]"
3,115,chuan dao,3,"[""传到"", ""传导"", ""传道""]"
3,116,chuan shang,3,"[""川上"", ""穿上"", ""船上""]"
3,117,chuan xi,3,"[""传习"", ""喘息"", ""川西""]"
3,118,chuo,3,"[""戳"", ""绰"", ""辍""]"
3,119,ci ju,3,"[""此举"", ""此剧"", ""磁矩""]"
3,120,ci ke,3,"[""刺客"", ""次克"", ""茨克""]"
3,121,ci ming,3,"[""次名"", ""此名"", ""赐名""]"
3,122,ci wei,3,"[""刺猬"", ""此为"", ""词尾""]"
3,123,da an,3,"[""大安"", ""答案"", ""达安""]"
3,124,da bai,3,"[""大白"", ""大败"", ""打败""]"
3,125,da bi,3,"[""大笔"", ""打吡"", ""打比""]"
3,126,da da,3,"[""大大"", ""达达"", ""鞑靼""]"
3,127,da di,3,"[""大地"", ""大堤"", ""大帝""]"
3,128,da dian,3,"[""大典"", ""大殿"", ""打点""]"
3,129,da gong,3,"[""大公"", ""大宫"", ""打工""]"
3,130,da lu,3,"[""大路"", ""大陆"", ""达鲁""]"
3,131,da ma,3,"[""大马"", ""大骂"", ""大麻""]"
3,132,da she,3,"[""大社"", ""大蛇"", ""大赦""]"
3,133,da sheng,3,"[""大圣"", ""大声"", ""大胜""]"
3,134,da shou,3,"[""大受"", ""大寿"", ""大绶""]"
3,135,da wu,3,"[""大屋"", ""大武"", ""达武""]"
3,136,da xi,3,"[""大喜"", ""大溪"", ""打席""]"
3,137,da xiao,3,"[""大小"", ""大校"", ""大笑""]"
3,138,da yi,3,"[""大一"", ""大义"", ""大意""]"
3,139,da ying,3,"[""大英"", ""大营"", ""答应""]"
3,140,da yu,3,"[""大于"", ""大宇"", ""大雨""]"
3,141,da yuan,3,"[""大元"", ""大员"", ""大院""]"
3,142,dai de,3,"[""代的"", ""带的"", ""戴德""]"
3,143,dai li,3,"[""代理"", ""带离"", ""黛丽""]"
3,144,dan ci,3,"[""但此"", ""单次"", ""单词""]"
3,145,dan ni,3,"[""丹妮"", ""丹尼"", ""但尼""]"
3,146,dan ta,3,"[""但他"", ""但她"", ""但它""]"
3,147,dan wei,3,"[""但为"", ""但未"", ""单位""]"
3,148,dan you,3,"[""但又"", ""但有"", ""担忧""]"
3,149,dan yu,3,"[""丹羽"", ""但与"", ""但于""]"
3,150,dan zhi,3,"[""但只"", ""单质"", ""胆汁""]"
3,151,dang ji,3,"[""党籍"", ""当即"", ""当季""]"
3,152,dang shi,3,"[""党史"", ""当事"", ""当时""]"
3,153,dao he,3,"[""岛和"", ""稻荷"", ""道和""]"
3,154,dao yu,3,"[""岛与"", ""岛屿"", ""道与""]"
3,155,de di,3,"[""的低"", ""的地"", ""的第""]"
3,156,de he,3,"[""德和"", ""的和"", ""的核""]"
3,157,de hua,3,"[""德华"", ""的花"", ""的话""]"
3,158,de ji,3,"[""的几"", ""的基"", ""的机""]"
3,159,de ke,3,"[""得克"", ""德克"", ""的可""]"
3,160,de ming,3,"[""得名"", ""德明"", ""的名""]"
3,161,de qi,3,"[""得其"", ""的七"", ""的气""]"
3,162,de sheng,3,"[""得胜"", ""德胜"", ""的圣""]"
3,163,de shi ji,3,"[""的事迹"", ""的实际"", ""的时机""]"
3,164,de wei,3,"[""德维"", ""德韦"", ""的为""]"
3,165,de wen,3,"[""德文"", ""德温"", ""的文""]"
3,166,de wu,3,"[""的五"", ""的吴"", ""的无""]"
3,167,de xi,3,"[""得悉"", ""德西"", ""的西""]"
3,168,de xin,3,"[""的信"", ""的心"", ""的新""]"
3,169,de xing,3,"[""德兴"", ""德行"", ""的性""]"
3,170,de yi yuan,3,"[""的一员"", ""的意愿"", ""的议员""]"
3,171,de yi zhi,3,"[""德意志"", ""的一支"", ""的一致""]"
3,172,de zi,3,"[""的子"", ""的字"", ""的自""]"
3,173,di ba,3,"[""堤坝"", ""底把"", ""第八""]"
3,174,di ceng,3,"[""低层"", ""地层"", ""底层""]"
3,175,di er,3,"[""第二"", ""蒂尔"", ""迪尔""]"
3,176,di fang,3,"[""地方"", ""堤防"", ""敌方""]"
3,177,di ke,3,"[""狄克"", ""蒂克"", ""迪克""]"
3,178,di li,3,"[""地利"", ""地理"", ""地里""]"
3,179,di na,3,"[""地那"", ""蒂娜"", ""迪纳""]"
3,180,di yi ji,3,"[""第一季"", ""第一级"", ""第一集""]"
3,181,dian li,3,"[""典礼"", ""电力"", ""电离""]"
3,182,dian shi,3,"[""殿试"", ""点是"", ""电视""]"
3,183,dong jie,3,"[""东接"", ""东街"", ""冻结""]"
3,184,dong lin,3,"[""东临"", ""东林"", ""东邻""]"
3,185,dong wu,3,"[""东吴"", ""东武"", ""动物""]"
3,186,dong zhi,3,"[""东直"", ""东至"", ""冬至""]"
3,187,du guo,3,"[""度过"", ""渡过"", ""读过""]"
3,188,du jia,3,"[""度假"", ""渡假"", ""独家""]"
3,189,du wei,3,"[""度为"", ""杜威"", ""都尉""]"
3,190,du zi,3,"[""独子"", ""独自"", ""独资""]"
3,191,duan de,3,"[""段的"", ""短的"", ""端的""]"
3,192,dui qi,3,"[""堆砌"", ""对其"", ""对齐""]"
3,193,duo de,3,"[""多德"", ""多的"", ""夺得""]"
3,194,duo fu,3,"[""多佛"", ""多夫"", ""多福""]"
3,195,duo yu,3,"[""多于"", ""多余"", ""多雨""]"
3,196,e er,3,"[""厄尔"", ""鄂尔"", ""额尔""]"
3,197,e si,3,"[""俄斯"", ""厄斯"", ""饿死""]"
3,198,e yu,3,"[""俄语"", ""鄂豫"", ""鳄鱼""]"
3,199,er ji,3,"[""二极"", ""二级"", ""耳机""]"
3,200,er qi,3,"[""二期"", ""而其"", ""而起""]"
3,201,er ta,3,"[""而他"", ""而她"", ""耳他""]"
3,202,er you,3,"[""而又"", ""而有"", ""而由""]"
3,203,er zhi,3,"[""二至"", ""而知"", ""而至""]"
3,204,er zhong,3,"[""二中"", ""二种"", ""而终""]"
3,205,fa dian,3,"[""发店"", ""发电"", ""法典""]"
3,206,fa xing,3,"[""发型"", ""发性"", ""发行""]"
3,207,fa yu,3,"[""发育"", ""法与"", ""法语""]"
3,208,fa yuan,3,"[""发源"", ""法源"", ""法院""]"
3,209,fan di,3,"[""梵蒂"", ""番地"", ""返抵""]"
3,210,fan xiang,3,"[""反向"", ""反响"", ""返乡""]"
3,211,fan you,3,"[""反右"", ""反犹"", ""犯有""]"
3,212,fang an,3,"[""反感"", ""方安"", ""方案""]"
3,213,fang jian,3,"[""坊间"", ""房间"", ""防舰""]"
3,214,fang wei,3,"[""方为"", ""方位"", ""防卫""]"
3,215,fang zai,3,"[""放在"", ""方在"", ""防灾""]"
3,216,fei di,3,"[""废帝"", ""飞地"", ""飞抵""]"
3,217,fen li,3,"[""分离"", ""分立"", ""奋力""]"
3,218,fen wei,3,"[""份为"", ""分为"", ""氛围""]"
3,219,feng shan,3,"[""凤山"", ""峰山"", ""风扇""]"
3,220,feng wei,3,"[""奉为"", ""封为"", ""风味""]"
3,221,fu bi,3,"[""伏笔"", ""复辟"", ""富比""]"
3,222,fu chu,3,"[""付出"", ""复出"", ""复除""]"
3,223,fu hua,3,"[""孵化"", ""幅画"", ""氟化""]"
3,224,fu kan,3,"[""俯瞰"", ""副刊"", ""复刊""]"
3,225,fu lai,3,"[""佛莱"", ""弗莱"", ""弗赖""]"
3,226,fu lu,3,"[""俘虏"", ""福禄"", ""附录""]"
3,227,fu luo,3,"[""佛罗"", ""弗洛"", ""弗罗""]"
3,228,fu shan,3,"[""富山"", ""福山"", ""釜山""]"
3,229,fu shang,3,"[""富商"", ""负伤"", ""附上""]"
3,230,fu she,3,"[""敷设"", ""辐射"", ""附设""]"
3,231,fu shou,3,"[""副手"", ""扶手"", ""福寿""]"
3,232,fu shu,3,"[""复数"", ""蝠属"", ""附属""]"
3,233,fu wei,3,"[""复为"", ""复位"", ""抚慰""]"
3,234,fu xian,3,"[""复线"", ""府县"", ""浮现""]"
3,235,fu zhu,3,"[""付诸"", ""辅助"", ""附著""]"
3,236,ga ma,3,"[""伽玛"", ""伽马"", ""噶玛""]"
3,237,gai cheng,3,"[""改成"", ""改称"", ""该城""]"
3,238,gai ci,3,"[""盖茨"", ""该次"", ""该词""]"
3,239,gai ji,3,"[""该季"", ""该机"", ""该集""]"
3,240,gai shi,3,"[""盖世"", ""该市"", ""该师""]"
3,241,gai xing,3,"[""改姓"", ""该型"", ""该行""]"
3,242,gan dao,3,"[""干道"", ""感到"", ""赶到""]"
3,243,gan yu,3,"[""干预"", ""敢于"", ""赣语""]"
3,244,gao xiao,3,"[""搞笑"", ""高效"", ""高校""]"
3,245,gao zhi,3,"[""告知"", ""高知"", ""高职""]"
3,246,ge er,3,"[""哥尔"", ""戈尔"", ""格尔""]"
3,247,ge ge,3,"[""各个"", ""哥哥"", ""格格""]"
3,248,ge ju,3,"[""割据"", ""格局"", ""歌剧""]"
3,249,ge la,3,"[""哥拉"", ""格拉"", ""葛拉""]"
3,250,ge lan,3,"[""戈兰"", ""格兰"", ""葛兰""]"
3,251,ge luo,3,"[""哥罗"", ""格洛"", ""格罗""]"
3,252,ge te,3,"[""哥特"", ""戈特"", ""格特""]"
3,253,ge zhan,3,"[""个展"", ""各占"", ""各站""]"
3,254,geng yi,3,"[""更以"", ""更易"", ""更衣""]"
3,255,gong cheng,3,"[""宫城"", ""工程"", ""攻城""]"
3,256,gong jian,3,"[""共建"", ""弓箭"", ""攻坚""]"
3,257,gong ke,3,"[""公克"", ""工科"", ""攻克""]"
3,258,gong wu,3,"[""公务"", ""公屋"", ""工务""]"
3,259,gong xian,3,"[""共线"", ""攻陷"", ""贡献""]"
3,260,gong ying,3,"[""供应"", ""公映"", ""公营""]"
3,261,gong yong,3,"[""公用"", ""共用"", ""功用""]"
3,262,gong yuan,3,"[""公元"", ""公园"", ""贡院""]"
3,263,gong zhi,3,"[""供职"", ""公职"", ""共治""]"
3,264,gong zuo shi,3,"[""工作室"", ""工作时"", ""工作是""]"
3,265,gu cheng,3,"[""古城"", ""古称"", ""故称""]"
3,266,gu dao,3,"[""古道"", ""孤岛"", ""股道""]"
3,267,gu di,3,"[""故地"", ""谷地"", ""谷底""]"
3,268,gu dong,3,"[""古董"", ""股东"", ""鼓动""]"
3,269,gu er,3,"[""古尔"", ""孤儿"", ""故而""]"
3,270,gu jia,3,"[""估价"", ""股价"", ""骨架""]"
3,271,gu li,3,"[""孤立"", ""故里"", ""鼓励""]"
3,272,gu shi,3,"[""古时"", ""故事"", ""股市""]"
3,273,guai,3,"[""乖"", ""怪"", ""拐""]"
3,274,guan nei,3,"[""关内"", ""管内"", ""馆内""]"
3,275,guan yuan,3,"[""关原"", ""官员"", ""馆员""]"
3,276,guang de,3,"[""光的"", ""广德"", ""广的""]"
3,277,gui hua,3,"[""归化"", ""规划"", ""规画""]"
3,278,gun,3,"[""棍"", ""滚"", ""衮""]"
3,279,guo fu,3,"[""国府"", ""国父"", ""郭芙""]"
3,280,guo ji,3,"[""国籍"", ""国际"", ""过继""]"
3,281,guo jing,3,"[""国境"", ""过境"", ""郭靖""]"
3,282,guo qing,3,"[""国庆"", ""国情"", ""国青""]"
3,283,guo yu,3,"[""国与"", ""国语"", ""过于""]"
3,284,hai dao,3,"[""海岛"", ""海盗"", ""海道""]"
3,285,han yi,3,"[""含义"", ""汉译"", ""涵义""]"
3,286,hao yu,3,"[""号与"", ""号于"", ""豪雨""]"
3,287,he gu,3,"[""和古"", ""河谷"", ""颌骨""]"
3,288,he jian,3,"[""核检"", ""河间"", ""鹤见""]"
3,289,he jin,3,"[""何进"", ""合金"", ""和金""]"
3,290,he shang,3,"[""和上"", ""和尚"", ""河上""]"
3,291,he si,3,"[""和四"", ""核四"", ""赫斯""]"
3,292,he ta,3,"[""和他"", ""和她"", ""赫塔""]"
3,293,he xi,3,"[""和西"", ""河西"", ""荷西""]"
3,294,he yuan,3,"[""合院"", ""和原"", ""河源""]"
3,295,he zhang,3,"[""和张"", ""和长"", ""河长""]"
3,296,he zhou,3,"[""和周"", ""和州"", ""河州""]"
3,297,hou ji,3,"[""候机"", ""后即"", ""后继""]"
3,298,hou yi,3,"[""后亦"", ""后以"", ""后裔""]"
3,299,hou you,3,"[""后又"", ""后有"", ""后由""]"
3,300,hou zhi,3,"[""后置"", ""后肢"", ""后至""]"
3,301,hu bu,3,"[""互不"", ""互补"", ""户部""]"
3,302,hu hang,3,"[""护航"", ""沪杭"", ""虎航""]"
3,303,hu wei,3,"[""互为"", ""护卫"", ""虎尾""]"
3,304,hua sheng,3,"[""华生"", ""华盛"", ""花生""]"
3,305,hua wei,3,"[""划为"", ""化为"", ""华为""]"
3,306,hua yu,3,"[""化与"", ""华语"", ""话语""]"
3,307,huan cheng,3,"[""换乘"", ""换成"", ""环城""]"
3,308,huan xing,3,"[""唤醒"", ""环形"", ""缓刑""]"
3,309,huang di,3,"[""皇帝"", ""荒地"", ""黄帝""]"
3,310,huang shi,3,"[""皇室"", ""黄氏"", ""黄石""]"
3,311,hui xiang,3,"[""会向"", ""回乡"", ""回响""]"
3,312,hui yi,3,"[""会以"", ""会议"", ""回忆""]"
3,313,hui yu,3,"[""会与"", ""会于"", ""毁于""]"
3,314,hui zhi,3,"[""会址"", ""灰质"", ""绘制""]"
3,315,huo ban,3,"[""伙伴"", ""或半"", ""获颁""]"
3,316,huo hua,3,"[""活化"", ""火化"", ""火花""]"
3,317,huo qi,3,"[""或其"", ""火器"", ""霍奇""]"
3,318,huo shi,3,"[""或是"", ""火势"", ""获释""]"
3,319,huo yi,3,"[""或以"", ""或译"", ""获益""]"
3,320,huo zai,3,"[""或在"", ""活在"", ""火灾""]"
3,321,ji bai,3,"[""几百"", ""击败"", ""祭拜""]"
3,322,ji cheng,3,"[""继承"", ""计程"", ""集成""]"
3,323,ji dian,3,"[""机电"", ""极点"", ""祭典""]"
3,324,ji er,3,"[""吉尔"", ""基尔"", ""继而""]"
3,325,ji guang,3,"[""吉光"", ""激光"", ""继光""]"
3,326,ji hou,3,"[""及后"", ""季候"", ""季后""]"
3,327,ji hua,3,"[""极化"", ""激化"", ""计划""]"
3,328,ji hui,3,"[""击毁"", ""机会"", ""集会""]"
3,329,ji long,3,"[""吉隆"", ""基隆"", ""鸡笼""]"
3,330,ji lu,3,"[""姬路"", ""纪录"", ""记录""]"
3,331,ji mi,3,"[""吉米"", ""机密"", ""羁縻""]"
3,332,ji nan,3,"[""及南"", ""晋安"", ""济南""]"
3,333,ji shang,3,"[""击伤"", ""吉尚"", ""机上""]"
3,334,ji shen,3,"[""机身"", ""祭神"", ""跻身""]"
3,335,ji xian,3,"[""基线"", ""极限"", ""集贤""]"
3,336,ji xiang,3,"[""几项"", ""吉祥"", ""迹象""]"
3,337,ji xiao,3,"[""及小"", ""极小"", ""绩效""]"
3,338,ji yao,3,"[""机要"", ""纪尧"", ""纪要""]"
3,339,ji zai,3,"[""即在"", ""及在"", ""记载""]"
3,340,ji zhou,3,"[""冀州"", ""几周"", ""济州""]"
3,341,ji zuo,3,"[""几座"", ""基座"", ""记作""]"
3,342,jia he,3,"[""加贺"", ""嘉禾"", ""家和""]"
3,343,jia ju,3,"[""加剧"", ""家具"", ""家居""]"
3,344,jia na,3,"[""加拿"", ""加纳"", ""戛纳""]"
3,345,jia she,3,"[""假设"", ""加设"", ""架设""]"
3,346,jia xiang,3,"[""假想"", ""家乡"", ""稼祥""]"
3,347,jia zhi,3,"[""价值"", ""加之"", ""甲酯""]"
3,348,jian cha,3,"[""检察"", ""检查"", ""监察""]"
3,349,jian duan,3,"[""尖端"", ""简短"", ""间断""]"
3,350,jian ji,3,"[""剑击"", ""剪辑"", ""碱基""]"
3,351,jian jin,3,"[""渐近"", ""渐进"", ""监禁""]"
3,352,jian ju,3,"[""兼具"", ""检举"", ""间距""]"
3,353,jian li,3,"[""建立"", ""监理"", ""简历""]"
3,354,jian qi,3,"[""建起"", ""见其"", ""间期""]"
3,355,jian shu,3,"[""剑术"", ""建树"", ""检署""]"
3,356,jian xiao,3,"[""减小"", ""建校"", ""检校""]"
3,357,jian xing,3,"[""减刑"", ""建兴"", ""碱性""]"
3,358,jian yan,3,"[""建炎"", ""建言"", ""检验""]"
3,359,jian yi,3,"[""建议"", ""检疫"", ""简易""]"
3,360,jian zai,3,"[""建在"", ""舰载"", ""间在""]"
3,361,jiang bei,3,"[""奖杯"", ""将被"", ""江北""]"
3,362,jiang jin,3,"[""奖金"", ""将近"", ""江津""]"
3,363,jiang ling,3,"[""将领"", ""江凌"", ""江陵""]"
3,364,jiang ta,3,"[""将他"", ""将她"", ""将它""]"
3,365,jiang xia,3,"[""江夏"", ""江霞"", ""降下""]"
3,366,jiang zhi,3,"[""将之"", ""降职"", ""降至""]"
3,367,jiao bu,3,"[""脚步"", ""脚部"", ""较不""]"
3,368,jiao fu,3,"[""交付"", ""教父"", ""缴付""]"
3,369,jiao yi,3,"[""交易"", ""教义"", ""较易""]"
3,370,jie ban,3,"[""截半"", ""接办"", ""接班""]"
3,371,jie chu,3,"[""接触"", ""杰出"", ""解除""]"
3,372,jie dao,3,"[""介导"", ""接到"", ""街道""]"
3,373,jie du,3,"[""节度"", ""解毒"", ""解读""]"
3,374,jie duan,3,"[""戒断"", ""截断"", ""阶段""]"
3,375,jie jie,3,"[""姐姐"", ""结节"", ""节节""]"
3,376,jie ke,3,"[""捷克"", ""杰克"", ""皆可""]"
3,377,jie kou,3,"[""借口"", ""接口"", ""街口""]"
3,378,jie li,3,"[""接力"", ""杰里"", ""竭力""]"
3,379,jie mi,3,"[""杰米"", ""解密"", ""解谜""]"
3,380,jie mian,3,"[""介面"", ""截面"", ""界面""]"
3,381,jie pai,3,"[""接拍"", ""揭牌"", ""节拍""]"
3,382,jie shi le,3,"[""揭示了"", ""结识了"", ""解释了""]"
3,383,jie shou,3,"[""接受"", ""接手"", ""接收""]"
3,384,jie ti,3,"[""接替"", ""解体"", ""阶梯""]"
3,385,jie xian,3,"[""接线"", ""界线"", ""界限""]"
3,386,jie yi,3,"[""借以"", ""杰伊"", ""皆以""]"
3,387,jie you,3,"[""借由"", ""皆有"", ""皆由""]"
3,388,jin de,3,"[""仅得"", ""金德"", ""金的""]"
3,389,jin gong,3,"[""仅供"", ""进攻"", ""进贡""]"
3,390,jin jiang,3,"[""晋江"", ""近江"", ""金奖""]"
3,391,jin ri,3,"[""今日"", ""近日"", ""金日""]"
3,392,jin sai,3,"[""禁赛"", ""金赛"", ""锦赛""]"
3,393,jin si,3,"[""近似"", ""金丝"", ""金斯""]"
3,394,jin wei,3,"[""仅为"", ""近卫"", ""进位""]"
3,395,jin xian,3,"[""仅限"", ""津县"", ""进献""]"
3,396,jin yong,3,"[""仅用"", ""禁用"", ""金庸""]"
3,397,jin zhou,3,"[""晋州"", ""金州"", ""锦州""]"
3,398,jing cheng,3,"[""京城"", ""京成"", ""竟成""]"
3,399,jing du,3,"[""京都"", ""精度"", ""经度""]"
3,400,jing guo,3,"[""经国"", ""经过"", ""靖国""]"
3,401,jing wei,3,"[""敬畏"", ""精卫"", ""警卫""]"
3,402,jing xi,3,"[""惊喜"", ""晶系"", ""精细""]"
3,403,jing xian,3,"[""惊险"", ""经线"", ""警衔""]"
3,404,jing xiang,3,"[""径向"", ""景象"", ""镜像""]"
3,405,jing yi,3,"[""井伊"", ""敬意"", ""经已""]"
3,406,jing ying,3,"[""精英"", ""经营"", ""菁英""]"
3,407,jiu ba,3,"[""九巴"", ""就把"", ""酒吧""]"
3,408,jiu cheng,3,"[""九成"", ""旧城"", ""旧称""]"
3,409,jiu jing,3,"[""究竟"", ""酒井"", ""酒精""]"
3,410,jiu yi,3,"[""就以"", ""就医"", ""就已""]"
3,411,jiu yue,3,"[""九月"", ""就越"", ""旧约""]"
3,412,ju ji,3,"[""剧集"", ""狙击"", ""聚集""]"
3,413,ju li,3,"[""举例"", ""句丽"", ""距离""]"
3,414,jun de,3,"[""军的"", ""菌的"", ""郡的""]"
3,415,jun he,3,"[""军和"", ""郡和"", ""骏河""]"
3,416,jun yi,3,"[""军医"", ""均以"", ""均已""]"
3,417,jun zhu,3,"[""君主"", ""菌株"", ""郡主""]"
3,418,ka er,3,"[""卡儿"", ""卡尔"", ""喀尔""]"
3,419,ka la,3,"[""卡拉"", ""喀喇"", ""喀拉""]"
3,420,kai ji,3,"[""开基"", ""开季"", ""开机""]"
3,421,kai li,3,"[""凯利"", ""凯莉"", ""凯里""]"
3,422,kan cha,3,"[""勘察"", ""勘查"", ""堪察""]"
3,423,kan cheng,3,"[""坎城"", ""堪称"", ""看成""]"
3,424,kan de,3,"[""坎德"", ""看得"", ""看的""]"
3,425,ke ben,3,"[""刻本"", ""柯本"", ""课本""]"
3,426,ke er,3,"[""克尔"", ""柯尔"", ""科尔""]"
3,427,ke he,3,"[""克和"", ""科和"", ""科赫""]"
3,428,ke ji,3,"[""客机"", ""科及"", ""科技""]"
3,429,ke kao,3,"[""可考"", ""可靠"", ""科考""]"
3,430,ke lei,3,"[""克勒"", ""克雷"", ""科雷""]"
3,431,ke lin,3,"[""克林"", ""柯林"", ""科林""]"
3,432,ke wei,3,"[""可为"", ""可微"", ""可谓""]"
3,433,ke yi,3,"[""刻意"", ""可以"", ""可疑""]"
3,434,ke yi shi,3,"[""可以使"", ""可以是"", ""科医师""]"
3,435,ke yu,3,"[""可与"", ""可于"", ""客语""]"
3,436,ke yuan,3,"[""客源"", ""科员"", ""科院""]"
3,437,kua,3,"[""垮"", ""夸"", ""跨""]"
3,438,la he,3,"[""拉和"", ""拉河"", ""拉赫""]"
3,439,la la,3,"[""啦啦"", ""拉拉"", ""菈菈""]"
3,440,la ma,3,"[""喇嘛"", ""拉玛"", ""拉马""]"
3,441,lai de,3,"[""来得"", ""来的"", ""莱德""]"
3,442,lai na,3,"[""来纳"", ""莱娜"", ""莱纳""]"
3,443,lei de,3,"[""勒的"", ""类的"", ""雷德""]"
3,444,lei ji,3,"[""累积"", ""累计"", ""雷吉""]"
3,445,lei si,3,"[""勒斯"", ""类似"", ""雷斯""]"
3,446,leng,3,"[""冷"", ""棱"", ""楞""]"
3,447,li ci,3,"[""利茨"", ""励磁"", ""历次""]"
3,448,li fa,3,"[""历法"", ""理发"", ""立法""]"
3,449,li jie,3,"[""历届"", ""理解"", ""礼节""]"
3,450,li jing,3,"[""历经"", ""李景"", ""离境""]"
3,451,li na,3,"[""丽娜"", ""利纳"", ""莉娜""]"
3,452,li qi,3,"[""利奇"", ""离奇"", ""里奇""]"
3,453,li xi,3,"[""利希"", ""利息"", ""里希""]"
3,454,li xing,3,"[""例行"", ""李姓"", ""理性""]"
3,455,li you,3,"[""理由"", ""立有"", ""里有""]"
3,456,lian shu,3,"[""联署"", ""脸书"", ""连署""]"
3,457,liang de,3,"[""两德"", ""亮的"", ""量的""]"
3,458,liang du,3,"[""两度"", ""亮度"", ""量度""]"
3,459,liang jia,3,"[""两家"", ""两架"", ""梁家""]"
3,460,liang zhi,3,"[""两制"", ""两只"", ""两支""]"
3,461,lie shi,3,"[""劣势"", ""烈士"", ""猎食""]"
3,462,ling shi,3,"[""零时"", ""零食"", ""领事""]"
3,463,ling xian,3,"[""陵县"", ""领先"", ""领衔""]"
3,464,ling yi,3,"[""另一"", ""另译"", ""灵异""]"
3,465,liu guo,3,"[""六国"", ""刘国"", ""流过""]"
3,466,liu li,3,"[""流利"", ""流离"", ""琉璃""]"
3,467,liu xing,3,"[""流形"", ""流星"", ""流行""]"
3,468,liu yi,3,"[""刘义"", ""刘易"", ""留意""]"
3,469,liu zhi,3,"[""刘志"", ""流至"", ""留置""]"
3,470,long de,3,"[""隆德"", ""龙德"", ""龙的""]"
3,471,lu gu,3,"[""卢固"", ""颅骨"", ""鹿谷""]"
3,472,lu ji,3,"[""路及"", ""路基"", ""陆基""]"
3,473,lu ke,3,"[""卢克"", ""路克"", ""鲁克""]"
3,474,lu xi,3,"[""卢西"", ""路西"", ""露西""]"
3,475,lu zhi,3,"[""录制"", ""路支"", ""路至""]"
3,476,luo fu,3,"[""洛夫"", ""罗夫"", ""罗浮""]"
3,477,luo ji,3,"[""洛基"", ""洛矶"", ""逻辑""]"
3,478,luo ke,3,"[""洛克"", ""罗克"", ""螺科""]"
3,479,luo ma,3,"[""洛马"", ""罗马"", ""落马""]"
3,480,luo mu,3,"[""罗姆"", ""罗穆"", ""落幕""]"
3,481,ma ji,3,"[""马吉"", ""马基"", ""马季""]"
3,482,ma la,3,"[""玛拉"", ""马拉"", ""麻辣""]"
3,483,ma yi,3,"[""蚂蚁"", ""马尾"", ""麻衣""]"
3,484,mai ke,3,"[""迈克"", ""麦克"", ""麦可""]"
3,485,man zu,3,"[""满族"", ""满足"", ""蛮族""]"
3,486,mei de,3,"[""美德"", ""美的"", ""酶的""]"
3,487,mei ren,3,"[""每人"", ""没人"", ""美人""]"
3,488,mei zhou,3,"[""梅州"", ""每周"", ""美洲""]"
3,489,mi de,3,"[""密的"", ""米德"", ""米的""]"
3,490,mi shi,3,"[""密室"", ""觅食"", ""迷失""]"
3,491,mian shi,3,"[""面世"", ""面是"", ""面试""]"
3,492,ming de,3,"[""名的"", ""明德"", ""明的""]"
3,493,ming e,3,"[""名额"", ""民歌"", ""民革""]"
3,494,mo ni,3,"[""摩尼"", ""模拟"", ""莫尼""]"
3,495,mo si,3,"[""摩斯"", ""莫斯"", ""默斯""]"
3,496,mo te,3,"[""模特"", ""莫特"", ""默特""]"
3,497,mu er,3,"[""木儿"", ""母耳"", ""穆尔""]"
3,498,mu lan,3,"[""姆兰"", ""木兰"", ""穆兰""]"
3,499,mu lei,3,"[""姆勒"", ""穆勒"", ""穆雷""]"
3,500,mu qian,3,"[""墓前"", ""幕前"", ""目前""]"
3,501,mu shi,3,"[""墓室"", ""牧师"", ""目视""]"
3,502,mu si,3,"[""姆斯"", ""木斯"", ""穆斯""]"
3,503,na de,3,"[""娜的"", ""纳德"", ""纳的""]"
3,504,na ge,3,"[""哪个"", ""纳哥"", ""那个""]"
3,505,na he,3,"[""纳和"", ""纳河"", ""纳赫""]"
3,506,na li,3,"[""哪里"", ""那利"", ""那里""]"
3,507,na wei,3,"[""纳为"", ""那位"", ""那韦""]"
3,508,nan dao,3,"[""南岛"", ""南道"", ""难道""]"
3,509,nan de,3,"[""南德"", ""南的"", ""难得""]"
3,510,nan xi,3,"[""南希"", ""南西"", ""南锡""]"
3,511,nan xing,3,"[""南星"", ""南行"", ""男性""]"
3,512,ne,3,"[""ne"", ""呢"", ""讷""]"
3,513,ni ang,3,"[""娘"", ""尼昂"", ""酿""]"
3,514,ni de,3,"[""你的"", ""尼德"", ""尼的""]"
3,515,ni shi,3,"[""你是"", ""尼诗"", ""泥石""]"
3,516,pai chu,3,"[""排出"", ""排除"", ""派出""]"
3,517,pen,3,"[""pen"", ""喷"", ""盆""]"
3,518,ping ding,3,"[""平定"", ""平顶"", ""评定""]"
3,519,ping jia,3,"[""平价"", ""平家"", ""评价""]"
3,520,pu li,3,"[""埔里"", ""普利"", ""普里""]"
3,521,qi bing,3,"[""奇兵"", ""起兵"", ""骑兵""]"
3,522,qi di,3,"[""其地"", ""其弟"", ""栖地""]"
3,523,qi dong,3,"[""启动"", ""气动"", ""起动""]"
3,524,qi er,3,"[""其二"", ""妻儿"", ""齐尔""]"
3,525,qi hou,3,"[""其后"", ""期后"", ""气候""]"
3,526,qi ji,3,"[""奇迹"", ""契机"", ""弃疾""]"
3,527,qi quan,3,"[""弃权"", ""期权"", ""齐全""]"
3,528,qi xi,3,"[""奇袭"", ""栖息"", ""气息""]"
3,529,qi xia,3,"[""其下"", ""奇侠"", ""旗下""]"
3,530,qi ya,3,"[""契亚"", ""气压"", ""齐亚""]"
3,531,qi yong,3,"[""启用"", ""弃用"", ""起用""]"
3,532,qi yue,3,"[""七月"", ""器乐"", ""契约""]"
3,533,qia,3,"[""恰"", ""洽"", ""髂""]"
3,534,qian li,3,"[""前例"", ""千里"", ""潜力""]"
3,535,qian ren,3,"[""前任"", ""千人"", ""迁任""]"
3,536,qian shi,3,"[""佥事"", ""前十"", ""遣使""]"
3,537,qian wang,3,"[""前往"", ""潜望"", ""迁往""]"
3,538,qian xi,3,"[""前夕"", ""千禧"", ""迁徙""]"
3,539,qiang ji,3,"[""枪击"", ""枪机"", ""羟基""]"
3,540,qiang jian,3,"[""强健"", ""强奸"", ""枪击案""]"
3,541,qiang zhi,3,"[""强制"", ""枪支"", ""枪枝""]"
3,542,qing chu,3,"[""清初"", ""清楚"", ""清除""]"
3,543,qing tian,3,"[""晴天"", ""青天"", ""青田""]"
3,544,qing xing,3,"[""情形"", ""清醒"", ""轻型""]"
3,545,qiu yuan,3,"[""求援"", ""球员"", ""秋元""]"
3,546,qu le,3,"[""去了"", ""取了"", ""娶了""]"
3,547,qu wei,3,"[""区为"", ""区委"", ""趣味""]"
3,548,qu xiang,3,"[""去向"", ""取向"", ""趋向""]"
3,549,qu yu,3,"[""区与"", ""区域"", ""趋于""]"
3,550,quan cheng,3,"[""全城"", ""全称"", ""全程""]"
3,551,quan ji,3,"[""全季"", ""全集"", ""拳击""]"
3,552,quan li,3,"[""全力"", ""权利"", ""权力""]"
3,553,quan sheng,3,"[""全盛"", ""全省"", ""全胜""]"
3,554,quan zhong,3,"[""全忠"", ""权重"", ""犬种""]"
3,555,que shi,3,"[""却是"", ""确实"", ""缺失""]"
3,556,rang,3,"[""壤"", ""攘"", ""让""]"
3,557,rao jing,3,"[""绕境"", ""绕经"", ""遶境""]"
3,558,re,3,"[""re"", ""惹"", ""热""]"
3,559,ren he,3,"[""人和"", ""仁和"", ""任何""]"
3,560,ren ming,3,"[""人名"", ""人命"", ""任命""]"
3,561,ren wei,3,"[""人为"", ""任为"", ""认为""]"
3,562,ren wu,3,"[""人物"", ""仁武"", ""任务""]"
3,563,ri ji,3,"[""日机"", ""日籍"", ""日记""]"
3,564,ri jian,3,"[""日渐"", ""日舰"", ""日间""]"
3,565,rong hua,3,"[""熔化"", ""荣华"", ""融化""]"
3,566,rou,3,"[""揉"", ""柔"", ""肉""]"
3,567,ru zhu,3,"[""入主"", ""入住"", ""入驻""]"
3,568,sa mo,3,"[""萨摩"", ""萨莫"", ""萨默""]"
3,569,sai,3,"[""塞"", ""赛"", ""鳃""]"
3,570,sai de,3,"[""塞德"", ""赛德"", ""赛的""]"
3,571,sai pu,3,"[""塞普"", ""塞浦"", ""赛普""]"
3,572,san,3,"[""三"", ""伞"", ""散""]"
3,573,san bu,3,"[""三部"", ""散布"", ""散步""]"
3,574,san yuan,3,"[""三元"", ""三原"", ""三院""]"
3,575,sang,3,"[""丧"", ""嗓"", ""桑""]"
3,576,sang shi,3,"[""丧事"", ""丧失"", ""丧尸""]"
3,577,sao,3,"[""嫂"", ""扫"", ""骚""]"
3,578,shan ji,3,"[""山及"", ""山脊"", ""杉矶""]"
3,579,shan qu,3,"[""删去"", ""山区"", ""扇区""]"
3,580,shang jia,3,"[""上加"", ""上架"", ""商家""]"
3,581,shang ke,3,"[""上刻"", ""上课"", ""尚可""]"
3,582,shang wei,3,"[""上为"", ""上尉"", ""尚未""]"
3,583,shang wu,3,"[""上午"", ""商务"", ""尚无""]"
3,584,shang xian,3,"[""上线"", ""上腺"", ""上限""]"
3,585,shang ye,3,"[""上也"", ""上野"", ""商业""]"
3,586,shang you,3,"[""上有"", ""上游"", ""尚有""]"
3,587,shao wei,3,"[""少尉"", ""稍为"", ""稍微""]"
3,588,she ru,3,"[""射入"", ""摄入"", ""涉入""]"
3,589,she xian,3,"[""射线"", ""歙县"", ""涉嫌""]"
3,590,she zhi,3,"[""摄制"", ""设治"", ""设置""]"
3,591,shen chu,3,"[""伸出"", ""深处"", ""身处""]"
3,592,shen hua,3,"[""深化"", ""申花"", ""神话""]"
3,593,shen ke,3,"[""什科"", ""深刻"", ""申科""]"
3,594,shen shi,3,"[""审视"", ""绅士"", ""身世""]"
3,595,shen yuan,3,"[""深渊"", ""深远"", ""甚远""]"
3,596,sheng chu,3,"[""牲畜"", ""生出"", ""胜出""]"
3,597,sheng fu,3,"[""生父"", ""省府"", ""胜负""]"
3,598,sheng li,3,"[""生理"", ""省立"", ""胜利""]"
3,599,sheng mu,3,"[""圣母"", ""声母"", ""生母""]"
3,600,sheng ren,3,"[""升任"", ""圣人"", ""胜任""]"
3,601,sheng yan,3,"[""声演"", ""声言"", ""盛宴""]"
3,602,sheng yi,3,"[""圣伊"", ""生意"", ""胜一""]"
3,603,sheng zhang,3,"[""生长"", ""省长"", ""胜仗""]"
3,604,sheng zhi,3,"[""升至"", ""生殖"", ""胜制""]"
3,605,shi ba,3,"[""十八"", ""是巴"", ""是把""]"
3,606,shi bo,3,"[""世博"", ""士伯"", ""试播""]"
3,607,shi cong,3,"[""侍从"", ""师从"", ""是从""]"
3,608,shi dong,3,"[""史东"", ""士东"", ""是东""]"
3,609,shi feng,3,"[""事奉"", ""侍奉"", ""适逢""]"
3,610,shi fu,3,"[""市府"", ""师傅"", ""师父""]"
3,611,shi gao,3,"[""是高"", ""石膏"", ""石高""]"
3,612,shi guan,3,"[""使馆"", ""史馆"", ""士官""]"
3,613,shi jiang,3,"[""侍讲"", ""时将"", ""是将""]"
3,614,shi liang,3,"[""士良"", ""是两"", ""矢量""]"
3,615,shi nian,3,"[""十年"", ""时年"", ""是年""]"
3,616,shi pin,3,"[""视频"", ""食品"", ""饰品""]"
3,617,shi qian,3,"[""事前"", ""史前"", ""是前""]"
3,618,shi qing,3,"[""事情"", ""实情"", ""是清""]"
3,619,shi qu,3,"[""失去"", ""市区"", ""时区""]"
3,620,shi she,3,"[""市社"", ""试射"", ""诗社""]"
3,621,shi sheng,3,"[""师生"", ""是圣"", ""石生""]"
3,622,shi su,3,"[""世俗"", ""失速"", ""时速""]"
3,623,shi tian,3,"[""十天"", ""是天"", ""石田""]"
3,624,shi ting,3,"[""室町"", ""视听"", ""试听""]"
3,625,shi tu,3,"[""仕途"", ""使徒"", ""试图""]"
3,626,shi wan,3,"[""十万"", ""石湾"", ""试玩""]"
3,627,shi wang,3,"[""失望"", ""是王"", ""驶往""]"
3,628,shi wen,3,"[""世文"", ""诗文"", ""谥文""]"
3,629,shi xiao,3,"[""失效"", ""时效"", ""是小""]"
3,630,shi yi zhi,3,"[""是一只"", ""是一支"", ""是已知""]"
3,631,shi yin,3,"[""世音"", ""时因"", ""是因""]"
3,632,shi zhang,3,"[""市长"", ""师长"", ""是长""]"
3,633,shi zhen,3,"[""失真"", ""市镇"", ""时针""]"
3,634,shi zhu,3,"[""事主"", ""石柱"", ""试著""]"
3,635,shi zuo,3,"[""实作"", ""视作"", ""诗作""]"
3,636,shou fa,3,"[""手法"", ""收发"", ""首发""]"
3,637,shou fu,3,"[""收复"", ""首富"", ""首府""]"
3,638,shou ge,3,"[""收割"", ""首个"", ""首歌""]"
3,639,shou hui,3,"[""受惠"", ""受贿"", ""收回""]"
3,640,shou jia,3,"[""售价"", ""首家"", ""首架""]"
3,641,shou ming,3,"[""受命"", ""寿命"", ""首名""]"
3,642,shou zhang,3,"[""手掌"", ""首张"", ""首长""]"
3,643,shou zhi,3,"[""手指"", ""收支"", ""首支""]"
3,644,shu fu,3,"[""叔父"", ""束缚"", ""舒服""]"
3,645,shu he,3,"[""属和"", ""数和"", ""树和""]"
3,646,shu mu,3,"[""书目"", ""数目"", ""树木""]"
3,647,shu wei,3,"[""数为"", ""数位"", ""鼠尾""]"
3,648,shu yi,3,"[""数以"", ""淑仪"", ""鼠疫""]"
3,649,shui jing,3,"[""水井"", ""水晶"", ""水警""]"
3,650,shui li,3,"[""水利"", ""水力"", ""水里""]"
3,651,shui shi,3,"[""水市"", ""水师"", ""谁是""]"
3,652,shui xian,3,"[""水仙"", ""水县"", ""水线""]"
3,653,shun,3,"[""瞬"", ""舜"", ""顺""]"
3,654,si da,3,"[""四大"", ""斯大"", ""斯达""]"
3,655,si shi,3,"[""四世"", ""四十"", ""死时""]"
3,656,si shu,3,"[""司署"", ""四书"", ""私塾""]"
3,657,si wang,3,"[""丝网"", ""斯旺"", ""死亡""]"
3,658,si yi,3,"[""司仪"", ""思义"", ""思议""]"
3,659,su shi,3,"[""素食"", ""苏轼"", ""速食""]"
3,660,suan,3,"[""算"", ""蒜"", ""酸""]"
3,661,sui ji,3,"[""岁及"", ""随即"", ""随机""]"
3,662,sui shi,3,"[""岁时"", ""碎石"", ""随时""]"
3,663,suo jian,3,"[""所建"", ""所见"", ""缩减""]"
3,664,suo zhi,3,"[""所指"", ""所知"", ""所致""]"
3,665,ta bei,3,"[""他被"", ""她被"", ""它被""]"
3,666,ta cheng wei,3,"[""他成为"", ""她成为"", ""它成为""]"
3,667,ta dui,3,"[""他对"", ""她对"", ""它对""]"
3,668,ta hai,3,"[""他还"", ""她还"", ""它还""]"
3,669,ta hui,3,"[""他会"", ""她会"", ""它会""]"
3,670,ta jiang,3,"[""他将"", ""她将"", ""它将""]"
3,671,ta men shi,3,"[""他们是"", ""它们是"", ""牠们是""]"
3,672,ta na,3,"[""他那"", ""塔纳"", ""塔那""]"
3,673,ta shi,3,"[""他是"", ""她是"", ""它是""]"
3,674,ta wei,3,"[""他为"", ""她为"", ""它为""]"
3,675,ta ye,3,"[""他也"", ""她也"", ""它也""]"
3,676,ta ye shi,3,"[""他也是"", ""她也是"", ""它也是""]"
3,677,tai da,3,"[""台大"", ""太大"", ""泰达""]"
3,678,tai de,3,"[""台的"", ""态的"", ""泰德""]"
3,679,tai ji,3,"[""台吉"", ""台籍"", ""太极""]"
3,680,tao yuan,3,"[""桃园"", ""桃源"", ""桃猿""]"
3,681,te,3,"[""te"", ""忒"", ""特""]"
3,682,te lei,3,"[""特勒"", ""特蕾"", ""特雷""]"
3,683,te she,3,"[""特摄"", ""特设"", ""特赦""]"
3,684,te zhi,3,"[""特制"", ""特指"", ""特质""]"
3,685,tian fu,3,"[""天府"", ""天福"", ""天赋""]"
3,686,tian shi,3,"[""天使"", ""天师"", ""田市""]"
3,687,tian yuan,3,"[""天元"", ""田原"", ""田园""]"
3,688,ting zhan,3,"[""停战"", ""停站"", ""町站""]"
3,689,ting zhang,3,"[""厅长"", ""庭长"", ""艇长""]"
3,690,ting zhi,3,"[""停止"", ""停滞"", ""停职""]"
3,691,tong cheng,3,"[""同城"", ""统称"", ""通称""]"
3,692,tong guan,3,"[""潼关"", ""通关"", ""铜官""]"
3,693,tong ling,3,"[""统领"", ""通灵"", ""铜陵""]"
3,694,tong xiang,3,"[""同乡"", ""通向"", ""铜像""]"
3,695,tong xiao,3,"[""同校"", ""通宵"", ""通晓""]"
3,696,tong xing,3,"[""同性"", ""童星"", ""通行""]"
3,697,tong yi,3,"[""同一"", ""同意"", ""统一""]"
3,698,tou xiang,3,"[""头像"", ""投向"", ""投降""]"
3,699,tu an,3,"[""团"", ""图案"", ""湍""]"
3,700,tu chu,3,"[""凸出"", ""突出"", ""突触""]"
3,701,tu xing,3,"[""图形"", ""土星"", ""徒刑""]"
3,702,wai,3,"[""外"", ""崴"", ""歪""]"
3,703,wai jie,3,"[""外借"", ""外接"", ""外界""]"
3,704,wai xing,3,"[""外型"", ""外形"", ""外星""]"
3,705,wan yan,3,"[""完颜"", ""晚宴"", ""蜿蜒""]"
3,706,wang de,3,"[""王德"", ""王的"", ""网的""]"
3,707,wang zhi,3,"[""王之"", ""网址"", ""网志""]"
3,708,wei bei,3,"[""为北"", ""未被"", ""违背""]"
3,709,wei bo,3,"[""微博"", ""微波"", ""韦伯""]"
3,710,wei cheng,3,"[""卫城"", ""围城"", ""未成""]"
3,711,wei jun,3,"[""伪军"", ""卫军"", ""魏军""]"
3,712,wei la,3,"[""维拉"", ""薇拉"", ""韦拉""]"
3,713,wei quan,3,"[""为全"", ""威权"", ""维权""]"
3,714,wei shu,3,"[""为数"", ""位数"", ""卫戍""]"
3,715,wei si te,3,"[""威斯特"", ""维斯特"", ""韦斯特""]"
3,716,wei ta,3,"[""为他"", ""为她"", ""维塔""]"
3,717,wei te,3,"[""威特"", ""维特"", ""韦特""]"
3,718,wei xi,3,"[""为西"", ""维希"", ""维系""]"
3,719,wei ye,3,"[""为业"", ""维也"", ""维耶""]"
3,720,wei yu,3,"[""位于"", ""尾羽"", ""谓语""]"
3,721,wei zhang,3,"[""为张"", ""为长"", ""尾张""]"
3,722,wen de,3,"[""文德"", ""文的"", ""温德""]"
3,723,wen he,3,"[""吻合"", ""文和"", ""温和""]"
3,724,weng,3,"[""瓮"", ""翁"", ""鹟""]"
3,725,wu bu,3,"[""五部"", ""无不"", ""舞步""]"
3,726,wu ding,3,"[""屋顶"", ""无定"", ""武定""]"
3,727,wu er,3,"[""乌尔"", ""伍尔"", ""兀儿""]"
3,728,wu gong,3,"[""无功"", ""武功"", ""蜈蚣""]"
3,729,wu gu,3,"[""五股"", ""五谷"", ""无辜""]"
3,730,wu guo,3,"[""五国"", ""吴国"", ""无果""]"
3,731,wu jia,3,"[""吴家"", ""武家"", ""物价""]"
3,732,wu jing,3,"[""五经"", ""武警"", ""物镜""]"
3,733,wu jun,3,"[""乌军"", ""吴俊"", ""吴郡""]"
3,734,wu yu,3,"[""吴语"", ""屋宇"", ""物语""]"
3,735,xi he,3,"[""系和"", ""西和"", ""西河""]"
3,736,xi ke,3,"[""希克"", ""西克"", ""锡克""]"
3,737,xi la,3,"[""希拉"", ""希腊"", ""西拉""]"
3,738,xi na,3,"[""吸纳"", ""希纳"", ""西那""]"
3,739,xi qu,3,"[""吸取"", ""戏曲"", ""西区""]"
3,740,xi shu,3,"[""悉数"", ""稀疏"", ""系数""]"
3,741,xi xian,3,"[""溪县"", ""西县"", ""西线""]"
3,742,xi ya,3,"[""希亚"", ""西亚"", ""西娅""]"
3,743,xi yu,3,"[""溪与"", ""西与"", ""西域""]"
3,744,xi yuan,3,"[""戏院"", ""西元"", ""西园""]"
3,745,xia shi,3,"[""下士"", ""下式"", ""辖市""]"
3,746,xia wei,3,"[""下为"", ""下位"", ""夏威""]"
3,747,xia you,3,"[""下有"", ""下游"", ""辖有""]"
3,748,xia yu,3,"[""下于"", ""下狱"", ""下雨""]"
3,749,xian bei,3,"[""先被"", ""县北"", ""鲜卑""]"
3,750,xian de,3,"[""县的"", ""显得"", ""线的""]"
3,751,xian ji,3,"[""县及"", ""县级"", ""线及""]"
3,752,xian ming,3,"[""县名"", ""现名"", ""鲜明""]"
3,753,xian zai,3,"[""先在"", ""现在"", ""线在""]"
3,754,xiang dao,3,"[""乡道"", ""向导"", ""想到""]"
3,755,xiang fang,3,"[""厢房"", ""相仿"", ""香坊""]"
3,756,xiang fu,3,"[""相符"", ""祥符"", ""降伏""]"
3,757,xiang lian,3,"[""相恋"", ""相连"", ""项链""]"
3,758,xiang wang,3,"[""向往"", ""相望"", ""襄王""]"
3,759,xiang xi,3,"[""向西"", ""湘西"", ""详细""]"
3,760,xiang xian,3,"[""乡县"", ""乡贤"", ""象限""]"
3,761,xiang yu,3,"[""享誉"", ""相遇"", ""项羽""]"
3,762,xiao dao,3,"[""小刀"", ""小岛"", ""萧道""]"
3,763,xiao fang,3,"[""效仿"", ""校方"", ""消防""]"
3,764,xiao hua,3,"[""小花"", ""消化"", ""笑话""]"
3,765,xiao ji,3,"[""校际"", ""消极"", ""硝基""]"
3,766,xiao ming,3,"[""小名"", ""小明"", ""校名""]"
3,767,xiao xiang,3,"[""小巷"", ""小项"", ""肖像""]"
3,768,xie dao,3,"[""写到"", ""写道"", ""斜道""]"
3,769,xin de,3,"[""信的"", ""心的"", ""新的""]"
3,770,xin feng,3,"[""信奉"", ""信封"", ""新丰""]"
3,771,xin li,3,"[""心力"", ""心理"", ""心里""]"
3,772,xin ren,3,"[""信任"", ""新人"", ""新任""]"
3,773,xin xian,3,"[""新县"", ""新线"", ""新鲜""]"
3,774,xin xing,3,"[""新兴"", ""新型"", ""新星""]"
3,775,xin yue,3,"[""信越"", ""新月"", ""新约""]"
3,776,xin zhi,3,"[""心智"", ""新制"", ""新址""]"
3,777,xin zhong,3,"[""信中"", ""信众"", ""心中""]"
3,778,xing cheng,3,"[""兴诚"", ""形成"", ""行程""]"
3,779,xing ji,3,"[""性及"", ""星级"", ""星际""]"
3,780,xing jing,3,"[""刑警"", ""行径"", ""行经""]"
3,781,xing qi,3,"[""兴起"", ""刑期"", ""星期""]"
3,782,xing ren,3,"[""星人"", ""杏仁"", ""行人""]"
3,783,xing zhi,3,"[""形制"", ""性质"", ""行至""]"
3,784,xiu li,3,"[""修例"", ""修理"", ""秀丽""]"
3,785,xiu zheng,3,"[""休整"", ""修整"", ""修正""]"
3,786,xue li,3,"[""学历"", ""雪梨"", ""雪莉""]"
3,787,xue xing,3,"[""血型"", ""血性"", ""血腥""]"
3,788,xun dao,3,"[""循道"", ""殉道"", ""训导""]"
3,789,ya ke,3,"[""亚克"", ""亚科"", ""雅克""]"
3,790,ya yi,3,"[""亚裔"", ""压抑"", ""牙医""]"
3,791,yan chang,3,"[""延长"", ""演唱"", ""盐场""]"
3,792,yan jiang,3,"[""岩浆"", ""沿江"", ""演讲""]"
3,793,yan jin,3,"[""严禁"", ""严谨"", ""演进""]"
3,794,yan jing,3,"[""燕京"", ""眼睛"", ""眼镜""]"
3,795,yan shou,3,"[""岩手"", ""延寿"", ""验收""]"
3,796,yan suan,3,"[""演算"", ""盐酸"", ""颜算""]"
3,797,yan wu,3,"[""厌恶"", ""延误"", ""烟雾""]"
3,798,yan yi,3,"[""演义"", ""演绎"", ""演艺""]"
3,799,yan zheng,3,"[""严正"", ""炎症"", ""验证""]"
3,800,yang guang,3,"[""仰光"", ""杨光"", ""阳光""]"
3,801,yang zi,3,"[""养子"", ""样子"", ""阳子""]"
3,802,ye yu,3,"[""业余"", ""也与"", ""也于""]"
3,803,yi an,3,"[""一案"", ""乙胺"", ""议案""]"
3,804,yi ban,3,"[""一半"", ""一班"", ""一般""]"
3,805,yi ben,3,"[""一本"", ""伊本"", ""译本""]"
3,806,yi chang,3,"[""一场"", ""宜昌"", ""异常""]"
3,807,yi cheng wei,3,"[""亦成为"", ""亦称为"", ""已成为""]"
3,808,yi dai,3,"[""一代"", ""一带"", ""以待""]"
3,809,yi de,3,"[""一的"", ""伊德"", ""意的""]"
3,810,yi di,3,"[""一地"", ""伊迪"", ""异地""]"
3,811,yi dian,3,"[""一点"", ""伊甸"", ""艺电""]"
3,812,yi dong,3,"[""一栋"", ""以东"", ""移动""]"
3,813,yi duan,3,"[""一段"", ""一端"", ""异端""]"
3,814,yi fan,3,"[""一番"", ""伊凡"", ""疑犯""]"
3,815,yi ge,3,"[""一个"", ""一格"", ""伊格""]"
3,816,yi gu,3,"[""一股"", ""已故"", ""遗骨""]"
3,817,yi he,3,"[""义和"", ""怡和"", ""议和""]"
3,818,yi huo,3,"[""一伙"", ""已获"", ""疑惑""]"
3,819,yi jia,3,"[""一家"", ""一架"", ""意甲""]"
3,820,yi jiao,3,"[""一角"", ""异教"", ""移交""]"
3,821,yi jie,3,"[""一届"", ""一节"", ""一阶""]"
3,822,yi jiu,3,"[""一九"", ""依旧"", ""已久""]"
3,823,yi kai shi,3,"[""一开始"", ""亦开始"", ""已开始""]"
3,824,yi liu,3,"[""一六"", ""一流"", ""遗留""]"
3,825,yi nan,3,"[""以南"", ""夷男"", ""阴暗""]"
3,826,yi neng,3,"[""亦能"", ""异能"", ""艺能""]"
3,827,yi sheng,3,"[""一声"", ""一生"", ""医生""]"
3,828,yi shi de,3,"[""一世的"", ""一时的"", ""意识的""]"
3,829,yi tong,3,"[""一同"", ""一统"", ""仪同""]"
3,830,yi wang,3,"[""以往"", ""移往"", ""遗忘""]"
3,831,yin di,3,"[""印地"", ""印第"", ""阴蒂""]"
3,832,yin shi,3,"[""因事"", ""隐士"", ""饮食""]"
3,833,yin su,3,"[""因素"", ""音素"", ""音速""]"
3,834,yin wei,3,"[""因为"", ""银纬"", ""音位""]"
3,835,yin wei ta,3,"[""因为他"", ""因为她"", ""因为它""]"
3,836,yin xing,3,"[""银杏"", ""阴性"", ""隐形""]"
3,837,yin you,3,"[""印有"", ""因有"", ""引诱""]"
3,838,yin yuan,3,"[""因缘"", ""银元"", ""音源""]"
3,839,ying di,3,"[""影帝"", ""硬地"", ""营地""]"
3,840,ying qu,3,"[""营区"", ""赢取"", ""迎娶""]"
3,841,ying she,3,"[""影射"", ""映射"", ""英社""]"
3,842,ying shi,3,"[""应是"", ""影视"", ""英式""]"
3,843,ying xiang,3,"[""影像"", ""影响"", ""映像""]"
3,844,ying zhan,3,"[""应战"", ""影展"", ""迎战""]"
3,845,yong yu,3,"[""勇于"", ""用于"", ""用语""]"
3,846,you bei,3,"[""又被"", ""有被"", ""由北""]"
3,847,you da,3,"[""有大"", ""犹大"", ""由大""]"
3,848,you dian,3,"[""优点"", ""有点"", ""邮电""]"
3,849,you er,3,"[""尤尔"", ""幼儿"", ""有二""]"
3,850,you jin,3,"[""尤金"", ""有近"", ""由金""]"
3,851,you le,3,"[""有乐"", ""有了"", ""游乐""]"
3,852,you liang,3,"[""优良"", ""有两"", ""由良""]"
3,853,you ma,3,"[""有马"", ""油麻"", ""由马""]"
3,854,you ming,3,"[""又名"", ""幼名"", ""有名""]"
3,855,you sheng,3,"[""优胜"", ""有声"", ""由圣""]"
3,856,you wu,3,"[""有五"", ""有无"", ""由吴""]"
3,857,you xi,3,"[""游戏"", ""游锡"", ""由西""]"
3,858,you xiao,3,"[""有小"", ""有效"", ""由小""]"
3,859,you zi,3,"[""又字"", ""幼子"", ""有子""]"
3,860,yu ci,3,"[""与此"", ""于此"", ""遇刺""]"
3,861,yu de,3,"[""与德"", ""语的"", ""鱼的""]"
3,862,yu hai,3,"[""与海"", ""遇害"", ""雨海""]"
3,863,yu he,3,"[""愈合"", ""语和"", ""鱼和""]"
3,864,yu jian,3,"[""余件"", ""遇见"", ""预见""]"
3,865,yu jing,3,"[""玉井"", ""语境"", ""预警""]"
3,866,yu nan,3,"[""与南"", ""于南"", ""遇难""]"
3,867,yu qian,3,"[""与前"", ""于前"", ""御前""]"
3,868,yu sheng,3,"[""与圣"", ""余生"", ""育升""]"
3,869,yu wang,3,"[""与王"", ""欲望"", ""育王""]"
3,870,yu yan,3,"[""寓言"", ""语言"", ""预言""]"
3,871,yu yuan,3,"[""与原"", ""余元"", ""语源""]"
3,872,yu zhou,3,"[""与周"", ""宇宙"", ""豫州""]"
3,873,yu zhu,3,"[""与主"", ""与朱"", ""玉柱""]"
3,874,yuan gu,3,"[""圆谷"", ""缘故"", ""远古""]"
3,875,yuan ming,3,"[""元明"", ""原名"", ""圆明""]"
3,876,yuan qi,3,"[""元气"", ""缘起"", ""远期""]"
3,877,yuan xing,3,"[""原型"", ""圆形"", ""源性""]"
3,878,yuan yin,3,"[""元音"", ""原因"", ""援引""]"
3,879,yue qian,3,"[""约前"", ""越前"", ""跃迁""]"
3,880,yue yu,3,"[""粤语"", ""约于"", ""越狱""]"
3,881,zai ba,3,"[""再把"", ""在八"", ""在巴""]"
3,882,zai bei,3,"[""再被"", ""在北"", ""在被""]"
3,883,zai di,3,"[""在低"", ""在地"", ""在第""]"
3,884,zai jin,3,"[""在今"", ""在近"", ""在金""]"
3,885,zai ren,3,"[""再任"", ""在任"", ""载人""]"
3,886,zai ta de,3,"[""在他的"", ""在她的"", ""在它的""]"
3,887,zai wei,3,"[""在为"", ""在位"", ""在未""]"
3,888,zai xian,3,"[""再现"", ""在线"", ""在西安""]"
3,889,zeng,3,"[""增"", ""憎"", ""赠""]"
3,890,zeng zhi,3,"[""增值"", ""增殖"", ""增至""]"
3,891,zhan you,3,"[""占优"", ""占有"", ""战友""]"
3,892,zhang da,3,"[""张大"", ""长大"", ""长达""]"
3,893,zhang de,3,"[""张德"", ""长得"", ""长的""]"
3,894,zhang jing,3,"[""张敬"", ""章京"", ""长颈""]"
3,895,zhang wei,3,"[""张伟"", ""长为"", ""长尾""]"
3,896,zhang zhi,3,"[""张之"", ""张志"", ""长治""]"
3,897,zhang zhou,3,"[""漳州"", ""长洲"", ""长轴""]"
3,898,zhao shi,3,"[""招式"", ""肇事"", ""赵氏""]"
3,899,zhe jiang,3,"[""浙江"", ""者将"", ""这将""]"
3,900,zhe wei,3,"[""者为"", ""这为"", ""这位""]"
3,901,zhe zhi,3,"[""者之"", ""这只"", ""这支""]"
3,902,zhe zhong,3,"[""折衷"", ""者中"", ""这种""]"
3,903,zhen de,3,"[""真的"", ""贞德"", ""镇的""]"
3,904,zhen dong,3,"[""振动"", ""镇东"", ""震动""]"
3,905,zhen jing,3,"[""真经"", ""镇静"", ""震惊""]"
3,906,zhen xing,3,"[""振兴"", ""针形"", ""阵型""]"
3,907,zhen yuan,3,"[""贞元"", ""镇远"", ""震源""]"
3,908,zheng bian,3,"[""争辩"", ""政变"", ""整编""]"
3,909,zheng de,3,"[""正德"", ""正的"", ""症的""]"
3,910,zheng fa,3,"[""征伐"", ""政法"", ""蒸发""]"
3,911,zheng ji,3,"[""征集"", ""政绩"", ""整季""]"
3,912,zheng qi,3,"[""整齐"", ""蒸气"", ""蒸汽""]"
3,913,zhi bu,3,"[""支部"", ""止步"", ""织布""]"
3,914,zhi da,3,"[""之大"", ""直达"", ""至大""]"
3,915,zhi ding,3,"[""制定"", ""制订"", ""指定""]"
3,916,zhi gu,3,"[""之故"", ""之谷"", ""跖骨""]"
3,917,zhi jia,3,"[""之家"", ""指甲"", ""支架""]"
3,918,zhi jiao,3,"[""之交"", ""执教"", ""直角""]"
3,919,zhi jing,3,"[""之境"", ""直径"", ""致敬""]"
3,920,zhi lu,3,"[""之路"", ""支路"", ""直路""]"
3,921,zhi neng,3,"[""只能"", ""智能"", ""职能""]"
3,922,zhi qian,3,"[""之前"", ""至前"", ""致歉""]"
3,923,zhi qing,3,"[""之情"", ""知情"", ""知青""]"
3,924,zhi shang,3,"[""之上"", ""纸上"", ""至上""]"
3,925,zhi xu,3,"[""只需"", ""支序"", ""秩序""]"
3,926,zhi yan,3,"[""之眼"", ""之言"", ""直言""]"
3,927,zhi yao,3,"[""之邀"", ""制药"", ""只要""]"
3,928,zhi yong,3,"[""之用"", ""只用"", ""志勇""]"
3,929,zhi you,3,"[""之友"", ""只有"", ""挚友""]"
3,930,zhi zai,3,"[""只在"", ""指在"", ""旨在""]"
3,931,zhi zhang,3,"[""之长"", ""执掌"", ""纸张""]"
3,932,zhi zheng,3,"[""之争"", ""执政"", ""至正""]"
3,933,zhong cheng,3,"[""中丞"", ""中称"", ""忠诚""]"
3,934,zhong da,3,"[""中大"", ""重大"", ""重达""]"
3,935,zhong de,3,"[""中的"", ""种的"", ""重的""]"
3,936,zhong dian,3,"[""中殿"", ""终点"", ""重点""]"
3,937,zhong duan,3,"[""中断"", ""中段"", ""终端""]"
3,938,zhong ji,3,"[""中级"", ""中继"", ""终极""]"
3,939,zhong jian,3,"[""中坚"", ""中间"", ""重剑""]"
3,940,zhong li,3,"[""中坜"", ""中立"", ""重力""]"
3,941,zhong shen,3,"[""众神"", ""终审"", ""终身""]"
3,942,zhong wei,3,"[""中为"", ""中位"", ""中尉""]"
3,943,zhong xiao,3,"[""中小"", ""中校"", ""忠孝""]"
3,944,zhong ye,3,"[""中也"", ""中叶"", ""中野""]"
3,945,zhong you,3,"[""中有"", ""中游"", ""中由""]"
3,946,zhong zhen,3,"[""忠贞"", ""重振"", ""重镇""]"
3,947,zhong zheng,3,"[""中正"", ""重整"", ""重症""]"
3,948,zhou de,3,"[""周的"", ""州的"", ""轴的""]"
3,949,zhou li,3,"[""周礼"", ""州立"", ""州里""]"
3,950,zhu bu,3,"[""主簿"", ""诸部"", ""逐步""]"
3,951,zhu chang,3,"[""主唱"", ""主场"", ""朱常""]"
3,952,zhu de,3,"[""主的"", ""朱德"", ""著的""]"
3,953,zhu jiao,3,"[""主教"", ""助教"", ""著交""]"
3,954,zhu ke,3,"[""主客"", ""住客"", ""蛛科""]"
3,955,zhu mu,3,"[""注目"", ""珠穆"", ""瞩目""]"
3,956,zhu ru,3,"[""侏儒"", ""注入"", ""诸如""]"
3,957,zhu shen,3,"[""主审"", ""主神"", ""诸神""]"
3,958,zhu shou,3,"[""助手"", ""著手"", ""驻守""]"
3,959,zhu shu,3,"[""煮熟"", ""著书"", ""著述""]"
3,960,zhu yin,3,"[""主因"", ""主音"", ""注音""]"
3,961,zhu yuan,3,"[""住院"", ""朱元"", ""竹园""]"
3,962,zhu zai,3,"[""主宰"", ""住在"", ""驻在""]"
3,963,zhu zhong,3,"[""注重"", ""竹中"", ""著重""]"
3,964,zhuan yi,3,"[""专一"", ""转移"", ""转译""]"
3,965,zi hao,3,"[""字号"", ""自号"", ""自豪""]"
3,966,zi ji,3,"[""子集"", ""自己"", ""自给""]"
3,967,zi jin,3,"[""紫金"", ""自尽"", ""资金""]"
3,968,zi jue,3,"[""子爵"", ""自决"", ""自觉""]"
3,969,zi you,3,"[""自幼"", ""自有"", ""自由""]"
3,970,zi yuan,3,"[""字元"", ""自愿"", ""资源""]"
3,971,zi zhu,3,"[""自主"", ""自助"", ""资助""]"
3,972,zong shi,3,"[""宗室"", ""总是"", ""纵使""]"
3,973,zong shu,3,"[""总数"", ""总署"", ""综述""]"
3,974,zong zhi,3,"[""宗旨"", ""总值"", ""总支""]"
3,975,zu he,3,"[""族和"", ""组合"", ""组和""]"
3,976,zu ji,3,"[""祖籍"", ""足迹"", ""阻击""]"
3,977,zu zhi,3,"[""组织"", ""阻止"", ""阻滞""]"
3,978,zuo shi,3,"[""佐世"", ""作诗"", ""做事""]"
3,979,zuo yi,3,"[""作义"", ""左翼"", ""座椅""]"
4,1,a ma,4,"[""ama"", ""阿嬷"", ""阿玛"", ""阿马""]"
4,2,ai de,4,"[""埃德"", ""爱德"", ""爱的"", ""艾德""]"
4,3,an da,4,"[""anda"", ""俺答"", ""安打"", ""安达""]"
4,4,ba ta,4,"[""巴塔"", ""把他"", ""把她"", ""把它""]"
4,5,bao fu,4,"[""包覆"", ""报复"", ""抱负"", ""薄扶""]"
4,6,bei de,4,"[""倍的"", ""北的"", ""杯的"", ""贝德""]"
4,7,bei ji,4,"[""北极"", ""杯及"", ""碑记"", ""贝吉""]"
4,8,bei qi,4,"[""北起"", ""北齐"", ""背鳍"", ""被其""]"
4,9,beng,4,"[""崩"", ""泵"", ""绷"", ""蹦""]"
4,10,bian cheng,4,"[""变成"", ""编成"", ""编程"", ""辩称""]"
4,11,bian jie,4,"[""便捷"", ""变节"", ""辩解"", ""边界""]"
4,12,bian wei,4,"[""变为"", ""编为"", ""贬为"", ""边为""]"
4,13,bian zhi,4,"[""变质"", ""编制"", ""编织"", ""贬值""]"
4,14,bo de,4,"[""伯德"", ""博德"", ""波德"", ""波的""]"
4,15,bo er,4,"[""伯尔"", ""博尔"", ""波尔"", ""玻尔""]"
4,16,bo lan,4,"[""伯兰"", ""勃兰"", ""博览"", ""波兰""]"
4,17,bo lei,4,"[""伯勒"", ""伯雷"", ""卜勒"", ""波勒""]"
4,18,bu fu,4,"[""不复"", ""不敷"", ""不服"", ""不符""]"
4,19,bu ru,4,"[""不入"", ""不如"", ""哺乳"", ""步入""]"
4,20,bu xiang,4,"[""不像"", ""不想"", ""不相"", ""不详""]"
4,21,chang de,4,"[""厂的"", ""唱的"", ""场的"", ""常德""]"
4,22,chang shi,4,"[""尝试"", ""常侍"", ""常识"", ""长石""]"
4,23,cheng shi,4,"[""城市"", ""称是"", ""程式"", ""诚实""]"
4,24,cheng zhi,4,"[""城址"", ""惩治"", ""承志"", ""称之""]"
4,25,chu yu,4,"[""出于"", ""出狱"", ""处于"", ""楚瑜""]"
4,26,ci ji,4,"[""刺激"", ""慈济"", ""次级"", ""茨基""]"
4,27,ci qu,4,"[""此区"", ""此曲"", ""词曲"", ""辞去""]"
4,28,ci shi,4,"[""刺史"", ""此事"", ""此时"", ""辞世""]"
4,29,ci xing,4,"[""此行"", ""磁性"", ""赐姓"", ""雌性""]"
4,30,ci yu,4,"[""次于"", ""词语"", ""赐予"", ""雌鱼""]"
4,31,da ban,4,"[""大半"", ""大坂"", ""大阪"", ""打扮""]"
4,32,da de,4,"[""大德"", ""大的"", ""达德"", ""达的""]"
4,33,da han,4,"[""大喊"", ""大汉"", ""大汗"", ""大韩""]"
4,34,da he,4,"[""大和"", ""大河"", ""达和"", ""达荷""]"
4,35,da jia,4,"[""大加"", ""大家"", ""大甲"", ""打架""]"
4,36,da jiang,4,"[""大奖"", ""大将"", ""大江"", ""大疆""]"
4,37,da tong,4,"[""大同"", ""大统"", ""大通"", ""打通""]"
4,38,da wei,4,"[""大为"", ""大卫"", ""大围"", ""大维""]"
4,39,da xiang,4,"[""大相"", ""大象"", ""大项"", ""打响""]"
4,40,dan yi,4,"[""但亦"", ""但以"", ""但已"", ""单一""]"
4,41,dao de,4,"[""到的"", ""岛的"", ""道德"", ""道的""]"
4,42,de de,4,"[""得的"", ""德的"", ""的德"", ""的的""]"
4,43,de jia,4,"[""德甲"", ""的假"", ""的加"", ""的家""]"
4,44,de la,4,"[""de la"", ""得拉"", ""德拉"", ""的拉""]"
4,45,de si,4,"[""德斯"", ""的四"", ""的死"", ""的私""]"
4,46,deng ji,4,"[""登基"", ""登机"", ""登记"", ""等级""]"
4,47,di de,4,"[""低的"", ""地的"", ""底的"", ""蒂的""]"
4,48,di qi,4,"[""底栖"", ""第七"", ""第奇"", ""蒂奇""]"
4,49,di si,4,"[""第四"", ""第斯"", ""蒂斯"", ""迪斯""]"
4,50,di wei,4,"[""地为"", ""地位"", ""地委"", ""帝位""]"
4,51,di xia,4,"[""低下"", ""地下"", ""地峡"", ""底下""]"
4,52,di zhi,4,"[""地址"", ""地质"", ""底质"", ""抵制""]"
4,53,dong de,4,"[""东德"", ""东的"", ""动的"", ""懂得""]"
4,54,dong ji,4,"[""东及"", ""东急"", ""冬季"", ""动机""]"
4,55,dui,4,"[""兑"", ""堆"", ""对"", ""队""]"
4,56,er wei,4,"[""二位"", ""二维"", ""而为"", ""而未""]"
4,57,er yi,4,"[""而以"", ""而已"", ""而异"", ""而易""]"
4,58,er zi,4,"[""二子"", ""二字"", ""儿子"", ""而自""]"
4,59,fa shi,4,"[""发誓"", ""法师"", ""法式"", ""法是""]"
4,60,fan zhi,4,"[""反之"", ""反制"", ""泛指"", ""繁殖""]"
4,61,fen qi,4,"[""分期"", ""分歧"", ""奋起"", ""芬奇""]"
4,62,fen zhi,4,"[""分之"", ""分支"", ""分枝"", ""分治""]"
4,63,feng xian,4,"[""丰县"", ""凤仙"", ""奉献"", ""风险""]"
4,64,fu de,4,"[""佛得"", ""夫的"", ""府的"", ""福德""]"
4,65,fu er,4,"[""伏尔"", ""富尔"", ""弗尔"", ""福尔""]"
4,66,fu lan,4,"[""佛兰"", ""富兰"", ""弗兰"", ""腐烂""]"
4,67,fu si,4,"[""夫斯"", ""弗斯"", ""福寺"", ""福斯""]"
4,68,fu te,4,"[""伏特"", ""夫特"", ""富特"", ""福特""]"
4,69,fu xing,4,"[""复兴"", ""服刑"", ""福兴"", ""福星""]"
4,70,fu yu,4,"[""富裕"", ""扶余"", ""负于"", ""赋予""]"
4,71,gai shu,4,"[""改属"", ""概述"", ""该书"", ""该属""]"
4,72,gao shi,4,"[""告示"", ""高士"", ""高氏"", ""高适""]"
4,73,ge de,4,"[""哥德"", ""戈德"", ""格的"", ""歌德""]"
4,74,ge lei,4,"[""各类"", ""格勒"", ""格蕾"", ""格雷""]"
4,75,gong sheng,4,"[""公升"", ""共生"", ""贡生"", ""龚胜""]"
4,76,gong yi,4,"[""公义"", ""公益"", ""工艺"", ""工蚁""]"
4,77,gu ji,4,"[""估计"", ""古籍"", ""古迹"", ""顾及""]"
4,78,gu wu,4,"[""古屋"", ""古物"", ""谷物"", ""鼓舞""]"
4,79,guan de,4,"[""官的"", ""管的"", ""观的"", ""馆的""]"
4,80,guan li,4,"[""官吏"", ""官立"", ""惯例"", ""管理""]"
4,81,guan zhong,4,"[""关中"", ""冠忠"", ""管仲"", ""观众""]"
4,82,guang,4,"[""光"", ""广"", ""胱"", ""逛""]"
4,83,guo du,4,"[""国度"", ""国都"", ""过度"", ""过渡""]"
4,84,guo zi,4,"[""国子"", ""国资"", ""果子"", ""郭子""]"
4,85,ha,4,"[""ha"", ""哈"", ""蛤"", ""铪""]"
4,86,hai shi,4,"[""海事"", ""海市"", ""海试"", ""还是""]"
4,87,hang,4,"[""hang"", ""夯"", ""杭"", ""航""]"
4,88,hao shi,4,"[""号是"", ""好事"", ""好市"", ""耗时""]"
4,89,he bei,4,"[""和北"", ""和被"", ""和贝"", ""河北""]"
4,90,he de,4,"[""和德"", ""和的"", ""河的"", ""赫德""]"
4,91,he liu,4,"[""合流"", ""和六"", ""和刘"", ""河流""]"
4,92,he zhong,4,"[""何种"", ""合众"", ""和中"", ""河中""]"
4,93,hen,4,"[""很"", ""恨"", ""狠"", ""痕""]"
4,94,hou yuan,4,"[""后圆"", ""后援"", ""后缘"", ""后院""]"
4,95,hu shi,4,"[""忽视"", ""护士"", ""胡氏"", ""胡适""]"
4,96,hui ji,4,"[""会稽"", ""回籍"", ""惠济"", ""汇集""]"
4,97,hui you,4,"[""会有"", ""会由"", ""洄游"", ""绘有""]"
4,98,huo li,4,"[""活力"", ""火力"", ""获利"", ""霍利""]"
4,99,ji bu,4,"[""几部"", ""吉布"", ""基部"", ""既不""]"
4,100,ji chu,4,"[""击出"", ""基础"", ""季初"", ""挤出""]"
4,101,ji dong,4,"[""冀东"", ""及东"", ""机动"", ""激动""]"
4,102,ji fa,4,"[""击发"", ""技法"", ""激发"", ""记法""]"
4,103,ji fu,4,"[""基夫"", ""基辅"", ""给付"", ""继父""]"
4,104,ji he,4,"[""几何"", ""机和"", ""级和"", ""集合""]"
4,105,ji jia,4,"[""几家"", ""机甲"", ""极佳"", ""计价""]"
4,106,ji jian,4,"[""击剑"", ""基建"", ""级舰"", ""纪检""]"
4,107,ji ju,4,"[""寄居"", ""急剧"", ""极具"", ""积聚""]"
4,108,ji nian,4,"[""几年"", ""纪年"", ""纪念"", ""记念""]"
4,109,ji qi,4,"[""及其"", ""机器"", ""极其"", ""激起""]"
4,110,ji su,4,"[""寄宿"", ""急速"", ""极速"", ""激素""]"
4,111,ji ya,4,"[""吉亚"", ""基亚"", ""挤压"", ""羁押""]"
4,112,ji zhi,4,"[""及至"", ""基质"", ""机制"", ""机智""]"
4,113,ji zhu,4,"[""寄主"", ""脊柱"", ""藉著"", ""记住""]"
4,114,jia de,4,"[""假的"", ""加德"", ""加的"", ""家的""]"
4,115,jia ji,4,"[""佳绩"", ""夹击"", ""甲基"", ""甲级""]"
4,116,jia shi,4,"[""佳氏"", ""假释"", ""加时"", ""驾驶""]"
4,117,jian cheng,4,"[""坚称"", ""建城"", ""建成"", ""简称""]"
4,118,jian ding,4,"[""坚定"", ""尖顶"", ""检定"", ""鉴定""]"
4,119,jian guo,4,"[""坚果"", ""建国"", ""监国"", ""见过""]"
4,120,jian you,4,"[""兼有"", ""建有"", ""间有"", ""间由""]"
4,121,jian yu,4,"[""建于"", ""监狱"", ""见于"", ""鉴于""]"
4,122,jiang you,4,"[""将有"", ""将由"", ""江油"", ""酱油""]"
4,123,jiang yu,4,"[""将与"", ""将于"", ""疆域"", ""降雨""]"
4,124,jiao hui,4,"[""交会"", ""交汇"", ""教会"", ""教诲""]"
4,125,jiao shi,4,"[""教士"", ""教室"", ""教师"", ""礁石""]"
4,126,jiao yu,4,"[""交予"", ""教于"", ""教育"", ""教谕""]"
4,127,jiao zhi,4,"[""交织"", ""交趾"", ""教职"", ""脚趾""]"
4,128,jiao zuo,4,"[""叫作"", ""叫做"", ""教座"", ""焦作""]"
4,129,jie de,4,"[""界的"", ""节的"", ""街的"", ""阶的""]"
4,130,jie he,4,"[""接合"", ""结合"", ""结核"", ""街和""]"
4,131,jie wei,4,"[""皆为"", ""结为"", ""结尾"", ""解围""]"
4,132,jin cheng,4,"[""禁城"", ""进城"", ""进程"", ""金城""]"
4,133,jin qu,4,"[""禁区"", ""进去"", ""进取"", ""金曲""]"
4,134,jin shen,4,"[""晋身"", ""紧身"", ""谨慎"", ""进深""]"
4,135,jin zhan,4,"[""仅占"", ""进占"", ""进展"", ""进站""]"
4,136,jin zhi,4,"[""禁制"", ""禁止"", ""进制"", ""进至""]"
4,137,jing ji,4,"[""京畿"", ""竞技"", ""经济"", ""经纪""]"
4,138,jing shi,4,"[""京师"", ""经史"", ""警示"", ""警视""]"
4,139,jiong,4,"[""炅"", ""炯"", ""窘"", ""迥""]"
4,140,jiu zhi,4,"[""就职"", ""救治"", ""旧制"", ""旧址""]"
4,141,ju xing,4,"[""举行"", ""巨型"", ""巨星"", ""矩形""]"
4,142,ju zhong,4,"[""举重"", ""剧中"", ""居中"", ""聚众""]"
4,143,jun gong,4,"[""军功"", ""军工"", ""竣工"", ""郡公""]"
4,144,jun shi,4,"[""军事"", ""军士"", ""军师"", ""均是""]"
4,145,jun wei,4,"[""军委"", ""均为"", ""均未"", ""郡为""]"
4,146,ka,4,"[""ka"", ""卡"", ""咖"", ""喀""]"
4,147,ka li,4,"[""卡利"", ""卡里"", ""咖哩"", ""喀里""]"
4,148,ke de,4,"[""克的"", ""可得"", ""科德"", ""科的""]"
4,149,ke fu,4,"[""克服"", ""可夫"", ""客服"", ""科夫""]"
4,150,ke ke,4,"[""可可"", ""柯克"", ""科克"", ""苛刻""]"
4,151,ke luo,4,"[""克洛"", ""克罗"", ""科洛"", ""科罗""]"
4,152,ken,4,"[""垦"", ""恳"", ""肯"", ""龈""]"
4,153,kong,4,"[""孔"", ""恐"", ""控"", ""空""]"
4,154,kuan,4,"[""宽"", ""寛"", ""款"", ""髋""]"
4,155,kuo,4,"[""廓"", ""扩"", ""括"", ""阔""]"
4,156,li cheng,4,"[""历程"", ""李成"", ""李承"", ""里程""]"
4,157,li da,4,"[""利达"", ""李大"", ""李达"", ""里达""]"
4,158,li fu,4,"[""利夫"", ""礼服"", ""里夫"", ""里弗""]"
4,159,li he,4,"[""利和"", ""力和"", ""离合"", ""里和""]"
4,160,li ren,4,"[""历任"", ""李仁"", ""离任"", ""立人""]"
4,161,li xiang,4,"[""理想"", ""立项"", ""里乡"", ""里香""]"
4,162,li yi,4,"[""利益"", ""李毅"", ""礼仪"", ""离异""]"
4,163,lian de,4,"[""联的"", ""连德"", ""连的"", ""链的""]"
4,164,lian xi,4,"[""练习"", ""联席"", ""联系"", ""连系""]"
4,165,ling xing,4,"[""另行"", ""灵性"", ""菱形"", ""零星""]"
4,166,lu si,4,"[""卢斯"", ""路斯"", ""露丝"", ""鲁斯""]"
4,167,luo si,4,"[""洛斯"", ""罗斯"", ""萝丝"", ""螺丝""]"
4,168,ma li ya,4,"[""玛丽亚"", ""玛利亚"", ""马利亚"", ""马里亚""]"
4,169,men,4,"[""men"", ""们"", ""门"", ""闷""]"
4,170,ming shi,4,"[""名士"", ""名是"", ""明史"", ""明石""]"
4,171,mo er,4,"[""墨尔"", ""摩尔"", ""莫尔"", ""默尔""]"
4,172,mo li,4,"[""茉莉"", ""莫里"", ""魔力"", ""默里""]"
4,173,mou,4,"[""某"", ""牟"", ""缪"", ""谋""]"
4,174,mu zhi,4,"[""墓志"", ""拇指"", ""木制"", ""木质""]"
4,175,ni ao,4,"[""尼奥"", ""尿"", ""脲"", ""鸟""]"
4,176,ni ke,4,"[""妮可"", ""尼克"", ""尼可"", ""尼科""]"
4,177,ning,4,"[""ning"", ""凝"", ""宁"", ""柠""]"
4,178,nu,4,"[""努"", ""奴"", ""弩"", ""怒""]"
4,179,nuo,4,"[""懦"", ""挪"", ""糯"", ""诺""]"
4,180,qi cheng,4,"[""七成"", ""启程"", ""弃城"", ""骑乘""]"
4,181,qi yuan,4,"[""奇缘"", ""棋院"", ""祈愿"", ""起源""]"
4,182,qi zhi,4,"[""弃置"", ""旗帜"", ""气质"", ""起至""]"
4,183,qi zi,4,"[""其子"", ""妻子"", ""棋子"", ""起自""]"
4,184,qian ru,4,"[""嵌入"", ""潜入"", ""签入"", ""迁入""]"
4,185,qian yi,4,"[""前一"", ""前已"", ""歉意"", ""迁移""]"
4,186,qing shi,4,"[""情势"", ""清史"", ""请示"", ""轻视""]"
4,187,qiong,4,"[""琼"", ""穷"", ""穹"", ""芎""]"
4,188,qu dao,4,"[""区道"", ""去到"", ""取道"", ""渠道""]"
4,189,quan xian,4,"[""全县"", ""全线"", ""权限"", ""泉县""]"
4,190,ren shou,4,"[""人寿"", ""人手"", ""仁寿"", ""忍受""]"
4,191,ren xing,4,"[""人形"", ""人性"", ""人行"", ""韧性""]"
4,192,ren yi,4,"[""人以"", ""仁义"", ""任一"", ""任意""]"
4,193,ren zhi,4,"[""人之"", ""人质"", ""任职"", ""认知""]"
4,194,ri zhi,4,"[""日之"", ""日志"", ""日治"", ""日职""]"
4,195,shang jie,4,"[""上届"", ""上界"", ""上街"", ""商界""]"
4,196,shang shu,4,"[""上书"", ""上疏"", ""上述"", ""尚书""]"
4,197,shang yi,4,"[""上一"", ""上以"", ""上衣"", ""商议""]"
4,198,she ji,4,"[""射击"", ""涉及"", ""社稷"", ""设计""]"
4,199,she shi,4,"[""摄氏"", ""涉事"", ""设市"", ""设施""]"
4,200,shen de,4,"[""深得"", ""深的"", ""神的"", ""身的""]"
4,201,sheng de,4,"[""圣德"", ""生的"", ""省的"", ""胜的""]"
4,202,sheng ji,4,"[""升级"", ""圣基"", ""生计"", ""省级""]"
4,203,sheng ming,4,"[""声名"", ""声明"", ""生命"", ""盛名""]"
4,204,sheng qi,4,"[""升旗"", ""升起"", ""声器"", ""生气""]"
4,205,shi bei,4,"[""时被"", ""是北"", ""是被"", ""石碑""]"
4,206,shi chang,4,"[""世昌"", ""市场"", ""时常"", ""时长""]"
4,207,shi da,4,"[""十大"", ""士打"", ""师大"", ""是大""]"
4,208,shi fen,4,"[""十分"", ""失分"", ""时分"", ""食分""]"
4,209,shi ge,4,"[""十个"", ""时隔"", ""是个"", ""诗歌""]"
4,210,shi ju,4,"[""世居"", ""时局"", ""诗句"", ""适居""]"
4,211,shi shang,4,"[""世上"", ""史上"", ""时尚"", ""是上""]"
4,212,shi shou,4,"[""失守"", ""实授"", ""是受"", ""石首""]"
4,213,shi si,4,"[""使司"", ""十四"", ""是四"", ""食肆""]"
4,214,shi ti,4,"[""史提"", ""实体"", ""尸体"", ""适体""]"
4,215,shi xi,4,"[""世系"", ""世袭"", ""实习"", ""是西""]"
4,216,shi xing,4,"[""实行"", ""施行"", ""试行"", ""食性""]"
4,217,shi yong de,4,"[""使用的"", ""实用的"", ""适用的"", ""食用的""]"
4,218,shi yong yu,4,"[""使用于"", ""是用于"", ""适用于"", ""食用鱼""]"
4,219,shou li,4,"[""受理"", ""手里"", ""首例"", ""首里""]"
4,220,shou yi,4,"[""兽医"", ""受益"", ""授意"", ""收益""]"
4,221,shu de,4,"[""书的"", ""属的"", ""数的"", ""树的""]"
4,222,shu ji,4,"[""书籍"", ""书纪"", ""书记"", ""枢机""]"
4,223,shu li,4,"[""数理"", ""树立"", ""竖立"", ""署理""]"
4,224,shu ming,4,"[""书名"", ""属名"", ""数名"", ""署名""]"
4,225,shu ren,4,"[""庶人"", ""数人"", ""树人"", ""署任""]"
4,226,shu zhi,4,"[""数值"", ""树枝"", ""树脂"", ""熟知""]"
4,227,shu zhong,4,"[""书中"", ""属中"", ""数种"", ""树种""]"
4,228,shuai,4,"[""帅"", ""摔"", ""甩"", ""衰""]"
4,229,shuang,4,"[""双"", ""孀"", ""爽"", ""霜""]"
4,230,shui,4,"[""水"", ""睡"", ""税"", ""谁""]"
4,231,shuo,4,"[""朔"", ""烁"", ""硕"", ""说""]"
4,232,si li,4,"[""思礼"", ""斯利"", ""斯里"", ""私立""]"
4,233,si zi,4,"[""嗣子"", ""四子"", ""四字"", ""私自""]"
4,234,sou,4,"[""叟"", ""嗽"", ""搜"", ""艘""]"
4,235,ta men,4,"[""他们"", ""她们"", ""它们"", ""牠们""]"
4,236,ta men de,4,"[""他们的"", ""她们的"", ""它们的"", ""牠们的""]"
4,237,ta zai,4,"[""他再"", ""他在"", ""她在"", ""它在""]"
4,238,te ji,4,"[""特急"", ""特技"", ""特级"", ""特辑""]"
4,239,te li,4,"[""特例"", ""特利"", ""特立"", ""特里""]"
4,240,teng,4,"[""滕"", ""疼"", ""腾"", ""藤""]"
4,241,ti xing,4,"[""体型"", ""体形"", ""提醒"", ""梯形""]"
4,242,tiao,4,"[""挑"", ""条"", ""眺"", ""跳""]"
4,243,tie,4,"[""帖"", ""萜"", ""贴"", ""铁""]"
4,244,tong hua,4,"[""同化"", ""童话"", ""通化"", ""通话""]"
4,245,tong ji,4,"[""同济"", ""同级"", ""统计"", ""通缉""]"
4,246,tong shi,4,"[""同事"", ""同时"", ""同是"", ""通识""]"
4,247,tu er,4,"[""吐尔"", ""图尔"", ""土尔"", ""土耳""]"
4,248,tuo li,4,"[""托利"", ""托里"", ""脱离"", ""陀利""]"
4,249,wang shi,4,"[""往事"", ""王世"", ""王室"", ""王氏""]"
4,250,wei da,4,"[""为大"", ""伟大"", ""未达"", ""维达""]"
4,251,wei du,4,"[""唯独"", ""围堵"", ""纬度"", ""维度""]"
4,252,wei guan,4,"[""为官"", ""围观"", ""微观"", ""维管""]"
4,253,wei guo,4,"[""为国"", ""卫国"", ""未果"", ""魏国""]"
4,254,wei ke,4,"[""威克"", ""维克"", ""韦克"", ""鳚科""]"
4,255,wei wu,4,"[""为五"", ""为无"", ""唯物"", ""维吾""]"
4,256,wei xiao,4,"[""为小"", ""微小"", ""微笑"", ""魏孝""]"
4,257,wei xin,4,"[""为新"", ""威信"", ""微信"", ""维新""]"
4,258,wei yuan,4,"[""为原"", ""位元"", ""委员"", ""维园""]"
4,259,wen bu,4,"[""吻部"", ""文部"", ""温布"", ""稳步""]"
4,260,wen shi,4,"[""文史"", ""温室"", ""纹饰"", ""问世""]"
4,261,wu chang,4,"[""五常"", ""无偿"", ""无常"", ""武昌""]"
4,262,wu de,4,"[""乌德"", ""伍德"", ""武德"", ""物的""]"
4,263,wu jian,4,"[""五间"", ""午间"", ""无间"", ""物件""]"
4,264,wu ming,4,"[""五名"", ""无名"", ""无明"", ""污名""]"
4,265,wu shu,4,"[""务署"", ""巫术"", ""无数"", ""武术""]"
4,266,wu si,4,"[""乌思"", ""乌斯"", ""五四"", ""无私""]"
4,267,wu xing,4,"[""五星"", ""五行"", ""吴兴"", ""无形""]"
4,268,xi er,4,"[""希尔"", ""席尔"", ""西尔"", ""锡尔""]"
4,269,xi fu,4,"[""吸附"", ""媳妇"", ""希夫"", ""西夫""]"
4,270,xi jie,4,"[""洗劫"", ""细节"", ""西接"", ""西街""]"
4,271,xi jin,4,"[""奚斤"", ""西晋"", ""西进"", ""锡金""]"
4,272,xi lin,4,"[""西临"", ""西林"", ""西邻"", ""锡林""]"
4,273,xi ni,4,"[""悉尼"", ""细腻"", ""西尼"", ""锡尼""]"
4,274,xi shi,4,"[""吸食"", ""稀释"", ""西市"", ""西式""]"
4,275,xia yi,4,"[""下一"", ""下以"", ""狭义"", ""虾夷""]"
4,276,xian cheng,4,"[""县丞"", ""县城"", ""现称"", ""线程""]"
4,277,xian he,4,"[""先河"", ""县和"", ""显赫"", ""线和""]"
4,278,xian jin,4,"[""先进"", ""献金"", ""现今"", ""现金""]"
4,279,xian jing,4,"[""仙境"", ""县境"", ""咸镜"", ""陷阱""]"
4,280,xian ren,4,"[""仙人"", ""县人"", ""现任"", ""线人""]"
4,281,xian xing,4,"[""先行"", ""现行"", ""线形"", ""线性""]"
4,282,xian yi,4,"[""先以"", ""嫌疑"", ""现已"", ""现役""]"
4,283,xiang jian,4,"[""乡间"", ""相见"", ""相间"", ""详见""]"
4,284,xiang jiao,4,"[""橡胶"", ""相交"", ""相较"", ""香蕉""]"
4,285,xiang qi,4,"[""向其"", ""想起"", ""象棋"", ""香气""]"
4,286,xiang shi,4,"[""乡事"", ""乡试"", ""像是"", ""相识""]"
4,287,xiao shi,4,"[""小时"", ""校史"", ""消失"", ""消逝""]"
4,288,xin sheng,4,"[""心声"", ""心生"", ""新声"", ""新生""]"
4,289,xin shi,4,"[""信使"", ""新世"", ""新式"", ""新诗""]"
4,290,xing tai,4,"[""型态"", ""形态"", ""行台"", ""邢台""]"
4,291,xu shi,4,"[""叙事"", ""徐氏"", ""许氏"", ""需时""]"
4,292,xue yuan,4,"[""学员"", ""学园"", ""学院"", ""血缘""]"
4,293,ya li,4,"[""亚利"", ""亚历"", ""压力"", ""鸭脷""]"
4,294,yan ge,4,"[""严格"", ""沿革"", ""演歌"", ""阉割""]"
4,295,yan shi,4,"[""岩石"", ""掩饰"", ""演示"", ""验尸""]"
4,296,yan xi,4,"[""沿袭"", ""演习"", ""演戏"", ""研习""]"
4,297,yang shi,4,"[""央视"", ""杨氏"", ""样式"", ""阳市""]"
4,298,ye shi,4,"[""也使"", ""也是"", ""夜市"", ""野市""]"
4,299,yi cheng,4,"[""亦称"", ""已成"", ""议程"", ""译成""]"
4,300,yi da,4,"[""一大"", ""以大"", ""伊达"", ""已达""]"
4,301,yi dao,4,"[""一到"", ""一道"", ""移到"", ""胰岛""]"
4,302,yi dui,4,"[""一对"", ""一队"", ""亦对"", ""以对""]"
4,303,yi jian,4,"[""一件"", ""一见"", ""一间"", ""意见""]"
4,304,yi jiang,4,"[""亦将"", ""以将"", ""以降"", ""已将""]"
4,305,yi jing,4,"[""一经"", ""乙腈"", ""已经"", ""易经""]"
4,306,yi lai,4,"[""一来"", ""以来"", ""伊莱"", ""依赖""]"
4,307,yi nian,4,"[""一年"", ""亿年"", ""意念"", ""翌年""]"
4,308,yi ti,4,"[""一体"", ""一提"", ""议题"", ""遗体""]"
4,309,yi wan,4,"[""一万"", ""乙烷"", ""亿万"", ""伊万""]"
4,310,yi xian,4,"[""一线"", ""义县"", ""乙酰"", ""邑县""]"
4,311,yi xin,4,"[""一心"", ""一新"", ""以新"", ""奕䜣""]"
4,312,yi you,4,"[""亦有"", ""亦由"", ""已有"", ""已由""]"
4,313,yi zhan,4,"[""一战"", ""一站"", ""翼展"", ""驿站""]"
4,314,yi zhong,4,"[""一中"", ""一众"", ""一种"", ""以中""]"
4,315,yi zu,4,"[""一族"", ""一组"", ""乙组"", ""彝族""]"
4,316,yin yu,4,"[""因与"", ""因于"", ""隐喻"", ""音域""]"
4,317,ying hua,4,"[""映画"", ""樱花"", ""硬化"", ""英华""]"
4,318,ying li,4,"[""应力"", ""盈利"", ""英里"", ""营利""]"
4,319,you hui,4,"[""优惠"", ""又会"", ""友会"", ""游会""]"
4,320,you ke,4,"[""又可"", ""游客"", ""由科"", ""酉科""]"
4,321,you lun,4,"[""有伦"", ""油轮"", ""游轮"", ""邮轮""]"
4,322,you ren,4,"[""友人"", ""右任"", ""有人"", ""游人""]"
4,323,you xian,4,"[""优先"", ""右舷"", ""有线"", ""有限""]"
4,324,you zhi,4,"[""优质"", ""又指"", ""幼稚"", ""油脂""]"
4,325,yu ji,4,"[""与及"", ""淤积"", ""雨季"", ""预计""]"
4,326,yu lin,4,"[""与林"", ""榆林"", ""羽林"", ""雨林""]"
4,327,yu xi,4,"[""与西"", ""玉玺"", ""语系"", ""遇袭""]"
4,328,yuan ding,4,"[""原定"", ""原订"", ""园丁"", ""圆顶""]"
4,329,yuan xian,4,"[""原先"", ""原县"", ""源县"", ""院线""]"
4,330,yuan yi,4,"[""原意"", ""园艺"", ""愿意"", ""源义""]"
4,331,yuan you,4,"[""原有"", ""原油"", ""原由"", ""缘由""]"
4,332,yuan zhu,4,"[""原住"", ""原著"", ""圆柱"", ""援助""]"
4,333,za,4,"[""za"", ""匝"", ""杂"", ""砸""]"
4,334,zai wu,4,"[""再无"", ""在乌"", ""在五"", ""在无""]"
4,335,zai yi,4,"[""再以"", ""在一"", ""在以"", ""在伊""]"
4,336,zai you,4,"[""再有"", ""再由"", ""在有"", ""载有""]"
4,337,zai yu,4,"[""再与"", ""再于"", ""在与"", ""在于""]"
4,338,zan,4,"[""攒"", ""暂"", ""瓒"", ""赞""]"
4,339,zhan ji,4,"[""战机"", ""战绩"", ""战记"", ""站及""]"
4,340,zhe shi,4,"[""者是"", ""这使"", ""这时"", ""这是""]"
4,341,zhi bi,4,"[""之比"", ""执笔"", ""直弼"", ""纸币""]"
4,342,zhi chu,4,"[""之初"", ""之处"", ""指出"", ""支出""]"
4,343,zhi gong,4,"[""之功"", ""志工"", ""直贡"", ""职工""]"
4,344,zhi guan,4,"[""之冠"", ""直观"", ""职官"", ""至关""]"
4,345,zhi hui,4,"[""只会"", ""指挥"", ""智慧"", ""稚晖""]"
4,346,zhi liu,4,"[""支流"", ""滞留"", ""直流"", ""至六""]"
4,347,zhi sheng,4,"[""之声"", ""只剩"", ""直升"", ""致胜""]"
4,348,zhi xi,4,"[""支系"", ""直系"", ""知悉"", ""窒息""]"
4,349,zhi xia,4,"[""之下"", ""治下"", ""直辖"", ""至下""]"
4,350,zhi xiang,4,"[""之乡"", ""只想"", ""志向"", ""指向""]"
4,351,zhi xin,4,"[""之心"", ""置信"", ""至新"", ""致信""]"
4,352,zhi ye,4,"[""之夜"", ""执业"", ""置业"", ""职业""]"
4,353,zhi zhong,4,"[""之中"", ""治中"", ""至中"", ""至终""]"
4,354,zhi zi,4,"[""之姿"", ""之子"", ""侄子"", ""质子""]"
4,355,zhong du,4,"[""中度"", ""中毒"", ""中都"", ""重度""]"
4,356,zhong sheng,4,"[""中生"", ""众生"", ""终生"", ""钟声""]"
4,357,zhong yu,4,"[""中与"", ""忠于"", ""终于"", ""重于""]"
4,358,zhu jiang,4,"[""主将"", ""主讲"", ""珠江"", ""诸将""]"
4,359,zhu yi,4,"[""主义"", ""主意"", ""注意"", ""逐一""]"
4,360,zhu zi,4,"[""朱子"", ""柱子"", ""注资"", ""诸子""]"
4,361,zhuan ji,4,"[""专机"", ""专辑"", ""传记"", ""转机""]"
4,362,zi de,4,"[""兹的"", ""子的"", ""字德"", ""字的""]"
4,363,zi li,4,"[""子里"", ""自力"", ""自立"", ""资历""]"
4,364,zi shi,4,"[""姿势"", ""子是"", ""滋事"", ""自始""]"
4,365,zi wei,4,"[""子为"", ""紫薇"", ""自卫"", ""自慰""]"
4,366,zi xing,4,"[""字型"", ""字形"", ""字行"", ""自行""]"
4,367,zou,4,"[""奏"", ""诹"", ""走"", ""邹""]"
4,368,zui,4,"[""嘴"", ""最"", ""罪"", ""醉""]"
4,369,zun,4,"[""尊"", ""樽"", ""遵"", ""鳟""]"
4,370,zuo de,4,"[""作的"", ""做得"", ""做的"", ""座的""]"
4,371,zuo wei,4,"[""作为"", ""做为"", ""左卫"", ""座位""]"
5,1,ben ji,5,"[""本季"", ""本级"", ""本纪"", ""本集"", ""苯基""]"
5,2,bian xing,5,"[""变形"", ""变性"", ""变星"", ""边形"", ""鞭刑""]"
5,3,bian yi,5,"[""便以"", ""便已"", ""变异"", ""编译"", ""贬义""]"
5,4,bo luo,5,"[""勃罗"", ""博洛"", ""博罗"", ""波洛"", ""波罗""]"
5,5,bu ji,5,"[""不及"", ""不计"", ""补给"", ""部及"", ""部级""]"
5,6,bu xi,5,"[""不息"", ""不惜"", ""布希"", ""布西"", ""补习""]"
5,7,bu yu,5,"[""不与"", ""不予"", ""哺育"", ""捕鱼"", ""部与""]"
5,8,bu zhi,5,"[""不只"", ""不止"", ""不治"", ""不知"", ""布置""]"
5,9,cang,5,"[""仓"", ""沧"", ""舱"", ""苍"", ""藏""]"
5,10,cheng ji,5,"[""乘机"", ""乘积"", ""城际"", ""成绩"", ""承继""]"
5,11,chu ji,5,"[""出击"", ""初级"", ""处级"", ""触及"", ""除籍""]"
5,12,chu yi,5,"[""出一"", ""初一"", ""处以"", ""除以"", ""除役""]"
5,13,cu,5,"[""促"", ""猝"", ""簇"", ""粗"", ""醋""]"
5,14,cun,5,"[""吋"", ""存"", ""寸"", ""村"", ""邨""]"
5,15,da fu,5,"[""大佛"", ""大夫"", ""大幅"", ""答复"", ""达夫""]"
5,16,da shi,5,"[""大事"", ""大使"", ""大师"", ""大时"", ""大石""]"
5,17,da si,5,"[""大司"", ""大寺"", ""大肆"", ""打死"", ""达斯""]"
5,18,dao shi,5,"[""导师"", ""岛式"", ""岛是"", ""道士"", ""道试""]"
5,19,de,5,"[""de"", ""得"", ""徳"", ""德"", ""的""]"
5,20,de li,5,"[""得利"", ""德利"", ""德里"", ""的李"", ""的黎""]"
5,21,di di,5,"[""低地"", ""地底"", ""弟弟"", ""滴滴"", ""迪迪""]"
5,22,di ji,5,"[""地基"", ""地级"", ""帝姬"", ""敌机"", ""蒂济""]"
5,23,di shi,5,"[""地势"", ""敌视"", ""的士"", ""第十"", ""迪士""]"
5,24,di ya,5,"[""低压"", ""地亚"", ""抵押"", ""蒂亚"", ""迪亚""]"
5,25,di yu,5,"[""低于"", ""地与"", ""地域"", ""地狱"", ""抵御""]"
5,26,dong shi,5,"[""东势"", ""东市"", ""东石"", ""动视"", ""董事""]"
5,27,er de,5,"[""二的"", ""儿的"", ""尔德"", ""尔的"", ""而得""]"
5,28,fa li,5,"[""发力"", ""法例"", ""法利"", ""法理"", ""法里""]"
5,29,fang zhi,5,"[""仿制"", ""放置"", ""纺织"", ""防止"", ""防治""]"
5,30,fu jian,5,"[""伏见"", ""复建"", ""福建"", ""苻坚"", ""附件""]"
5,31,fu lei,5,"[""夫勒"", ""富勒"", ""弗勒"", ""弗雷"", ""福雷""]"
5,32,fu ren,5,"[""夫人"", ""妇人"", ""富人"", ""赴任"", ""辅仁""]"
5,33,fu you,5,"[""傅友"", ""富有"", ""浮游"", ""负有"", ""附有""]"
5,34,ga,5,"[""ga"", ""伽"", ""嘎"", ""噶"", ""尬""]"
5,35,ge li,5,"[""戈里"", ""格利"", ""格力"", ""格里"", ""隔离""]"
5,36,gen,5,"[""gen"", ""亘"", ""根"", ""艮"", ""跟""]"
5,37,gong ji,5,"[""供给"", ""共济"", ""共计"", ""功绩"", ""攻击""]"
5,38,gong li,5,"[""公厘"", ""公理"", ""公立"", ""公里"", ""功利""]"
5,39,gua,5,"[""刮"", ""卦"", ""寡"", ""挂"", ""瓜""]"
5,40,he ji,5,"[""合计"", ""合辑"", ""合集"", ""和记"", ""河及""]"
5,41,he wu,5,"[""合物"", ""和五"", ""和吴"", ""和无"", ""核武""]"
5,42,he xian,5,"[""和县"", ""和弦"", ""河县"", ""河西岸"", ""贺县""]"
5,43,he zi,5,"[""合资"", ""和自"", ""核子"", ""盒子"", ""赫兹""]"
5,44,hui he,5,"[""会合"", ""会和"", ""回合"", ""回纥"", ""汇合""]"
5,45,hun,5,"[""婚"", ""昏"", ""浑"", ""混"", ""魂""]"
5,46,ji di,5,"[""及第"", ""基地"", ""基底"", ""极低"", ""极地""]"
5,47,ji du,5,"[""基督"", ""嫉妒"", ""季度"", ""极度"", ""缉毒""]"
5,48,ji jin,5,"[""几近"", ""即今"", ""基金"", ""激进"", ""饥馑""]"
5,49,jia li,5,"[""佳丽"", ""佳里"", ""加利"", ""加里"", ""家里""]"
5,50,jia zhuang,5,"[""假装"", ""加装"", ""嫁妆"", ""家庄"", ""甲状""]"
5,51,jian de,5,"[""建德"", ""建的"", ""舰的"", ""见的"", ""间的""]"
5,52,jian jie,5,"[""剪接"", ""简介"", ""简洁"", ""见解"", ""间接""]"
5,53,jin jun,5,"[""巾军"", ""晋军"", ""禁军"", ""进军"", ""金军""]"
5,54,jing li,5,"[""敬礼"", ""精力"", ""经历"", ""经理"", ""警力""]"
5,55,ke li,5,"[""克利"", ""克里"", ""柯立"", ""科里"", ""颗粒""]"
5,56,kou,5,"[""口"", ""叩"", ""寇"", ""扣"", ""蔻""]"
5,57,kuai,5,"[""块"", ""库埃"", ""快"", ""筷"", ""脍""]"
5,58,le,5,"[""le"", ""乐"", ""了"", ""叻"", ""肋""]"
5,59,li ji,5,"[""李济"", ""李继"", ""礼记"", ""立即"", ""立基""]"
5,60,li yuan,5,"[""李元"", ""李渊"", ""沥源"", ""笠原"", ""黎元""]"
5,61,li zi,5,"[""丽兹"", ""例子"", ""利兹"", ""离子"", ""粒子""]"
5,62,lian tong,5,"[""恋童"", ""联同"", ""联通"", ""连同"", ""连通""]"
5,63,liang ji,5,"[""两季"", ""两极"", ""两级"", ""两集"", ""量级""]"
5,64,lu de,5,"[""lude"", ""录得"", ""路德"", ""路的"", ""鲁德""]"
5,65,luo de,5,"[""洛德"", ""罗得"", ""罗德"", ""罗的"", ""落的""]"
5,66,mei li,5,"[""梅利"", ""梅里"", ""美丽"", ""美利"", ""魅力""]"
5,67,mo luo,5,"[""摩洛"", ""摩罗"", ""没落"", ""莫洛"", ""莫罗""]"
5,68,niu,5,"[""妞"", ""扭"", ""牛"", ""纽"", ""钮""]"
5,69,nong,5,"[""侬"", ""农"", ""弄"", ""浓"", ""脓""]"
5,70,pang,5,"[""乓"", ""庞"", ""旁"", ""滂"", ""胖""]"
5,71,qi jian,5,"[""其间"", ""器件"", ""旗舰"", ""期间"", ""起见""]"
5,72,qi ming,5,"[""七名"", ""其名"", ""启明"", ""起名"", ""齐名""]"
5,73,qi qi,5,"[""七七"", ""其妻"", ""漆器"", ""起讫"", ""齐齐""]"
5,74,qi ren,5,"[""七人"", ""其人"", ""奇人"", ""旗人"", ""起任""]"
5,75,qi zhong,5,"[""七种"", ""其中"", ""器重"", ""期中"", ""起重""]"
5,76,qian zhi,5,"[""前置"", ""前肢"", ""牵制"", ""迁址"", ""迁至""]"
5,77,qing hua,5,"[""氢化"", ""氰化"", ""清化"", ""清华"", ""青花""]"
5,78,qing yuan,5,"[""庆元"", ""情愿"", ""清源"", ""清远"", ""请愿""]"
5,79,qu de,5,"[""区的"", ""去的"", ""取得"", ""取的"", ""曲的""]"
5,80,qu shi,5,"[""区是"", ""去世"", ""取食"", ""趋势"", ""驱使""]"
5,81,quan shi,5,"[""全市"", ""全是"", ""全食"", ""权势"", ""诠释""]"
5,82,rao,5,"[""扰"", ""桡"", ""绕"", ""遶"", ""饶""]"
5,83,ren shi,5,"[""人世"", ""人事"", ""人士"", ""人是"", ""认识""]"
5,84,sa,5,"[""sa"", ""卅"", ""撒"", ""洒"", ""萨""]"
5,85,se,5,"[""se"", ""涩"", ""瑟"", ""色"", ""铯""]"
5,86,sheng shi,5,"[""圣事"", ""声势"", ""盛世"", ""盛事"", ""省市""]"
5,87,sheng yu,5,"[""剩余"", ""声誉"", ""生于"", ""生育"", ""胜于""]"
5,88,shi cheng,5,"[""世称"", ""史称"", ""师承"", ""时称"", ""石城""]"
5,89,shi gu,5,"[""事故"", ""尸骨"", ""是古"", ""是故"", ""石鼓""]"
5,90,shi jian,5,"[""世间"", ""事件"", ""始建"", ""实践"", ""时间""]"
5,91,shi ke,5,"[""史克"", ""时刻"", ""时可"", ""是可"", ""石刻""]"
5,92,shi ming,5,"[""使命"", ""十名"", ""失明"", ""实名"", ""是名""]"
5,93,shi shu,5,"[""史书"", ""实属"", ""实数"", ""时属"", ""时数""]"
5,94,shi shui,5,"[""嗜睡"", ""式水"", ""是水"", ""是谁"", ""食水""]"
5,95,shi tan,5,"[""史坦"", ""士坦"", ""施坦"", ""石炭"", ""试探""]"
5,96,shi yan,5,"[""实验"", ""誓言"", ""试验"", ""食盐"", ""饰演""]"
5,97,shi ye,5,"[""事业"", ""失业"", ""实业"", ""时也"", ""视野""]"
5,98,shi yuan,5,"[""士元"", ""师院"", ""是原"", ""石原"", ""石垣""]"
5,99,shi zai,5,"[""实在"", ""师在"", ""时在"", ""是在"", ""氏在""]"
5,100,shi zheng,5,"[""实证"", ""市政"", ""施政"", ""是正"", ""氏症""]"
5,101,shou ji,5,"[""手机"", ""收集"", ""首季"", ""首级"", ""首集""]"
5,102,shou ren,5,"[""兽人"", ""受人"", ""守仁"", ""收人"", ""首任""]"
5,103,shou shi,5,"[""受试"", ""手势"", ""收拾"", ""收视"", ""首饰""]"
5,104,shou yu,5,"[""售予"", ""守御"", ""手语"", ""授与"", ""授予""]"
5,105,si ji,5,"[""伺机"", ""司机"", ""四季"", ""四级"", ""斯基""]"
5,106,sun,5,"[""孙"", ""损"", ""笋"", ""荪"", ""隼""]"
5,107,ta de,5,"[""他的"", ""塔的"", ""她的"", ""它的"", ""牠的""]"
5,108,ta he,5,"[""他和"", ""塔和"", ""塔赫"", ""她和"", ""它和""]"
5,109,ta you,5,"[""他又"", ""他有"", ""她又"", ""它有"", ""它由""]"
5,110,tai shi,5,"[""台视"", ""太史"", ""太师"", ""态势"", ""泰始""]"
5,111,tou,5,"[""偷"", ""头"", ""投"", ""透"", ""骰""]"
5,112,tun,5,"[""吞"", ""屯"", ""臀"", ""豚"", ""鲀""]"
5,113,tuo luo,5,"[""托洛"", ""托罗"", ""脱落"", ""陀罗"", ""陀螺""]"
5,114,wei sheng,5,"[""为生"", ""卫生"", ""尾声"", ""维生"", ""衞生""]"
5,115,wei yi,5,"[""为一"", ""位移"", ""唯一"", ""尾翼"", ""惟一""]"
5,116,wu dao,5,"[""五岛"", ""无道"", ""武道"", ""舞蹈"", ""误导""]"
5,117,wu wei,5,"[""五位"", ""无为"", ""无危"", ""无畏"", ""武威""]"
5,118,wu xian,5,"[""吴县"", ""无线"", ""无限"", ""武仙"", ""诬陷""]"
5,119,wu xu,5,"[""戊戌"", ""无序"", ""无需"", ""无须"", ""毋须""]"
5,120,wu zi,5,"[""乌兹"", ""五子"", ""伍兹"", ""无子"", ""物资""]"
5,121,xi wei,5,"[""席位"", ""细尾"", ""细微"", ""西尾"", ""西魏""]"
5,122,xi zhi,5,"[""徙置"", ""析置"", ""汐止"", ""细致"", ""西至""]"
5,123,xin yi,5,"[""信义"", ""心意"", ""新一"", ""新义"", ""欣宜""]"
5,124,xing de,5,"[""型的"", ""形的"", ""性的"", ""星的"", ""行的""]"
5,125,yan zhi,5,"[""延至"", ""研制"", ""胭脂"", ""腌制"", ""言之""]"
5,126,yi bu,5,"[""一步"", ""一部"", ""亦不"", ""以不"", ""已不""]"
5,127,yi ci,5,"[""一次"", ""一词"", ""义词"", ""以此"", ""依次""]"
5,128,yi ke,5,"[""一刻"", ""一颗"", ""亦可"", ""伊克"", ""医科""]"
5,129,yi ming,5,"[""一名"", ""异名"", ""易名"", ""艺名"", ""译名""]"
5,130,yi ran,5,"[""亦然"", ""依然"", ""已然"", ""易燃"", ""毅然""]"
5,131,yi ren,5,"[""一人"", ""义仁"", ""亿人"", ""宜人"", ""艺人""]"
5,132,yi shu,5,"[""一书"", ""义塾"", ""医术"", ""艺术"", ""遗书""]"
5,133,yi wen,5,"[""一文"", ""疑问"", ""艺文"", ""译文"", ""轶闻""]"
5,134,yi xiang,5,"[""一向"", ""一项"", ""已向"", ""意向"", ""意象""]"
5,135,yi xing,5,"[""一行"", ""义兴"", ""宜兴"", ""异形"", ""异性""]"
5,136,yi zai,5,"[""一再"", ""亦在"", ""以在"", ""已在"", ""意在""]"
5,137,yi zi,5,"[""一子"", ""一字"", ""以自"", ""伊兹"", ""椅子""]"
5,138,yi zuo,5,"[""一作"", ""一座"", ""亦作"", ""以作"", ""译作""]"
5,139,ying ji,5,"[""应急"", ""应激"", ""影集"", ""硬棘"", ""迎击""]"
5,140,you ji,5,"[""有几"", ""有机"", ""游击"", ""游记"", ""邮寄""]"
5,141,you wei,5,"[""又为"", ""右卫"", ""尤为"", ""有为"", ""有违""]"
5,142,yu qi,5,"[""与其"", ""于其"", ""玉器"", ""语气"", ""预期""]"
5,143,yuan de,5,"[""元的"", ""员的"", ""圆的"", ""远的"", ""院的""]"
5,144,zang,5,"[""奘"", ""脏"", ""臧"", ""葬"", ""赃""]"
5,145,zhan li,5,"[""战利"", ""战力"", ""战栗"", ""站立"", ""颤栗""]"
5,146,zhi di,5,"[""之地"", ""之弟"", ""置地"", ""质地"", ""质的""]"
5,147,zhi ji,5,"[""之机"", ""之计"", ""之际"", ""制剂"", ""织姬""]"
5,148,zhi xing,5,"[""之星"", ""之行"", ""执行"", ""支行"", ""知行""]"
5,149,zhi yuan,5,"[""志愿"", ""支援"", ""职员"", ""至元"", ""致远""]"
5,150,zhi zhu,5,"[""之主"", ""之助"", ""支柱"", ""植株"", ""蜘蛛""]"
5,151,zhong xin,5,"[""中信"", ""中心"", ""中新"", ""忠心"", ""重心""]"
5,152,zhong xing,5,"[""中兴"", ""中型"", ""中性"", ""种姓"", ""重型""]"
5,153,zhong yi,5,"[""中一"", ""中亦"", ""中以"", ""中医"", ""忠义""]"
5,154,zhuan zhi,5,"[""专制"", ""专指"", ""专职"", ""转职"", ""转至""]"
5,155,zhui,5,"[""坠"", ""缀"", ""赘"", ""追"", ""锥""]"
5,156,zi zhi,5,"[""自制"", ""自治"", ""自知"", ""资治"", ""资质""]"
6,1,ba li,6,"[""八里"", ""巴利"", ""巴力"", ""巴厘"", ""巴里"", ""巴黎""]"
6,2,ban de,6,"[""办的"", ""板的"", ""版的"", ""班德"", ""班的"", ""般的""]"
6,3,ben,6,"[""ben"", ""奔"", ""本"", ""笨"", ""苯"", ""贲""]"
6,4,bu yi,6,"[""不一"", ""不以"", ""不宜"", ""不已"", ""不易"", ""布依""]"
6,5,cao,6,"[""操"", ""曹"", ""槽"", ""漕"", ""糙"", ""草""]"
6,6,ce,6,"[""ce"", ""侧"", ""册"", ""厕"", ""测"", ""策""]"
6,7,chuang,6,"[""创"", ""幢"", ""床"", ""疮"", ""窗"", ""闯""]"
6,8,chui,6,"[""吹"", ""垂"", ""椎"", ""槌"", ""炊"", ""锤""]"
6,9,cuo,6,"[""厝"", ""挫"", ""措"", ""撮"", ""磋"", ""错""]"
6,10,da cheng,6,"[""大乘"", ""大城"", ""大成"", ""打成"", ""搭乘"", ""达成""]"
6,11,da dao,6,"[""大刀"", ""大岛"", ""大道"", ""打倒"", ""打到"", ""达到""]"
6,12,deng,6,"[""凳"", ""灯"", ""登"", ""瞪"", ""等"", ""邓""]"
6,13,dian ji,6,"[""典籍"", ""奠基"", ""点击"", ""电击"", ""电机"", ""电极""]"
6,14,er shi,6,"[""二世"", ""二十"", ""二是"", ""儿时"", ""而使"", ""而是""]"
6,15,fei li,6,"[""腓力"", ""菲利"", ""费利"", ""费里"", ""非利"", ""飞利""]"
6,16,fu he,6,"[""复合"", ""复核"", ""夫和"", ""符合"", ""覆核"", ""负荷""]"
6,17,ge da,6,"[""各大"", ""各答"", ""哥大"", ""哥打"", ""哥达"", ""格达""]"
6,18,guan zhi,6,"[""官制"", ""官职"", ""官至"", ""管制"", ""管治"", ""馆址""]"
6,19,he li,6,"[""合力"", ""合理"", ""和利"", ""和李"", ""荷里"", ""赫里""]"
6,20,he shi,6,"[""何时"", ""何氏"", ""合适"", ""和石"", ""核实"", ""河市""]"
6,21,heng,6,"[""亨"", ""恒"", ""桁"", ""横"", ""衡"", ""鸻""]"
6,22,hua de,6,"[""化的"", ""华德"", ""华的"", ""画的"", ""花的"", ""话的""]"
6,23,hua shi,6,"[""化市"", ""化石"", ""华氏"", ""华视"", ""画师"", ""花式""]"
6,24,huai,6,"[""坏"", ""徊"", ""怀"", ""槐"", ""淮"", ""踝""]"
6,25,ji si,6,"[""吉思"", ""吉斯"", ""基斯"", ""姬丝"", ""祭司"", ""祭祀""]"
6,26,ji xing,6,"[""即兴"", ""急性"", ""急行"", ""机型"", ""极性"", ""畸形""]"
6,27,ji you,6,"[""即有"", ""即由"", ""及有"", ""既有"", ""机油"", ""计有""]"
6,28,ji zhong,6,"[""几种"", ""击中"", ""及中"", ""季中"", ""机种"", ""集中""]"
6,29,jiang shi,6,"[""僵尸"", ""将使"", ""将士"", ""将是"", ""江市"", ""讲师""]"
6,30,jie ji,6,"[""借机"", ""劫机"", ""结集"", ""街及"", ""街机"", ""阶级""]"
6,31,jin ji,6,"[""晋级"", ""禁忌"", ""紧急"", ""近畿"", ""进击"", ""金鸡""]"
6,32,jiu shi,6,"[""九世"", ""九十"", ""就是"", ""救世"", ""旧式"", ""旧时""]"
6,33,ju shi,6,"[""举世"", ""局势"", ""居士"", ""巨噬"", ""巨石"", ""菊石""]"
6,34,kao,6,"[""尻"", ""拷"", ""烤"", ""考"", ""铐"", ""靠""]"
6,35,ke shi,6,"[""刻石"", ""可使"", ""可是"", ""可视"", ""客室"", ""课室""]"
6,36,ke xi,6,"[""克西"", ""可惜"", ""客席"", ""柯西"", ""科系"", ""科西""]"
6,37,li jia,6,"[""李佳"", ""李嘉"", ""李家"", ""离家"", ""里加"", ""黎加""]"
6,38,li si,6,"[""丽丝"", ""利斯"", ""李嗣"", ""李斯"", ""莉丝"", ""里斯""]"
6,39,li wei,6,"[""利维"", ""李伟"", ""李维"", ""立为"", ""立委"", ""黎维""]"
6,40,li zhi,6,"[""励志"", ""李志"", ""理智"", ""离职"", ""立志"", ""荔枝""]"
6,41,lian jie,6,"[""廉洁"", ""联捷"", ""联结"", ""连接"", ""连结"", ""链接""]"
6,42,lou,6,"[""娄"", ""楼"", ""漏"", ""镂"", ""陋"", ""髅""]"
6,43,lun,6,"[""仑"", ""伦"", ""沦"", ""纶"", ""论"", ""轮""]"
6,44,ma li,6,"[""玛丽"", ""玛利"", ""玛莉"", ""马利"", ""马力"", ""马里""]"
6,45,nan,6,"[""南"", ""喃"", ""楠"", ""湳"", ""男"", ""难""]"
6,46,nao,6,"[""恼"", ""挠"", ""淖"", ""瑙"", ""脑"", ""闹""]"
6,47,pa,6,"[""pa"", ""帕"", ""怕"", ""爬"", ""琶"", ""趴""]"
6,48,pao,6,"[""抛"", ""泡"", ""炮"", ""砲"", ""袍"", ""跑""]"
6,49,pian,6,"[""偏"", ""片"", ""篇"", ""翩"", ""骈"", ""骗""]"
6,50,pin,6,"[""品"", ""嫔"", ""拼"", ""聘"", ""贫"", ""频""]"
6,51,qi de,6,"[""启德"", ""器的"", ""奇的"", ""期的"", ""气的"", ""起的""]"
6,52,qi fu,6,"[""乞伏"", ""其父"", ""岐阜"", ""欺负"", ""祈福"", ""起伏""]"
6,53,qi wei,6,"[""七位"", ""其为"", ""期为"", ""气味"", ""起为"", ""骑尉""]"
6,54,qi yu,6,"[""其与"", ""其于"", ""其余"", ""埼玉"", ""起于"", ""鳍鱼""]"
6,55,qie,6,"[""且"", ""企鹅"", ""切"", ""妾"", ""怯"", ""窃""]"
6,56,ran,6,"[""ran"", ""冉"", ""染"", ""然"", ""燃"", ""蚺""]"
6,57,rui,6,"[""叡"", ""瑞"", ""睿"", ""芮"", ""蕊"", ""锐""]"
6,58,shang shi,6,"[""上市"", ""上是"", ""伤势"", ""商事"", ""尚氏"", ""赏识""]"
6,59,shi di,6,"[""史蒂"", ""史迪"", ""失地"", ""实地"", ""是第"", ""湿地""]"
6,60,shi jia,6,"[""世嘉"", ""世家"", ""十佳"", ""史家"", ""施加"", ""释迦""]"
6,61,shi jie,6,"[""世杰"", ""世界"", ""使节"", ""十届"", ""市街"", ""视界""]"
6,62,shi jing,6,"[""实境"", ""石井"", ""石敬"", ""视镜"", ""试镜"", ""诗经""]"
6,63,shi ta,6,"[""使他"", ""使她"", ""使它"", ""施塔"", ""是他"", ""是她""]"
6,64,shi xian,6,"[""事先"", ""失陷"", ""实现"", ""市县"", ""石显"", ""视线""]"
6,65,shi xiang,6,"[""事项"", ""时向"", ""是向"", ""是想"", ""石像"", ""驶向""]"
6,66,shi zu,6,"[""世祖"", ""十足"", ""士卒"", ""士族"", ""始祖"", ""氏族""]"
6,67,shu shi,6,"[""属实"", ""数十"", ""数是"", ""梳士"", ""熟识"", ""舒适""]"
6,68,ta yu,6,"[""他与"", ""他于"", ""她与"", ""她于"", ""它与"", ""它于""]"
6,69,tui,6,"[""推"", ""腿"", ""蜕"", ""褪"", ""退"", ""颓""]"
6,70,wei er,6,"[""为二"", ""唯二"", ""威尔"", ""维尔"", ""韦尔"", ""魏尔""]"
6,71,wei si,6,"[""为四"", ""卫斯"", ""威斯"", ""维斯"", ""韦斯"", ""魏斯""]"
6,72,wei you,6,"[""为右"", ""为有"", ""为由"", ""唯有"", ""未有"", ""维尤""]"
6,73,wu ji,6,"[""五级"", ""屋脊"", ""无几"", ""无忌"", ""无机"", ""武吉""]"
6,74,wu yi,6,"[""五一"", ""无一"", ""无异"", ""无意"", ""无疑"", ""武艺""]"
6,75,xi de,6,"[""习得"", ""希德"", ""溪的"", ""系的"", ""西德"", ""西的""]"
6,76,xian wei,6,"[""县为"", ""县委"", ""显微"", ""现为"", ""纤维"", ""线为""]"
6,77,xian yu,6,"[""先于"", ""县与"", ""县域"", ""线与"", ""限于"", ""陷于""]"
6,78,xing xing,6,"[""星形"", ""星星"", ""猩猩"", ""行刑"", ""行性"", ""行星""]"
6,79,yi chu,6,"[""一出"", ""一处"", ""溢出"", ""益处"", ""移出"", ""移除""]"
6,80,yi li,6,"[""一哩"", ""以利"", ""伊丽"", ""伊利"", ""伊犁"", ""伊莉""]"
6,81,yi xi,6,"[""一席"", ""乙烯"", ""乙醯"", ""以西"", ""伊西"", ""议席""]"
6,82,you qi,6,"[""尤其"", ""有七"", ""有其"", ""油气"", ""油漆"", ""由其""]"
6,83,yu yi,6,"[""与一"", ""与伊"", ""予以"", ""于一"", ""寓意"", ""语义""]"
6,84,yu zhi,6,"[""与之"", ""域治"", ""宇智"", ""语支"", ""阈值"", ""预制""]"
6,85,ze,6,"[""ze"", ""仄"", ""则"", ""择"", ""泽"", ""责""]"
6,86,zheng zhi,6,"[""争执"", ""政制"", ""政治"", ""整治"", ""正值"", ""正直""]"
6,87,zhi fu,6,"[""之父"", ""制服"", ""支付"", ""知府"", ""秩父"", ""致富""]"
6,88,zhi shu,6,"[""之书"", ""之术"", ""指数"", ""植树"", ""直属"", ""质数""]"
6,89,zhi wu,6,"[""之物"", ""之舞"", ""植物"", ""织物"", ""职务"", ""至五""]"
6,90,zhu shi,6,"[""主事"", ""朱氏"", ""柱式"", ""株式"", ""注视"", ""注释""]"
6,91,zhuan,6,"[""专"", ""撰"", ""砖"", ""篆"", ""赚"", ""转""]"
7,1,ai li,7,"[""埃利"", ""埃莉"", ""埃里"", ""艾丽"", ""艾利"", ""艾力"", ""艾莉""]"
7,2,bo li,7,"[""伯利"", ""伯里"", ""剥离"", ""波利"", ""波里"", ""玻利"", ""玻璃""]"
7,3,bu li,7,"[""不利"", ""不力"", ""不理"", ""布利"", ""布力"", ""布莉"", ""布里""]"
7,4,cha,7,"[""叉"", ""察"", ""岔"", ""差"", ""插"", ""查"", ""茶""]"
7,5,che,7,"[""che"", ""彻"", ""扯"", ""掣"", ""撤"", ""澈"", ""车""]"
7,6,chong,7,"[""充"", ""冲"", ""宠"", ""崇"", ""憧"", ""虫"", ""铳""]"
7,7,chun,7,"[""唇"", ""春"", ""椿"", ""淳"", ""纯"", ""蠢"", ""醇""]"
7,8,dang,7,"[""党"", ""宕"", ""当"", ""挡"", ""档"", ""氹"", ""荡""]"
7,9,de shi,7,"[""德市"", ""的事"", ""的十"", ""的时"", ""的是"", ""的石"", ""的诗""]"
7,10,du an,7,"[""断"", ""杜安"", ""段"", ""短"", ""端"", ""缎"", ""锻""]"
7,11,fu shi,7,"[""副使"", ""复式"", ""富士"", ""府事"", ""服侍"", ""服饰"", ""腐蚀""]"
7,12,gai,7,"[""丐"", ""改"", ""概"", ""溉"", ""盖"", ""该"", ""钙""]"
7,13,geng,7,"[""庚"", ""更"", ""梗"", ""羹"", ""耕"", ""耿"", ""赓""]"
7,14,he yi,7,"[""何以"", ""合一"", ""合议"", ""和一"", ""和以"", ""和伊"", ""和议""]"
7,15,hui shi,7,"[""会使"", ""会士"", ""会师"", ""会是"", ""会试"", ""回事"", ""回师""]"
7,16,ji shu,7,"[""基数"", ""奇数"", ""技术"", ""级数"", ""计数"", ""记述"", ""集数""]"
7,17,ji yi,7,"[""即以"", ""及以"", ""技艺"", ""机翼"", ""极易"", ""纪伊"", ""记忆""]"
7,18,jian shi,7,"[""件事"", ""坚实"", ""建市"", ""检视"", ""监事"", ""监视"", ""见识""]"
7,19,jian zhi,7,"[""兼职"", ""减至"", ""建制"", ""建置"", ""监制"", ""简直"", ""舰只""]"
7,20,jin shi,7,"[""仅是"", ""津市"", ""进士"", ""进食"", ""金氏"", ""金狮"", ""金石""]"
7,21,kang,7,"[""亢"", ""康"", ""慷"", ""扛"", ""抗"", ""糠"", ""𩾌""]"
7,22,li yu,7,"[""丽鱼"", ""利于"", ""力与"", ""礼遇"", ""立于"", ""里与"", ""鲤鱼""]"
7,23,lie,7,"[""列"", ""劣"", ""捩"", ""烈"", ""猎"", ""裂"", ""鬣""]"
7,24,liu shi,7,"[""六世"", ""六十"", ""刘氏"", ""流士"", ""流失"", ""流式"", ""流逝""]"
7,25,mai,7,"[""买"", ""卖"", ""埋"", ""脉"", ""迈"", ""霾"", ""麦""]"
7,26,mang,7,"[""忙"", ""氓"", ""盲"", ""芒"", ""茫"", ""莽"", ""蟒""]"
7,27,nai,7,"[""乃"", ""奈"", ""奶"", ""耐"", ""萘"", ""迺"", ""鼐""]"
7,28,nie,7,"[""啮"", ""孽"", ""捏"", ""涅"", ""聂"", ""镍"", ""颞""]"
7,29,pai,7,"[""哌"", ""徘"", ""拍"", ""排"", ""派"", ""湃"", ""牌""]"
7,30,qi yi,7,"[""七一"", ""其一"", ""其以"", ""奇异"", ""奇艺"", ""歧义"", ""起义""]"
7,31,shi he,7,"[""室和"", ""市和"", ""师和"", ""式和"", ""是和"", ""石和"", ""适合""]"
7,32,shi qi,7,"[""使其"", ""十七"", ""士气"", ""时期"", ""是其"", ""石器"", ""石砌""]"
7,33,shi yong,7,"[""使用"", ""实用"", ""时用"", ""是用"", ""试用"", ""适用"", ""食用""]"
7,34,shi you,7,"[""室友"", ""时又"", ""时有"", ""时由"", ""是有"", ""是由"", ""石油""]"
7,35,shi zi,7,"[""世子"", ""十字"", ""师资"", ""式子"", ""是自"", ""狮子"", ""识字""]"
7,36,si de,7,"[""side"", ""丝的"", ""嗣德"", ""寺的"", ""斯德"", ""斯的"", ""死的""]"
7,37,si wei,7,"[""嗣位"", ""四位"", ""四维"", ""思维"", ""斯威"", ""斯维"", ""斯韦""]"
7,38,ta yi,7,"[""他亦"", ""他以"", ""他已"", ""塔伊"", ""她亦"", ""她以"", ""它以""]"
7,39,wei de,7,"[""位的"", ""味的"", ""威德"", ""尾的"", ""维德"", ""维的"", ""韦德""]"
7,40,wei qi,7,"[""为其"", ""为妻"", ""为期"", ""围棋"", ""威奇"", ""尾鳍"", ""维奇""]"
7,41,wei zhi,7,"[""为之"", ""为止"", ""位址"", ""位置"", ""威治"", ""未知"", ""谓之""]"
7,42,wu li,7,"[""乌里"", ""五里"", ""无力"", ""无理"", ""无礼"", ""武力"", ""物理""]"
7,43,xiong,7,"[""兄"", ""凶"", ""匈"", ""汹"", ""熊"", ""胸"", ""雄""]"
7,44,yi gong,7,"[""一共"", ""一宫"", ""义共"", ""义工"", ""以供"", ""以功"", ""移工""]"
7,45,yi ju,7,"[""一举"", ""一具"", ""一句"", ""一局"", ""依据"", ""移居"", ""议局""]"
7,46,yi si,7,"[""一死"", ""以四"", ""伊斯"", ""依斯"", ""已死"", ""意思"", ""疑似""]"
7,47,yi yi,7,"[""一一"", ""一亿"", ""亦以"", ""亦已"", ""以一"", ""异议"", ""意义""]"
7,48,you shi,7,"[""优势"", ""又是"", ""幼时"", ""幼狮"", ""有十"", ""有时"", ""诱使""]"
7,49,yuan shi,7,"[""元史"", ""原始"", ""原市"", ""原是"", ""原石"", ""源氏"", ""院士""]"
7,50,zhai,7,"[""债"", ""宅"", ""寨"", ""摘"", ""斋"", ""砦"", ""窄""]"
7,51,zhan shi,7,"[""展示"", ""战事"", ""战士"", ""战时"", ""站时"", ""站是"", ""詹事""]"
7,52,zhi cheng,7,"[""之城"", ""之称"", ""制成"", ""制程"", ""指称"", ""支撑"", ""职称""]"
7,53,zhi dao,7,"[""之岛"", ""之道"", ""制导"", ""执导"", ""指导"", ""直到"", ""知道""]"
7,54,zhi ming,7,"[""之名"", ""之命"", ""志明"", ""指名"", ""指明"", ""知名"", ""致命""]"
7,55,zhi xian,7,"[""之嫌"", ""制宪"", ""只限"", ""支线"", ""直线"", ""知县"", ""置县""]"
7,56,zhong zhi,7,"[""中之"", ""中指"", ""中止"", ""种植"", ""终止"", ""重制"", ""重置""]"
7,57,zhu li,7,"[""主力"", ""主理"", ""助力"", ""助理"", ""朱立"", ""朱莉"", ""茱莉""]"
7,58,zhuang,7,"[""壮"", ""妆"", ""庄"", ""撞"", ""桩"", ""状"", ""装""]"
7,59,zong,7,"[""宗"", ""总"", ""棕"", ""粽"", ""纵"", ""综"", ""踪""]"
8,1,bu shi,8,"[""不失"", ""不实"", ""不时"", ""不是"", ""不适"", ""布施"", ""捕食"", ""补时""]"
8,2,cong,8,"[""丛"", ""从"", ""匆"", ""囱"", ""枞"", ""琮"", ""聪"", ""葱""]"
8,3,cui,8,"[""催"", ""崔"", ""摧"", ""璀"", ""粹"", ""翠"", ""脆"", ""萃""]"
8,4,da li,8,"[""大利"", ""大力"", ""大历"", ""大理"", ""大里"", ""打理"", ""达利"", ""达里""]"
8,5,fa,8,"[""乏"", ""伐"", ""发"", ""法"", ""珐"", ""筏"", ""罚"", ""阀""]"
8,6,fu zhi,8,"[""复制"", ""复置"", ""复职"", ""扶植"", ""福治"", ""福祉"", ""跗跖"", ""附肢""]"
8,7,guo,8,"[""国"", ""果"", ""椁"", ""虢"", ""裹"", ""过"", ""郭"", ""锅""]"
8,8,ji li,8,"[""及李"", ""吉利"", ""吉里"", ""基利"", ""基里"", ""机理"", ""极力"", ""激励""]"
8,9,jie zhi,8,"[""介质"", ""戒指"", ""截止"", ""截至"", ""杰志"", ""节制"", ""节肢"", ""解职""]"
8,10,kai,8,"[""凯"", ""嘅"", ""开"", ""恺"", ""慨"", ""楷"", ""铠"", ""闿""]"
8,11,li ke,8,"[""利克"", ""力克"", ""李克"", ""理科"", ""立克"", ""立刻"", ""里克"", ""里科""]"
8,12,li ya,8,"[""丽亚"", ""利亚"", ""利雅"", ""力压"", ""莉亚"", ""莉娅"", ""里亚"", ""里雅""]"
8,13,ming,8,"[""ming"", ""冥"", ""名"", ""命"", ""明"", ""茗"", ""铭"", ""鸣""]"
8,14,na,8,"[""na"", ""呐"", ""哪"", ""娜"", ""拿"", ""纳"", ""那"", ""钠""]"
8,15,ou,8,"[""ou"", ""偶"", ""呕"", ""欧"", ""殴"", ""瓯"", ""耦"", ""鸥""]"
8,16,piao,8,"[""剽"", ""嘌"", ""嫖"", ""漂"", ""瓢"", ""皮奥"", ""票"", ""飘""]"
8,17,shang,8,"[""上"", ""伤"", ""商"", ""尚"", ""殇"", ""熵"", ""裳"", ""赏""]"
8,18,tong zhi,8,"[""同志"", ""同治"", ""同知"", ""统制"", ""统治"", ""通志"", ""通直"", ""通知""]"
8,19,wei li,8,"[""为例"", ""为李"", ""卫理"", ""威利"", ""威力"", ""微粒"", ""维利"", ""韦利""]"
8,20,wei shi,8,"[""为使"", ""为师"", ""为食"", ""卫士"", ""卫视"", ""喂食"", ""威士"", ""韦氏""]"
8,21,xian zhi,8,"[""先知"", ""县志"", ""县治"", ""县置"", ""宪制"", ""现址"", ""闲置"", ""限制""]"
8,22,xing shi,8,"[""刑事"", ""型式"", ""姓氏"", ""形势"", ""形式"", ""行事"", ""行使"", ""行驶""]"
8,23,xue,8,"[""削"", ""学"", ""穴"", ""薛"", ""血"", ""雪"", ""靴"", ""鳕""]"
8,24,yi bei,8,"[""一倍"", ""一杯"", ""一辈"", ""亦被"", ""以北"", ""以备"", ""已被"", ""易北""]"
8,25,yi fu,8,"[""一副"", ""一夫"", ""一幅"", ""伊夫"", ""伊芙"", ""依附"", ""衣服"", ""逸夫""]"
8,26,yi qi,8,"[""一妻"", ""一期"", ""一起"", ""以其"", ""以期"", ""仪器"", ""依其"", ""遗弃""]"
8,27,you li,8,"[""尤利"", ""尤里"", ""有利"", ""有力"", ""有理"", ""游历"", ""游离"", ""由李""]"
8,28,yu shi,8,"[""与世"", ""于世"", ""于是"", ""御史"", ""浴室"", ""玉石"", ""语是"", ""预示""]"
8,29,yu zhong,8,"[""与中"", ""与众"", ""于中"", ""余种"", ""狱中"", ""育种"", ""语中"", ""语种""]"
8,30,zai,8,"[""仔"", ""再"", ""哉"", ""在"", ""宰"", ""栽"", ""灾"", ""载""]"
8,31,zheng shi,8,"[""政事"", ""正史"", ""正室"", ""正式"", ""正是"", ""正视"", ""证实"", ""郑氏""]"
8,32,zhi wei,8,"[""之为"", ""之位"", ""之围"", ""值为"", ""只为"", ""志伟"", ""执委"", ""职位""]"
8,33,zhi zhi,8,"[""之职"", ""制止"", ""直指"", ""直至"", ""知之"", ""纸质"", ""脂质"", ""郅支""]"
8,34,zu,8,"[""卒"", ""族"", ""祖"", ""租"", ""组"", ""诅"", ""足"", ""阻""]"
9,1,bai,9,"[""佰"", ""拜"", ""摆"", ""柏"", ""栢"", ""白"", ""百"", ""稗"", ""败""]"
9,2,bi ao,9,"[""彪"", ""杓"", ""标"", ""比奥"", ""表"", ""镖"", ""镳"", ""飙"", ""骠""]"
9,3,chan,9,"[""产"", ""忏"", ""禅"", ""缠"", ""蝉"", ""蟾"", ""铲"", ""阐"", ""颤""]"
9,4,chu shi,9,"[""出世"", ""出仕"", ""出使"", ""出师"", ""出示"", ""初始"", ""初时"", ""厨师"", ""处事""]"
9,5,chuan,9,"[""串"", ""传"", ""喘"", ""川"", ""椽"", ""氚"", ""穿"", ""船"", ""钏""]"
9,6,da,9,"[""da"", ""大"", ""妲"", ""打"", ""搭"", ""答"", ""达"", ""靼"", ""鞑""]"
9,7,de yi,9,"[""得以"", ""得意"", ""得益"", ""德乙"", ""的一"", ""的义"", ""的伊"", ""的异"", ""的遗""]"
9,8,die,9,"[""叠"", ""爹"", ""牒"", ""碟"", ""蝶"", ""谍"", ""跌"", ""迭"", ""鲽""]"
9,9,dou,9,"[""兜"", ""抖"", ""斗"", ""痘"", ""窦"", ""豆"", ""逗"", ""都"", ""陡""]"
9,10,fu li,9,"[""佛利"", ""傅立"", ""夫利"", ""富力"", ""弗利"", ""弗里"", ""浮力"", ""父李"", ""福利""]"
9,11,gang,9,"[""冈"", ""刚"", ""岗"", ""杠"", ""港"", ""纲"", ""缸"", ""肛"", ""钢""]"
9,12,guo shi,9,"[""国事"", ""国史"", ""国师"", ""国式"", ""果实"", ""过世"", ""过失"", ""过时"", ""郭氏""]"
9,13,hai,9,"[""hai"", ""亥"", ""孩"", ""害"", ""氦"", ""海"", ""还"", ""骇"", ""骸""]"
9,14,hou,9,"[""侯"", ""候"", ""厚"", ""后"", ""吼"", ""喉"", ""猴"", ""逅"", ""鲎""]"
9,15,ji yu,9,"[""及与"", ""及于"", ""基于"", ""急于"", ""机遇"", ""给与"", ""给予"", ""觊觎"", ""集雨""]"
9,16,jie shi,9,"[""介石"", ""届时"", ""揭示"", ""皆是"", ""结实"", ""结石"", ""结识"", ""街市"", ""解释""]"
9,17,kuang,9,"[""况"", ""匡"", ""旷"", ""框"", ""狂"", ""眶"", ""矿"", ""邝"", ""𫛭""]"
9,18,lao,9,"[""佬"", ""劳"", ""姥"", ""捞"", ""涝"", ""烙"", ""牢"", ""老"", ""酪""]"
9,19,li de,9,"[""丽的"", ""利的"", ""力的"", ""李德"", ""立德"", ""立的"", ""里得"", ""里德"", ""里的""]"
9,20,miao,9,"[""喵"", ""妙"", ""庙"", ""描"", ""瞄"", ""秒"", ""米奥"", ""苗"", ""藐""]"
9,21,pei,9,"[""佩"", ""培"", ""沛"", ""珮"", ""胚"", ""裴"", ""赔"", ""配"", ""陪""]"
9,22,ping,9,"[""乒"", ""凭"", ""坪"", ""屏"", ""平"", ""瓶"", ""苹"", ""萍"", ""评""]"
9,23,que,9,"[""que"", ""却"", ""榷"", ""确"", ""缺"", ""阕"", ""阙"", ""雀"", ""鹊""]"
9,24,shi li,9,"[""势力"", ""十里"", ""失利"", ""实例"", ""实力"", ""市立"", ""是李"", ""示例"", ""视力""]"
9,25,shi ren,9,"[""世人"", ""使人"", ""十人"", ""士人"", ""时人"", ""时任"", ""是人"", ""诗人"", ""食人""]"
9,26,shi wu,9,"[""事务"", ""事物"", ""十五"", ""失误"", ""实务"", ""实物"", ""是五"", ""是无"", ""食物""]"
9,27,suo,9,"[""唆"", ""娑"", ""所"", ""梭"", ""琐"", ""索"", ""缩"", ""羧"", ""锁""]"
9,28,wa,9,"[""wa"", ""佤"", ""哇"", ""娃"", ""挖"", ""洼"", ""瓦"", ""蛙"", ""袜""]"
9,29,wu shi,9,"[""五世"", ""五十"", ""务实"", ""吴氏"", ""巫师"", ""无事"", ""无视"", ""晤士"", ""武士""]"
9,30,xian shi,9,"[""先是"", ""县市"", ""显示"", ""现世"", ""现实"", ""现时"", ""线是"", ""西安市"", ""限时""]"
9,31,yi wu,9,"[""一无"", ""义务"", ""亦无"", ""以五"", ""以无"", ""医务"", ""已无"", ""衣物"", ""遗物""]"
9,32,yi yuan,9,"[""一元"", ""一员"", ""亿元"", ""以原"", ""医院"", ""意愿"", ""艺员"", ""议员"", ""议院""]"
9,33,you yu,9,"[""优于"", ""又与"", ""又于"", ""幼鱼"", ""忧郁"", ""有余"", ""犹豫"", ""由于"", ""鱿鱼""]"
9,34,zhi de,9,"[""之的"", ""值得"", ""值的"", ""制得"", ""制的"", ""只得"", ""指的"", ""至德"", ""致的""]"
9,35,zhi li,9,"[""之力"", ""之礼"", ""智利"", ""智力"", ""治理"", ""直立"", ""直隶"", ""脂鲤"", ""致力""]"
9,36,zhi yu,9,"[""之于"", ""之余"", ""之语"", ""制于"", ""只于"", ""止于"", ""治愈"", ""置于"", ""至于""]"
9,37,zhong shi,9,"[""中士"", ""中市"", ""中式"", ""中时"", ""中是"", ""中视"", ""忠实"", ""重拾"", ""重视""]"
10,1,bin,10,"[""bin"", ""宾"", ""彬"", ""斌"", ""槟"", ""殡"", ""滨"", ""濒"", ""缤"", ""邠""]"
10,2,cai,10,"[""彩"", ""才"", ""材"", ""猜"", ""菜"", ""蔡"", ""裁"", ""财"", ""踩"", ""采""]"
10,3,can,10,"[""can"", ""参"", ""惨"", ""惭"", ""掺"", ""残"", ""灿"", ""粲"", ""蚕"", ""餐""]"
10,4,chou,10,"[""丑"", ""仇"", ""愁"", ""抽"", ""畴"", ""稠"", ""筹"", ""绸"", ""臭"", ""酬""]"
10,5,gou,10,"[""勾"", ""垢"", ""够"", ""构"", ""沟"", ""狗"", ""苟"", ""诟"", ""购"", ""钩""]"
10,6,huo,10,"[""伙"", ""惑"", ""或"", ""活"", ""火"", ""祸"", ""获"", ""豁"", ""货"", ""霍""]"
10,7,ji wei,10,"[""几位"", ""即为"", ""即位"", ""极为"", ""极危"", ""纪委"", ""继位"", ""计委"", ""记为"", ""鸡尾""]"
10,8,juan,10,"[""倦"", ""卷"", ""娟"", ""巻"", ""捐"", ""眷"", ""绢"", ""镌"", ""隽"", ""鹃""]"
10,9,ku,10,"[""哭"", ""堀"", ""库"", ""枯"", ""窟"", ""苦"", ""袴"", ""裤"", ""酷"", ""骷""]"
10,10,kun,10,"[""困"", ""坤"", ""堃"", ""捆"", ""昆"", ""琨"", ""裈"", ""醌"", ""锟"", ""鲲""]"
10,11,la,10,"[""la"", ""剌"", ""啦"", ""喇"", ""垃"", ""拉"", ""腊"", ""菈"", ""蜡"", ""辣""]"
10,12,lai,10,"[""俫"", ""徕"", ""来"", ""濑"", ""瀬"", ""睐"", ""莱"", ""赉"", ""赖"", ""铼""]"
10,13,luan,10,"[""乱"", ""六安"", ""卵"", ""孪"", ""峦"", ""挛"", ""栾"", ""滦"", ""銮"", ""鸾""]"
10,14,man,10,"[""man"", ""幔"", ""慢"", ""曼"", ""满"", ""漫"", ""瞒"", ""蔓"", ""蛮"", ""鳗""]"
10,15,meng,10,"[""勐"", ""孟"", ""梦"", ""檬"", ""猛"", ""盟"", ""艋"", ""萌"", ""蒙"", ""锰""]"
10,16,mi an,10,"[""免"", ""冕"", ""勉"", ""娩"", ""棉"", ""沔"", ""眠"", ""绵"", ""缅"", ""面""]"
10,17,ni an,10,"[""尼安"", ""年"", ""廿"", ""念"", ""捻"", ""碾"", ""辇"", ""辗"", ""鲶"", ""黏""]"
10,18,qiang,10,"[""呛"", ""墙"", ""强"", ""抢"", ""枪"", ""羌"", ""羟"", ""腔"", ""蔷"", ""锵""]"
10,19,ru,10,"[""ru"", ""乳"", ""儒"", ""入"", ""如"", ""孺"", ""汝"", ""茹"", ""蠕"", ""辱""]"
10,20,sha,10,"[""傻"", ""刹"", ""厦"", ""杀"", ""沙"", ""煞"", ""砂"", ""纱"", ""莎"", ""鲨""]"
10,21,shi zhong,10,"[""事中"", ""侍中"", ""始终"", ""室中"", ""式中"", ""时中"", ""时钟"", ""是中"", ""是种"", ""诗中""]"
10,22,ti an,10,"[""填"", ""天"", ""恬"", ""提案"", ""添"", ""甜"", ""田"", ""畑"", ""畠"", ""阗""]"
10,23,wei ji,10,"[""为己"", ""为继"", ""危及"", ""危急"", ""危机"", ""未几"", ""未及"", ""维吉"", ""维基"", ""违纪""]"
10,24,zhi yi,10,"[""之一"", ""之义"", ""之以"", ""之役"", ""之意"", ""只以"", ""旨意"", ""直译"", ""致意"", ""质疑""]"
10,25,zuo,10,"[""佐"", ""作"", ""做"", ""唑"", ""坐"", ""左"", ""座"", ""昨"", ""琢"", ""祚""]"
11,1,ai,11,"[""ai"", ""哀"", ""埃"", ""挨"", ""暧"", ""爱"", ""癌"", ""矮"", ""碍"", ""艾"", ""隘""]"
11,2,ao,11,"[""ao"", ""傲"", ""凹"", ""坳"", ""奥"", ""敖"", ""澳"", ""熬"", ""翱"", ""螯"", ""鳌""]"
11,3,bing,11,"[""丙"", ""兵"", ""冰"", ""并"", ""摒"", ""柄"", ""炳"", ""病"", ""禀"", ""秉"", ""饼""]"
11,4,chao,11,"[""吵"", ""嘲"", ""巢"", ""抄"", ""晁"", ""朝"", ""潮"", ""炒"", ""焯"", ""超"", ""钞""]"
11,5,duo,11,"[""咄"", ""哆"", ""垛"", ""堕"", ""多"", ""夺"", ""惰"", ""朵"", ""舵"", ""躲"", ""铎""]"
11,6,er,11,"[""er"", ""二"", ""儿"", ""尔"", ""洱"", ""珥"", ""而"", ""耳"", ""贰"", ""迩"", ""饵""]"
11,7,gong shi,11,"[""公事"", ""公使"", ""公式"", ""公示"", ""公视"", ""共事"", ""共识"", ""工事"", ""工时"", ""攻势"", ""贡士""]"
11,8,hua,11,"[""划"", ""化"", ""华"", ""哗"", ""桦"", ""滑"", ""猾"", ""画"", ""花"", ""话"", ""骅""]"
11,9,ji de,11,"[""吉德"", ""基德"", ""基的"", ""季的"", ""机的"", ""济德"", ""籍的"", ""级的"", ""计的"", ""记得"", ""集的""]"
11,10,lang,11,"[""塱"", ""廊"", ""朗"", ""榔"", ""浪"", ""狼"", ""琅"", ""瑯"", ""螂"", ""郎"", ""阆""]"
11,11,lei,11,"[""儡"", ""勒"", ""垒"", ""擂"", ""泪"", ""磊"", ""类"", ""累"", ""蕾"", ""镭"", ""雷""]"
11,12,li shi,11,"[""力士"", ""历史"", ""历时"", ""李世"", ""李氏"", ""李石"", ""理事"", ""砾石"", ""离世"", ""立石"", ""里士""]"
11,13,min,11,"[""min"", ""岷"", ""悯"", ""愍"", ""敏"", ""旻"", ""民"", ""珉"", ""皿"", ""闵"", ""闽""]"
11,14,po,11,"[""po"", ""坡"", ""婆"", ""泊"", ""泼"", ""珀"", ""破"", ""迫"", ""鄱"", ""颇"", ""魄""]"
11,15,qiu,11,"[""丘"", ""囚"", ""坵"", ""求"", ""球"", ""秋"", ""萩"", ""裘"", ""邱"", ""酋"", ""鳅""]"
11,16,shao,11,"[""劭"", ""勺"", ""哨"", ""少"", ""梢"", ""烧"", ""稍"", ""筲"", ""绍"", ""邵"", ""韶""]"
11,17,shi yu,11,"[""仕于"", ""十余"", ""失语"", ""始于"", ""市与"", ""市域"", ""时与"", ""时于"", ""是与"", ""是于"", ""食欲""]"
11,18,shi zhi,11,"[""世职"", ""使之"", ""失智"", ""失职"", ""实质"", ""市值"", ""时值"", ""是指"", ""石质"", ""试制"", ""食指""]"
11,19,tai,11,"[""台"", ""太"", ""态"", ""抬"", ""汰"", ""泰"", ""肽"", ""胎"", ""苔"", ""跆"", ""钛""]"
11,20,wang,11,"[""亡"", ""妄"", ""往"", ""忘"", ""旺"", ""望"", ""枉"", ""汪"", ""王"", ""网"", ""罔""]"
11,21,wo,11,"[""倭"", ""卧"", ""我"", ""挝"", ""握"", ""斡"", ""沃"", ""涡"", ""渥"", ""窝"", ""蜗""]"
11,22,xiu,11,"[""休"", ""修"", ""嗅"", ""朽"", ""溴"", ""琇"", ""秀"", ""绣"", ""羞"", ""袖"", ""锈""]"
11,23,yi ji,11,"[""一击"", ""一季"", ""一级"", ""一集"", ""乙基"", ""乙级"", ""亦即"", ""以及"", ""意即"", ""移籍"", ""遗迹""]"
11,24,yi wei,11,"[""一为"", ""一位"", ""乙未"", ""亦为"", ""亦未"", ""以为"", ""已为"", ""意为"", ""意味"", ""易危"", ""译为""]"
11,25,yi yu,11,"[""一遇"", ""亦与"", ""亦于"", ""伊予"", ""已与"", ""已于"", ""异于"", ""彝语"", ""意欲"", ""抑郁"", ""易于""]"
11,26,zhuo,11,"[""卓"", ""啄"", ""拙"", ""捉"", ""擢"", ""桌"", ""浊"", ""涿"", ""灼"", ""酌"", ""镯""]"
12,1,bang,12,"[""傍"", ""帮"", ""棒"", ""榜"", ""浜"", ""磅"", ""绑"", ""膀"", ""蚌"", ""谤"", ""邦"", ""镑""]"
12,2,bu,12,"[""bu"", ""不"", ""哺"", ""埗"", ""埠"", ""布"", ""廍"", ""捕"", ""步"", ""簿"", ""补"", ""部""]"
12,3,di ao,12,"[""凋"", ""刁"", ""吊"", ""掉"", ""狄奥"", ""碉"", ""调"", ""貂"", ""迪奥"", ""钓"", ""雕"", ""鲷""]"
12,4,ding,12,"[""丁"", ""仃"", ""叮"", ""啶"", ""定"", ""盯"", ""碇"", ""订"", ""钉"", ""锭"", ""顶"", ""鼎""]"
12,5,dong,12,"[""东"", ""侗"", ""冬"", ""冻"", ""动"", ""峒"", ""懂"", ""栋"", ""洞"", ""苳"", ""董"", ""鸫""]"
12,6,dun,12,"[""吨"", ""囤"", ""墩"", ""惇"", ""敦"", ""沌"", ""炖"", ""盾"", ""蹲"", ""遁"", ""钝"", ""顿""]"
12,7,fang,12,"[""仿"", ""坊"", ""妨"", ""房"", ""放"", ""方"", ""枋"", ""纺"", ""肪"", ""芳"", ""访"", ""防""]"
12,8,guan,12,"[""关"", ""冠"", ""官"", ""惯"", ""棺"", ""灌"", ""管"", ""罐"", ""莞"", ""观"", ""贯"", ""馆""]"
12,9,jun,12,"[""俊"", ""军"", ""君"", ""均"", ""峻"", ""浚"", ""濬"", ""竣"", ""菌"", ""郡"", ""钧"", ""骏""]"
12,10,long,12,"[""long"", ""咙"", ""垄"", ""垅"", ""拢"", ""泷"", ""珑"", ""笼"", ""聋"", ""陇"", ""隆"", ""龙""]"
12,11,pan,12,"[""判"", ""叛"", ""拚"", ""攀"", ""槃"", ""泮"", ""潘"", ""畔"", ""盘"", ""盼"", ""磐"", ""蟠""]"
12,12,qin,12,"[""亲"", ""侵"", ""勤"", ""嗪"", ""寝"", ""擒"", ""沁"", ""琴"", ""禽"", ""秦"", ""芹"", ""钦""]"
12,13,ren,12,"[""ren"", ""人"", ""仁"", ""任"", ""刃"", ""壬"", ""妊"", ""忍"", ""稔"", ""认"", ""韧"", ""饪""]"
12,14,sheng,12,"[""剩"", ""升"", ""圣"", ""声"", ""牲"", ""生"", ""甥"", ""盛"", ""省"", ""笙"", ""绳"", ""胜""]"
12,15,shi wei,12,"[""侍卫"", ""士威"", ""实为"", ""市委"", ""式为"", ""式微"", ""时为"", ""是为"", ""是位"", ""氏为"", ""示威"", ""视为""]"
12,16,song,12,"[""宋"", ""崧"", ""嵩"", ""怂"", ""悚"", ""松"", ""淞"", ""耸"", ""讼"", ""诵"", ""送"", ""颂""]"
12,17,su,12,"[""俗"", ""塑"", ""宿"", ""溯"", ""稣"", ""粟"", ""素"", ""肃"", ""苏"", ""诉"", ""速"", ""酥""]"
12,18,tao,12,"[""套"", ""掏"", ""桃"", ""洮"", ""涛"", ""淘"", ""滔"", ""萄"", ""讨"", ""逃"", ""陶"", ""韬""]"
12,19,you yi,12,"[""优异"", ""又一"", ""又以"", ""又译"", ""友宜"", ""友谊"", ""右翼"", ""尤以"", ""有一"", ""有异"", ""有意"", ""有益""]"
12,20,yue,12,"[""余额"", ""岳"", ""悦"", ""曰"", ""月"", ""樾"", ""粤"", ""约"", ""越"", ""跃"", ""钺"", ""阅""]"
12,21,zha,12,"[""乍"", ""吒"", ""咤"", ""扎"", ""札"", ""柞"", ""栅"", ""榨"", ""渣"", ""炸"", ""诈"", ""闸""]"
12,22,zhong,12,"[""中"", ""仲"", ""众"", ""冢"", ""忠"", ""种"", ""终"", ""肿"", ""衷"", ""重"", ""钟"", ""锺""]"
13,1,gao,13,"[""告"", ""搞"", ""杲"", ""皋"", ""睾"", ""稿"", ""糕"", ""羔"", ""膏"", ""诰"", ""锆"", ""镐"", ""高""]"
13,2,kan,13,"[""侃"", ""刊"", ""勘"", ""坎"", ""堪"", ""崁"", ""戡"", ""槛"", ""看"", ""瞰"", ""砍"", ""磡"", ""龛""]"
13,3,li ang,13,"[""两"", ""亮"", ""凉"", ""利昂"", ""晾"", ""梁"", ""粮"", ""粱"", ""良"", ""谅"", ""辆"", ""里昂"", ""量""]"
13,4,li ao,13,"[""僚"", ""利奥"", ""寥"", ""寮"", ""廖"", ""料"", ""疗"", ""瞭"", ""聊"", ""藔"", ""辽"", ""里奥"", ""鹩""]"
13,5,liu,13,"[""六"", ""刘"", ""柳"", ""榴"", ""流"", ""浏"", ""溜"", ""琉"", ""瑠"", ""留"", ""瘤"", ""硫"", ""馏""]"
13,6,ma,13,"[""ma"", ""吗"", ""嘛"", ""妈"", ""嬷"", ""犸"", ""玛"", ""码"", ""蔴"", ""蚂"", ""马"", ""骂"", ""麻""]"
13,7,peng,13,"[""彭"", ""抨"", ""捧"", ""朋"", ""棚"", ""澎"", ""烹"", ""硼"", ""碰"", ""篷"", ""膨"", ""蓬"", ""鹏""]"
13,8,qi shi,13,"[""七世"", ""七十"", ""其事"", ""其实"", ""其时"", ""启示"", ""棋士"", ""歧视"", ""气势"", ""起事"", ""起始"", ""骑士"", ""骑师""]"
13,9,quan,13,"[""全"", ""券"", ""劝"", ""圈"", ""拳"", ""权"", ""泉"", ""犬"", ""痊"", ""荃"", ""诠"", ""醛"", ""铨""]"
13,10,shi de,13,"[""世的"", ""事的"", ""使得"", ""士的"", ""实的"", ""室的"", ""市的"", ""师的"", ""式的"", ""时的"", ""是的"", ""氏的"", ""石的""]"
13,11,shi shi,13,"[""事实"", ""十世"", ""史实"", ""史诗"", ""失事"", ""失势"", ""实施"", ""实时"", ""时事"", ""时是"", ""石狮"", ""适时"", ""逝世""]"
13,12,shi yi,13,"[""事宜"", ""十一"", ""失忆"", ""拾遗"", ""施以"", ""时以"", ""时已"", ""是一"", ""是以"", ""示意"", ""适宜"", ""释义"", ""食邑""]"
13,13,shou,13,"[""兽"", ""受"", ""售"", ""守"", ""寿"", ""手"", ""授"", ""收"", ""狩"", ""瘦"", ""绶"", ""艏"", ""首""]"
13,14,ta,13,"[""ta"", ""他"", ""塌"", ""塔"", ""她"", ""它"", ""挞"", ""榻"", ""牠"", ""獭"", ""祂"", ""踏"", ""鳎""]"
13,15,zhao,13,"[""兆"", ""召"", ""找"", ""招"", ""昭"", ""沼"", ""照"", ""爪"", ""罩"", ""肇"", ""诏"", ""赵"", ""钊""]"
13,16,zheng,13,"[""争"", ""征"", ""拯"", ""挣"", ""政"", ""整"", ""正"", ""症"", ""筝"", ""蒸"", ""证"", ""郑"", ""铮""]"
13,17,zhou,13,"[""周"", ""咒"", ""宙"", ""州"", ""昼"", ""洲"", ""皱"", ""粥"", ""肘"", ""胄"", ""舟"", ""轴"", ""骤""]"
14,1,an,14,"[""an"", ""俺"", ""安"", ""岸"", ""庵"", ""按"", ""暗"", ""案"", ""氨"", ""胺"", ""铵"", ""鞍"", ""黯"", ""𩽾""]"
14,2,chen,14,"[""chen"", ""宸"", ""尘"", ""忱"", ""晨"", ""沉"", ""琛"", ""臣"", ""衬"", ""谌"", ""趁"", ""辰"", ""郴"", ""陈""]"
14,3,dai,14,"[""代"", ""傣"", ""呆"", ""岱"", ""带"", ""待"", ""怠"", ""戴"", ""歹"", ""殆"", ""袋"", ""贷"", ""逮"", ""黛""]"
14,4,fen,14,"[""份"", ""分"", ""吩"", ""坟"", ""奋"", ""愤"", ""氛"", ""汾"", ""焚"", ""粉"", ""粪"", ""纷"", ""芬"", ""酚""]"
14,5,hao,14,"[""号"", ""壕"", ""好"", ""昊"", ""毫"", ""浩"", ""濠"", ""灏"", ""皓"", ""耗"", ""蒿"", ""蚝"", ""豪"", ""郝""]"
14,6,hong,14,"[""哄"", ""宏"", ""弘"", ""泓"", ""洪"", ""烘"", ""红"", ""薨"", ""虹"", ""讧"", ""轰"", ""闳"", ""鸿"", ""𫚉""]"
14,7,ju e,14,"[""傕"", ""决"", ""厥"", ""嚼"", ""巨额"", ""抉"", ""掘"", ""爵"", ""獗"", ""珏"", ""绝"", ""蕨"", ""觉"", ""诀""]"
14,8,qiao,14,"[""乔"", ""侨"", ""俏"", ""峭"", ""巧"", ""悄"", ""敲"", ""桥"", ""樵"", ""橇"", ""翘"", ""谯"", ""鞘"", ""齐奥""]"
14,9,rong,14,"[""rong"", ""冗"", ""容"", ""戎"", ""榕"", ""溶"", ""熔"", ""绒"", ""茸"", ""荣"", ""蓉"", ""蝾"", ""融"", ""镕""]"
14,10,sui,14,"[""岁"", ""歳"", ""燧"", ""睢"", ""碎"", ""穗"", ""绥"", ""虽"", ""遂"", ""邃"", ""隋"", ""随"", ""隧"", ""髓""]"
14,11,ting,14,"[""亭"", ""停"", ""厅"", ""听"", ""婷"", ""庭"", ""廷"", ""挺"", ""汀"", ""烃"", ""町"", ""艇"", ""蜓"", ""霆""]"
14,12,tu,14,"[""兔"", ""凸"", ""吐"", ""图"", ""土"", ""屠"", ""徒"", ""涂"", ""秃"", ""突"", ""荼"", ""菟"", ""途"", ""钍""]"
14,13,wen,14,"[""wen"", ""吻"", ""文"", ""汶"", ""温"", ""玟"", ""瘟"", ""稳"", ""紊"", ""纹"", ""蚊"", ""问"", ""闻"", ""雯""]"
14,14,zao,14,"[""凿"", ""噪"", ""早"", ""枣"", ""澡"", ""灶"", ""燥"", ""皂"", ""糟"", ""藻"", ""蚤"", ""躁"", ""造"", ""遭""]"
14,15,zhi shi,14,"[""之事"", ""之势"", ""之士"", ""之始"", ""之时"", ""制式"", ""只是"", ""执事"", ""指使"", ""指示"", ""知事"", ""知识"", ""致仕"", ""致使""]"
15,1,ci,15,"[""ci"", ""伺"", ""刺"", ""慈"", ""次"", ""此"", ""瓷"", ""疵"", ""磁"", ""祠"", ""茨"", ""词"", ""赐"", ""辞"", ""雌""]"
15,2,dao,15,"[""倒"", ""刀"", ""到"", ""导"", ""岛"", ""嶋"", ""悼"", ""捣"", ""氘"", ""焘"", ""盗"", ""祷"", ""稻"", ""蹈"", ""道""]"
15,3,gan,15,"[""gan"", ""干"", ""感"", ""敢"", ""杆"", ""柑"", ""橄"", ""淦"", ""甘"", ""竿"", ""肝"", ""苷"", ""赣"", ""赶"", ""酐""]"
15,4,jiang,15,"[""僵"", ""匠"", ""奖"", ""姜"", ""将"", ""桨"", ""江"", ""浆"", ""疆"", ""绛"", ""蒋"", ""讲"", ""酱"", ""降"", ""鳉""]"
15,5,kui,15,"[""亏"", ""匮"", ""夔"", ""奎"", ""愧"", ""揆"", ""溃"", ""盔"", ""睽"", ""窥"", ""葵"", ""蝰"", ""逵"", ""馈"", ""魁""]"
15,6,luo,15,"[""啰"", ""洛"", ""漯"", ""珞"", ""络"", ""罗"", ""萝"", ""落"", ""螺"", ""裸"", ""逻"", ""锣"", ""雒"", ""骆"", ""骡""]"
15,7,ni,15,"[""ni"", ""你"", ""倪"", ""匿"", ""妮"", ""妳"", ""尼"", ""拟"", ""昵"", ""暱"", ""泥"", ""溺"", ""腻"", ""逆"", ""霓""]"
15,8,qing,15,"[""倾"", ""卿"", ""庆"", ""情"", ""擎"", ""晴"", ""氢"", ""氰"", ""清"", ""罄"", ""蜻"", ""请"", ""轻"", ""青"", ""顷""]"
15,9,tang,15,"[""倘"", ""唐"", ""堂"", ""塘"", ""帑"", ""棠"", ""汤"", ""烫"", ""瑭"", ""糖"", ""羰"", ""膛"", ""螳"", ""趟"", ""躺""]"
15,10,tong,15,"[""佟"", ""僮"", ""同"", ""彤"", ""桐"", ""桶"", ""潼"", ""痛"", ""瞳"", ""童"", ""筒"", ""统"", ""通"", ""酮"", ""铜""]"
15,11,tuo,15,"[""佗"", ""唾"", ""坨"", ""妥"", ""托"", ""拓"", ""拖"", ""椭"", ""沱"", ""脱"", ""陀"", ""驒"", ""驮"", ""驼"", ""鸵""]"
15,12,xin,15,"[""䜣"", ""信"", ""心"", ""忻"", ""新"", ""昕"", ""欣"", ""歆"", ""芯"", ""薪"", ""衅"", ""辛"", ""鑫"", ""锌"", ""馨""]"
15,13,xing,15,"[""兴"", ""刑"", ""型"", ""姓"", ""幸"", ""形"", ""性"", ""星"", ""杏"", ""猩"", ""腥"", ""荥"", ""行"", ""邢"", ""醒""]"
15,14,zhan,15,"[""占"", ""展"", ""崭"", ""战"", ""斩"", ""栈"", ""毡"", ""沾"", ""湛"", ""盏"", ""瞻"", ""站"", ""粘"", ""绽"", ""詹""]"
16,1,chang,16,"[""chang"", ""倡"", ""偿"", ""厂"", ""唱"", ""场"", ""娼"", ""嫦"", ""尝"", ""常"", ""敞"", ""昌"", ""昶"", ""猖"", ""畅"", ""肠""]"
16,2,cheng,16,"[""丞"", ""乘"", ""呈"", ""城"", ""埕"", ""惩"", ""成"", ""承"", ""撑"", ""晟"", ""橙"", ""澄"", ""秤"", ""称"", ""程"", ""诚""]"
16,3,dan,16,"[""丹"", ""但"", ""单"", ""弹"", ""惮"", ""担"", ""掸"", ""旦"", ""氮"", ""淡"", ""澹"", ""耽"", ""胆"", ""蛋"", ""诞"", ""郸""]"
16,4,huang,16,"[""凰"", ""幌"", ""惶"", ""慌"", ""晃"", ""潢"", ""煌"", ""璜"", ""皇"", ""磺"", ""簧"", ""荒"", ""蝗"", ""谎"", ""隍"", ""黄""]"
16,5,lv,16,"[""侣"", ""吕"", ""屡"", ""履"", ""律"", ""旅"", ""榈"", ""氯"", ""滤"", ""率"", ""绿"", ""缕"", ""虑"", ""铝"", ""闾"", ""驴""]"
16,6,mao,16,"[""冒"", ""卯"", ""帽"", ""懋"", ""昴"", ""毛"", ""牦"", ""猫"", ""矛"", ""茂"", ""茅"", ""貌"", ""贸"", ""铆"", ""锚"", ""髦""]"
16,7,s he,16,"[""she"", ""佘"", ""奢"", ""射"", ""慑"", ""摄"", ""歙"", ""涉"", ""畲"", ""社"", ""舌"", ""舍"", ""蛇"", ""设"", ""赦"", ""麝""]"
16,8,shi ji,16,"[""世纪"", ""事记"", ""事迹"", ""十几"", ""史籍"", ""史记"", ""史迹"", ""实际"", ""室及"", ""市及"", ""市级"", ""市集"", ""时机"", ""是继"", ""试剂"", ""诗集""]"
16,9,zhang,16,"[""丈"", ""仗"", ""帐"", ""张"", ""彰"", ""掌"", ""杖"", ""樟"", ""涨"", ""漳"", ""璋"", ""章"", ""胀"", ""账"", ""长"", ""障""]"
16,10,zhe,16,"[""哲"", ""喆"", ""折"", ""柘"", ""浙"", ""着"", ""者"", ""蔗"", ""褶"", ""谪"", ""赭"", ""辄"", ""辙"", ""这"", ""遮"", ""锗""]"
17,1,di an,17,"[""佃"", ""典"", ""垫"", ""奠"", ""巅"", ""店"", ""殿"", ""淀"", ""滇"", ""点"", ""玷"", ""电"", ""甸"", ""碘"", ""蒂安"", ""迪安"", ""颠""]"
17,2,feng,17,"[""丰"", ""俸"", ""冯"", ""凤"", ""奉"", ""封"", ""峰"", ""枫"", ""烽"", ""疯"", ""砜"", ""缝"", ""蜂"", ""讽"", ""逢"", ""锋"", ""风""]"
17,3,hu an,17,"[""唤"", ""圜"", ""奂"", ""宦"", ""寰"", ""幻"", ""患"", ""换"", ""桓"", ""欢"", ""浣"", ""涣"", ""湖岸"", ""焕"", ""环"", ""缓"", ""胡安""]"
17,4,ji shi,17,"[""几十"", ""即使"", ""即时"", ""即是"", ""及时"", ""吉士"", ""基石"", ""技师"", ""既是"", ""机师"", ""积士"", ""级时"", ""纪事"", ""纪实"", ""计时"", ""记事"", ""集市""]"
17,5,ke,17,"[""ke"", ""克"", ""刻"", ""可"", ""咳"", ""壳"", ""客"", ""恪"", ""柯"", ""棵"", ""氪"", ""渴"", ""珂"", ""科"", ""苛"", ""课"", ""颗""]"
17,6,lan,17,"[""lan"", ""兰"", ""婪"", ""岚"", ""懒"", ""拦"", ""揽"", ""栏"", ""榄"", ""滥"", ""澜"", ""烂"", ""篮"", ""缆"", ""蓝"", ""览"", ""阑""]"
17,7,qu,17,"[""qu"", ""区"", ""去"", ""取"", ""娶"", ""屈"", ""岖"", ""曲"", ""朐"", ""渠"", ""瞿"", ""衢"", ""趋"", ""趣"", ""躯"", ""驱"", ""鼩""]"
17,8,xia,17,"[""下"", ""侠"", ""匣"", ""吓"", ""夏"", ""峡"", ""暇"", ""狭"", ""瑕"", ""瞎"", ""硖"", ""舺"", ""虾"", ""辖"", ""遐"", ""霞"", ""𫚥""]"
17,9,yi zhi,17,"[""一只"", ""一支"", ""一直"", ""一职"", ""一至"", ""一致"", ""以至"", ""以致"", ""医治"", ""已知"", ""意志"", ""意指"", ""抑制"", ""益智"", ""移植"", ""移至"", ""遗址""]"
18,1,ban,18,"[""ban"", ""伴"", ""办"", ""半"", ""坂"", ""扮"", ""扳"", ""拌"", ""搬"", ""斑"", ""板"", ""版"", ""班"", ""瓣"", ""绊"", ""般"", ""阪"", ""颁""]"
18,2,bao,18,"[""保"", ""包"", ""堡"", ""孢"", ""宝"", ""报"", ""抱"", ""暴"", ""爆"", ""胞"", ""苞"", ""葆"", ""薄"", ""褒"", ""豹"", ""雹"", ""饱"", ""鲍""]"
18,3,bi an,18,"[""便"", ""匾"", ""卞"", ""变"", ""弁"", ""扁"", ""比安"", ""汴"", ""编"", ""苄"", ""蝙"", ""贬"", ""辨"", ""辩"", ""辫"", ""边"", ""遍"", ""鞭""]"
18,4,du,18,"[""du"", ""嘟"", ""堵"", ""妒"", ""度"", ""杜"", ""毒"", ""渎"", ""渡"", ""独"", ""督"", ""睹"", ""笃"", ""肚"", ""读"", ""赌"", ""镀"", ""阇""]"
18,5,gong,18,"[""供"", ""公"", ""共"", ""功"", ""宫"", ""工"", ""巩"", ""弓"", ""恭"", ""拱"", ""攻"", ""汞"", ""珙"", ""肱"", ""蚣"", ""贡"", ""躬"", ""龚""]"
18,6,jiu,18,"[""久"", ""九"", ""厩"", ""咎"", ""就"", ""救"", ""旧"", ""柩"", ""灸"", ""玖"", ""疚"", ""究"", ""纠"", ""臼"", ""舅"", ""酒"", ""鸠"", ""鹫""]"
18,7,mu,18,"[""mu"", ""亩"", ""募"", ""墓"", ""姆"", ""幕"", ""慕"", ""拇"", ""暮"", ""木"", ""母"", ""沐"", ""牡"", ""牧"", ""目"", ""睦"", ""穆"", ""钼""]"
18,8,shan,18,"[""删"", ""善"", ""姗"", ""山"", ""扇"", ""擅"", ""杉"", ""汕"", ""煽"", ""珊"", ""缮"", ""膳"", ""衫"", ""赡"", ""钐"", ""闪"", ""陕"", ""鳝""]"
18,9,shen,18,"[""什"", ""伸"", ""娠"", ""审"", ""慎"", ""沈"", ""深"", ""渗"", ""燊"", ""甚"", ""申"", ""砷"", ""神"", ""绅"", ""肾"", ""莘"", ""身"", ""鯓""]"
18,10,yun,18,"[""云"", ""允"", ""匀"", ""孕"", ""恽"", ""昀"", ""晕"", ""筠"", ""纭"", ""芸"", ""蕴"", ""运"", ""郓"", ""郧"", ""酝"", ""陨"", ""韫"", ""韵""]"
18,11,zi,18,"[""zi"", ""兹"", ""咨"", ""姊"", ""姿"", ""子"", ""字"", ""孜"", ""梓"", ""淄"", ""渍"", ""滋"", ""籽"", ""紫"", ""自"", ""谘"", ""资"", ""辎""]"
19,1,ba,19,"[""ba"", ""八"", ""叭"", ""吧"", ""坝"", ""峇"", ""巴"", ""扒"", ""把"", ""拔"", ""爸"", ""疤"", ""罢"", ""耙"", ""芭"", ""跋"", ""钯"", ""霸"", ""靶""]"
19,2,bei,19,"[""倍"", ""北"", ""卑"", ""备"", ""孛"", ""悖"", ""悲"", ""惫"", ""杯"", ""焙"", ""碑"", ""碚"", ""背"", ""蓓"", ""被"", ""贝"", ""辈"", ""钡"", ""陂""]"
19,3,fei,19,"[""匪"", ""吠"", ""啡"", ""妃"", ""废"", ""斐"", ""沸"", ""狒"", ""绯"", ""翡"", ""肥"", ""肺"", ""腓"", ""菲"", ""诽"", ""费"", ""非"", ""飞"", ""鲱""]"
19,4,ge,19,"[""ge"", ""个"", ""仡"", ""割"", ""各"", ""咯"", ""哥"", ""戈"", ""搁"", ""格"", ""歌"", ""纥"", ""膈"", ""葛"", ""铬"", ""阁"", ""隔"", ""革"", ""鸽""]"
19,5,lin,19,"[""lin"", ""临"", ""凛"", ""啉"", ""廪"", ""林"", ""淋"", ""琳"", ""璘"", ""磷"", ""膦"", ""蔺"", ""赁"", ""遴"", ""邻"", ""霖"", ""鳞"", ""麟"", ""𬘭""]"
19,6,si,19,"[""si"", ""丝"", ""厮"", ""司"", ""嗣"", ""四"", ""寺"", ""巳"", ""思"", ""撕"", ""斯"", ""死"", ""汜"", ""泗"", ""祀"", ""私"", ""肆"", ""锶"", ""饲""]"
19,7,tan,19,"[""叹"", ""坍"", ""坛"", ""坦"", ""探"", ""摊"", ""昙"", ""檀"", ""毯"", ""滩"", ""潭"", ""炭"", ""痰"", ""碳"", ""袒"", ""覃"", ""谈"", ""谭"", ""贪""]"
19,8,ti,19,"[""ti"", ""体"", ""剃"", ""剔"", ""嚏"", ""悌"", ""惕"", ""提"", ""替"", ""梯"", ""涕"", ""缇"", ""薙"", ""踢"", ""蹄"", ""醍"", ""锑"", ""题"", ""鹈""]"
19,9,xuan,19,"[""喧"", ""宣"", ""悬"", ""旋"", ""暄"", ""泫"", ""渲"", ""漩"", ""炫"", ""煊"", ""玄"", ""瑄"", ""璇"", ""眩"", ""绚"", ""萱"", ""轩"", ""选"", ""铉""]"
19,10,ye,19,"[""ye"", ""业"", ""也"", ""冶"", ""叶"", ""夜"", ""掖"", ""晔"", ""曳"", ""椰"", ""液"", ""烨"", ""爷"", ""耶"", ""腋"", ""谒"", ""邺"", ""野"", ""页""]"
19,11,yin,19,"[""印"", ""吟"", ""因"", ""姻"", ""寅"", ""尹"", ""引"", ""殷"", ""淫"", ""瘾"", ""胤"", ""茵"", ""荫"", ""鄞"", ""银"", ""阴"", ""隐"", ""音"", ""饮""]"
19,12,yong,19,"[""佣"", ""俑"", ""勇"", ""咏"", ""墉"", ""庸"", ""恿"", ""拥"", ""永"", ""泳"", ""涌"", ""用"", ""甬"", ""蛹"", ""踊"", ""邕"", ""镛"", ""雍"", ""颙""]"
20,1,chu,20,"[""chu"", ""储"", ""出"", ""刍"", ""初"", ""厨"", ""处"", ""杵"", ""楚"", ""橱"", ""滁"", ""畜"", ""矗"", ""蜍"", ""褚"", ""触"", ""锄"", ""除"", ""雏"", ""黜""]"
20,2,han,20,"[""han"", ""函"", ""含"", ""喊"", ""寒"", ""悍"", ""憨"", ""憾"", ""捍"", ""撼"", ""旱"", ""汉"", ""汗"", ""涵"", ""瀚"", ""焊"", ""罕"", ""翰"", ""邯"", ""韩""]"
20,3,mei,20,"[""妹"", ""媒"", ""媚"", ""昧"", ""枚"", ""梅"", ""楣"", ""每"", ""没"", ""湄"", ""煤"", ""玫"", ""眉"", ""美"", ""莓"", ""酶"", ""镁"", ""霉"", ""魅"", ""鹛""]"
20,4,pu,20,"[""仆"", ""匍"", ""圃"", ""埔"", ""扑"", ""普"", ""曝"", ""朴"", ""浦"", ""溥"", ""濮"", ""瀑"", ""璞"", ""舖"", ""莆"", ""菩"", ""葡"", ""蒲"", ""谱"", ""铺""]"
20,5,ya,20,"[""ya"", ""丫"", ""亚"", ""压"", ""呀"", ""哑"", ""垭"", ""娅"", ""崖"", ""押"", ""涯"", ""牙"", ""琊"", ""芽"", ""衙"", ""讶"", ""轧"", ""雅"", ""鸦"", ""鸭""]"
20,6,yang,20,"[""仰"", ""佯"", ""养"", ""央"", ""恙"", ""扬"", ""旸"", ""杨"", ""样"", ""氧"", ""洋"", ""漾"", ""炀"", ""疡"", ""痒"", ""秧"", ""羊"", ""阳"", ""鞅"", ""鸯""]"
21,1,fan,21,"[""凡"", ""反"", ""帆"", ""幡"", ""梵"", ""樊"", ""泛"", ""烦"", ""犯"", ""璠"", ""番"", ""矾"", ""繁"", ""翻"", ""范"", ""蕃"", ""藩"", ""贩"", ""返"", ""钒"", ""饭""]"
21,2,li an,21,"[""利安"", ""帘"", ""廉"", ""怜"", ""恋"", ""敛"", ""殓"", ""涟"", ""濂"", ""炼"", ""琏"", ""离岸"", ""立案"", ""练"", ""联"", ""脸"", ""莲"", ""连"", ""里安"", ""链"", ""镰""]"
21,3,ling,21,"[""ling"", ""〇"", ""令"", ""伶"", ""凌"", ""另"", ""呤"", ""岭"", ""灵"", ""玲"", ""绫"", ""羚"", ""翎"", ""聆"", ""苓"", ""菱"", ""铃"", ""陵"", ""零"", ""领"", ""龄""]"
21,4,wan,21,"[""wan"", ""万"", ""丸"", ""卍"", ""婉"", ""完"", ""宛"", ""弯"", ""挽"", ""晚"", ""湾"", ""烷"", ""玩"", ""琬"", ""皖"", ""碗"", ""绾"", ""腕"", ""蜿"", ""豌"", ""顽""]"
21,5,yao,21,"[""咬"", ""夭"", ""妖"", ""姚"", ""尧"", ""幺"", ""摇"", ""曜"", ""瑶"", ""窑"", ""繇"", ""耀"", ""肴"", ""腰"", ""药"", ""要"", ""谣"", ""遥"", ""邀"", ""钥"", ""鳐""]"
21,6,yi shi,21,"[""一世"", ""一事"", ""一师"", ""一时"", ""一是"", ""亦是"", ""以使"", ""以十"", ""以示"", ""仪式"", ""伊势"", ""伊士"", ""伊始"", ""医师"", ""已是"", ""异世"", ""意识"", ""移师"", ""议事"", ""轶事"", ""遗失""]"
22,1,gu,22,"[""gu"", ""估"", ""古"", ""咕"", ""固"", ""姑"", ""孤"", ""故"", ""沽"", ""箍"", ""股"", ""菇"", ""蛊"", ""谷"", ""辜"", ""钴"", ""锢"", ""雇"", ""顾"", ""骨"", ""鹘"", ""鼓""]"
22,2,jia,22,"[""价"", ""佳"", ""假"", ""加"", ""嘉"", ""夹"", ""嫁"", ""家"", ""岬"", ""戛"", ""架"", ""珈"", ""甲"", ""稼"", ""胛"", ""茄"", ""荚"", ""贾"", ""迦"", ""钾"", ""颊"", ""驾""]"
22,3,mi,22,"[""mi"", ""咪"", ""嘧"", ""密"", ""幂"", ""弥"", ""泌"", ""猕"", ""祢"", ""秘"", ""米"", ""糜"", ""糸"", ""縻"", ""蜜"", ""觅"", ""谜"", ""谧"", ""迷"", ""醚"", ""靡"", ""麋""]"
22,4,mo,22,"[""mo"", ""墨"", ""寞"", ""抹"", ""摩"", ""摸"", ""摹"", ""末"", ""模"", ""殁"", ""沫"", ""漠"", ""磨"", ""膜"", ""茉"", ""莫"", ""蘑"", ""谟"", ""陌"", ""靺"", ""魔"", ""默""]"
23,1,gui,23,"[""傀"", ""圭"", ""归"", ""晷"", ""柜"", ""桂"", ""桧"", ""槻"", ""炔"", ""珪"", ""瑰"", ""癸"", ""皈"", ""硅"", ""规"", ""诡"", ""贵"", ""跪"", ""轨"", ""闺"", ""鬼"", ""鲑"", ""龟""]"
23,2,xiang,23,"[""乡"", ""享"", ""像"", ""厢"", ""向"", ""响"", ""巷"", ""庠"", ""想"", ""橡"", ""湘"", ""相"", ""祥"", ""箱"", ""翔"", ""襄"", ""详"", ""象"", ""镶"", ""项"", ""饷"", ""香"", ""骧""]"
23,3,xun,23,"[""勋"", ""寻"", ""巡"", ""巽"", ""循"", ""旬"", ""殉"", ""汛"", ""洵"", ""浔"", ""熏"", ""珣"", ""荀"", ""荨"", ""蕈"", ""薰"", ""训"", ""讯"", ""询"", ""迅"", ""逊"", ""驯"", ""鲟""]"
24,1,bo,24,"[""bo"", ""亳"", ""伯"", ""剥"", ""勃"", ""博"", ""卜"", ""帛"", ""拨"", ""搏"", ""播"", ""檗"", ""波"", ""渤"", ""玻"", ""砵"", ""箔"", ""脖"", ""舶"", ""菠"", ""钵"", ""钹"", ""铂"", ""驳""]"
24,2,chi,24,"[""chi"", ""侈"", ""勅"", ""叱"", ""吃"", ""呎"", ""坻"", ""墀"", ""尺"", ""弛"", ""持"", ""敕"", ""斥"", ""池"", ""炽"", ""痴"", ""翅"", ""耻"", ""褫"", ""赤"", ""迟"", ""饬"", ""驰"", ""齿""]"
24,3,e,24,"[""e"", ""俄"", ""厄"", ""噩"", ""垩"", ""娥"", ""峨"", ""恶"", ""扼"", ""腭"", ""莪"", ""萼"", ""蛾"", ""讹"", ""轭"", ""遏"", ""鄂"", ""锇"", ""锷"", ""颚"", ""额"", ""饿"", ""鳄"", ""鹅""]"
24,4,he,24,"[""he"", ""何"", ""劾"", ""合"", ""呵"", ""和"", ""喝"", ""壑"", ""核"", ""河"", ""涸"", ""盒"", ""禾"", ""荷"", ""菏"", ""褐"", ""诃"", ""贺"", ""赫"", ""阂"", ""阖"", ""鞨"", ""颌"", ""鹤""]"
24,5,pi,24,"[""pi"", ""丕"", ""僻"", ""劈"", ""匹"", ""啤"", ""坯"", ""埤"", ""媲"", ""屁"", ""批"", ""披"", ""毗"", ""毘"", ""琵"", ""疲"", ""癖"", ""皮"", ""脾"", ""譬"", ""辟"", ""邳"", ""铍"", ""霹""]"
24,6,zhen,24,"[""侦"", ""圳"", ""帧"", ""振"", ""朕"", ""枕"", ""桢"", ""榛"", ""珍"", ""甄"", ""疹"", ""真"", ""祯"", ""箴"", ""臻"", ""蓁"", ""诊"", ""贞"", ""赈"", ""轸"", ""针"", ""镇"", ""阵"", ""震""]"
26,1,jin,26,"[""仅"", ""今"", ""劲"", ""堇"", ""尽"", ""巾"", ""斤"", ""晋"", ""槿"", ""津"", ""浸"", ""烬"", ""瑾"", ""禁"", ""筋"", ""紧"", ""缙"", ""襟"", ""觐"", ""谨"", ""近"", ""进"", ""金"", ""锦"", ""靳"", ""馑""]"
26,2,xu,26,"[""勖"", ""叙"", ""吁"", ""嘘"", ""墟"", ""婿"", ""序"", ""徐"", ""恤"", ""戌"", ""敍"", ""旭"", ""栩"", ""溆"", ""煦"", ""絮"", ""绪"", ""续"", ""胥"", ""蓄"", ""虚"", ""许"", ""酗"", ""需"", ""须"", ""顼""]"
27,1,hu,27,"[""hu"", ""乎"", ""互"", ""呼"", ""壶"", ""弧"", ""忽"", ""户"", ""扈"", ""护"", ""斛"", ""沪"", ""浒"", ""湖"", ""狐"", ""琥"", ""瑚"", ""祜"", ""笏"", ""糊"", ""胡"", ""葫"", ""虎"", ""蝴"", ""醐"", ""鹕"", ""鹱""]"
27,2,lu,27,"[""lu"", ""卢"", ""卤"", ""噜"", ""庐"", ""录"", ""戮"", ""掳"", ""泸"", ""潞"", ""炉"", ""璐"", ""碌"", ""禄"", ""胪"", ""芦"", ""虏"", ""赂"", ""路"", ""陆"", ""露"", ""颅"", ""鲁"", ""鲈"", ""鹭"", ""鹿"", ""麓""]"
27,3,xie,27,"[""些"", ""亵"", ""偕"", ""写"", ""协"", ""卸"", ""屑"", ""廨"", ""懈"", ""挟"", ""携"", ""斜"", ""械"", ""楔"", ""榭"", ""歇"", ""泄"", ""泻"", ""燮"", ""胁"", ""脇"", ""蝎"", ""蟹"", ""谐"", ""谢"", ""邪"", ""鞋""]"
27,4,yuan,27,"[""与安"", ""元"", ""冤"", ""原"", ""员"", ""园"", ""圆"", ""垣"", ""媛"", ""怨"", ""愿"", ""掾"", ""援"", ""沅"", ""渊"", ""源"", ""猿"", ""縁"", ""缘"", ""苑"", ""螈"", ""袁"", ""辕"", ""远"", ""院"", ""鸢"", ""鸳""]"
28,1,di,28,"[""di"", ""低"", ""地"", ""堤"", ""娣"", ""嫡"", ""帝"", ""底"", ""弟"", ""抵"", ""敌"", ""棣"", ""涤"", ""滴"", ""狄"", ""砥"", ""碲"", ""笛"", ""第"", ""缔"", ""翟"", ""荻"", ""蒂"", ""诋"", ""谛"", ""迪"", ""递"", ""邸""]"
28,2,hui,28,"[""会"", ""卉"", ""喙"", ""回"", ""彗"", ""徽"", ""恢"", ""悔"", ""惠"", ""慧"", ""挥"", ""晖"", ""晦"", ""毁"", ""汇"", ""洄"", ""灰"", ""珲"", ""秽"", ""绘"", ""荟"", ""蕙"", ""讳"", ""诙"", ""诲"", ""贿"", ""辉"", ""麾""]"
28,3,qian,28,"[""乾"", ""佥"", ""倩"", ""前"", ""千"", ""堑"", ""墘"", ""嵌"", ""欠"", ""歉"", ""浅"", ""潜"", ""牵"", ""签"", ""茜"", ""蒨"", ""虔"", ""谦"", ""谴"", ""迁"", ""遣"", ""钤"", ""钱"", ""钳"", ""铅"", ""阡"", ""骞"", ""黔""]"
28,4,xi ao,28,"[""咲"", ""哮"", ""啸"", ""嚣"", ""孝"", ""宵"", ""小"", ""效"", ""晓"", ""枭"", ""校"", ""消"", ""淆"", ""潇"", ""硝"", ""笑"", ""筱"", ""筿"", ""箫"", ""肖"", ""萧"", ""西奥"", ""西澳"", ""逍"", ""销"", ""霄"", ""骁"", ""鸮""]"
29,1,ying,29,"[""婴"", ""嬴"", ""应"", ""影"", ""応"", ""映"", ""楹"", ""樱"", ""瀛"", ""瑛"", ""盈"", ""硬"", ""缨"", ""罂"", ""膺"", ""英"", ""荧"", ""莹"", ""莺"", ""萤"", ""营"", ""蝇"", ""赢"", ""迎"", ""郢"", ""颍"", ""颖"", ""鹦"", ""鹰""]"
30,1,bi,30,"[""bi"", ""俾"", ""匕"", ""吡"", ""哔"", ""壁"", ""婢"", ""币"", ""庇"", ""弊"", ""弼"", ""彼"", ""必"", ""比"", ""毕"", ""毙"", ""璧"", ""碧"", ""笔"", ""臂"", ""苾"", ""蔽"", ""裨"", ""逼"", ""避"", ""鄙"", ""铋"", ""闭"", ""陛"", ""鼻""]"
30,2,ji e,30,"[""介"", ""借"", ""劫"", ""堺"", ""姐"", ""婕"", ""届"", ""戒"", ""截"", ""拮"", ""捷"", ""接"", ""揭"", ""杰"", ""洁"", ""玠"", ""界"", ""皆"", ""睫"", ""竭"", ""结"", ""羯"", ""节"", ""芥"", ""街"", ""解"", ""诫"", ""阶"", ""颉"", ""饥饿""]"
31,1,you,31,"[""you"", ""优"", ""佑"", ""侑"", ""又"", ""友"", ""右"", ""宥"", ""尤"", ""幼"", ""幽"", ""忧"", ""悠"", ""攸"", ""有"", ""柚"", ""油"", ""游"", ""犹"", ""猷"", ""由"", ""疣"", ""祐"", ""诱"", ""邮"", ""酉"", ""釉"", ""铀"", ""鱿"", ""鲉"", ""鼬""]"
32,1,zhu,32,"[""主"", ""住"", ""侏"", ""助"", ""嘱"", ""朱"", ""柱"", ""株"", ""注"", ""洙"", ""渚"", ""烛"", ""煮"", ""猪"", ""珠"", ""瞩"", ""祝"", ""竹"", ""竺"", ""筑"", ""苎"", ""茱"", ""著"", ""蛛"", ""诛"", ""诸"", ""贮"", ""逐"", ""邾"", ""铢"", ""铸"", ""驻""]"
33,1,jing,33,"[""井"", ""京"", ""净"", ""境"", ""径"", ""惊"", ""憬"", ""敬"", ""旌"", ""景"", ""晶"", ""泾"", ""璟"", ""痉"", ""睛"", ""竞"", ""竟"", ""精"", ""经"", ""胫"", ""腈"", ""茎"", ""荆"", ""菁"", ""警"", ""迳"", ""镜"", ""阱"", ""靓"", ""靖"", ""静"", ""颈"", ""鲸""]"
33,2,ju,33,"[""举"", ""俱"", ""具"", ""剧"", ""句"", ""咀"", ""局"", ""居"", ""巨"", ""惧"", ""拒"", ""拘"", ""据"", ""桔"", ""榉"", ""橘"", ""沮"", ""炬"", ""狙"", ""疽"", ""矩"", ""聚"", ""苣"", ""莒"", ""菊"", ""距"", ""踞"", ""遽"", ""钜"", ""锯"", ""鞠"", ""飓"", ""驹""]"
35,1,shu,35,"[""书"", ""叔"", ""塾"", ""墅"", ""属"", ""庶"", ""恕"", ""戍"", ""抒"", ""数"", ""暑"", ""曙"", ""术"", ""束"", ""枢"", ""树"", ""梳"", ""殊"", ""淑"", ""漱"", ""澍"", ""熟"", ""疏"", ""竖"", ""纾"", ""署"", ""舒"", ""蔬"", ""薯"", ""蜀"", ""赎"", ""输"", ""述"", ""黍"", ""鼠""]"
36,1,jiao,36,"[""交"", ""佼"", ""侥"", ""剿"", ""叫"", ""吉奥"", ""基奥"", ""娇"", ""搅"", ""教"", ""椒"", ""浇"", ""滘"", ""焦"", ""狡"", ""皎"", ""矫"", ""礁"", ""窖"", ""绞"", ""缴"", ""胶"", ""脚"", ""蕉"", ""蛟"", ""角"", ""跤"", ""轿"", ""较"", ""郊"", ""酵"", ""醮"", ""铰"", ""饺"", ""骄"", ""鲛""]"
36,2,wu,36,"[""乌"", ""五"", ""伍"", ""侮"", ""兀"", ""务"", ""勿"", ""午"", ""吴"", ""吾"", ""呜"", ""唔"", ""坞"", ""婺"", ""屋"", ""巫"", ""庑"", ""忤"", ""悟"", ""戊"", ""无"", ""晤"", ""梧"", ""武"", ""毋"", ""污"", ""物"", ""舞"", ""芜"", ""蜈"", ""诬"", ""误"", ""邬"", ""钨"", ""雾"", ""鹉""]"
36,3,xi an,36,"[""䲗"", ""仙"", ""先"", ""冼"", ""县"", ""咸"", ""娴"", ""嫌"", ""宪"", ""岘"", ""弦"", ""掀"", ""显"", ""暹"", ""氙"", ""献"", ""现"", ""纤"", ""线"", ""羡"", ""腺"", ""舷"", ""藓"", ""衔"", ""西安"", ""西岸"", ""贤"", ""酰"", ""锡安"", ""闲"", ""限"", ""险"", ""陷"", ""霰"", ""馅"", ""鲜""]"
44,1,ji an,44,"[""件"", ""俭"", ""健"", ""僭"", ""兼"", ""减"", ""剑"", ""剪"", ""吉安"", ""坚"", ""奸"", ""尖"", ""建"", ""拣"", ""捡"", ""柬"", ""检"", ""歼"", ""涧"", ""渐"", ""溅"", ""煎"", ""犍"", ""监"", ""碱"", ""笺"", ""简"", ""箭"", ""翦"", ""肩"", ""腱"", ""舰"", ""艰"", ""茧"", ""荐"", ""菅"", ""见"", ""谏"", ""贱"", ""践"", ""蹇"", ""鉴"", ""键"", ""间""]"
45,1,wei,45,"[""为"", ""伟"", ""伪"", ""位"", ""卫"", ""危"", ""味"", ""唯"", ""喂"", ""围"", ""圩"", ""委"", ""威"", ""尉"", ""尾"", ""巍"", ""帷"", ""微"", ""惟"", ""慰"", ""未"", ""桅"", ""渭"", ""潍"", ""炜"", ""猥"", ""猬"", ""玮"", ""畏"", ""纬"", ""维"", ""胃"", ""艉"", ""苇"", ""萎"", ""蔚"", ""薇"", ""衞"", ""谓"", ""违"", ""隈"", ""韦"", ""魏"", ""鳚"", ""𬀩""]"
48,1,yan,48,"[""yan"", ""严"", ""俨"", ""偃"", ""兖"", ""厌"", ""咽"", ""唁"", ""堰"", ""奄"", ""妍"", ""嫣"", ""宴"", ""岩"", ""延"", ""彦"", ""掩"", ""晏"", ""檐"", ""沿"", ""淹"", ""湮"", ""演"", ""炎"", ""烟"", ""焉"", ""焰"", ""燕"", ""琰"", ""盐"", ""眼"", ""研"", ""砚"", ""筵"", ""簷"", ""腌"", ""艳"", ""衍"", ""言"", ""谚"", ""鄢"", ""闫"", ""阉"", ""阎"", ""雁"", ""颜"", ""验"", ""鼹""]"
49,1,xi,49,"[""习"", ""僖"", ""兮"", ""吸"", ""喜"", ""嘻"", ""夕"", ""奚"", ""媳"", ""嬉"", ""希"", ""席"", ""徙"", ""息"", ""悉"", ""惜"", ""戏"", ""昔"", ""晰"", ""曦"", ""析"", ""檄"", ""汐"", ""洗"", ""溪"", ""潟"", ""烯"", ""熄"", ""熙"", ""熹"", ""牺"", ""犀"", ""玺"", ""矽"", ""硒"", ""禧"", ""稀"", ""系"", ""细"", ""羲"", ""膝"", ""蜥"", ""袭"", ""西"", ""谿"", ""醯"", ""铣"", ""锡"", ""隙""]"
52,1,qi,52,"[""七"", ""乞"", ""企"", ""俟"", ""其"", ""凄"", ""启"", ""器"", ""圻"", ""埼"", ""奇"", ""契"", ""妻"", ""岂"", ""岐"", ""崎"", ""弃"", ""憩"", ""戚"", ""旗"", ""期"", ""杞"", ""栖"", ""棋"", ""欺"", ""歧"", ""气"", ""汽"", ""泣"", ""淇"", ""漆"", ""琦"", ""琪"", ""砌"", ""碁"", ""祁"", ""祇"", ""祈"", ""祺"", ""綦"", ""绮"", ""耆"", ""脐"", ""葺"", ""蕲"", ""讫"", ""起"", ""迄"", ""骑"", ""鳍"", ""麒"", ""齐""]"
52,2,shi,52,"[""世"", ""事"", ""仕"", ""似"", ""使"", ""侍"", ""势"", ""匙"", ""十"", ""史"", ""嗜"", ""噬"", ""士"", ""失"", ""始"", ""实"", ""室"", ""寔"", ""尸"", ""屎"", ""市"", ""师"", ""式"", ""弑"", ""恃"", ""拾"", ""施"", ""时"", ""是"", ""柿"", ""氏"", ""湿"", ""狮"", ""矢"", ""石"", ""示"", ""虱"", ""蚀"", ""视"", ""誓"", ""识"", ""试"", ""诗"", ""谥"", ""轼"", ""辻"", ""适"", ""逝"", ""释"", ""食"", ""饰"", ""驶""]"
53,1,zhi,53,"[""之"", ""侄"", ""值"", ""制"", ""只"", ""址"", ""埴"", ""姪"", ""峙"", ""帜"", ""志"", ""执"", ""指"", ""挚"", ""掷"", ""支"", ""旨"", ""智"", ""枝"", ""栉"", ""植"", ""止"", ""殖"", ""汁"", ""治"", ""滞"", ""炙"", ""直"", ""知"", ""祉"", ""祗"", ""秩"", ""稚"", ""窒"", ""纸"", ""织"", ""置"", ""职"", ""肢"", ""脂"", ""至"", ""致"", ""芝"", ""芷"", ""蛭"", ""蜘"", ""质"", ""趾"", ""跖"", ""郅"", ""酯"", ""陟"", ""雉""]"
54,1,fu,54,"[""付"", ""伏"", ""佛"", ""俘"", ""俯"", ""傅"", ""副"", ""匐"", ""呋"", ""咐"", ""复"", ""夫"", ""妇"", ""孚"", ""孵"", ""富"", ""幅"", ""府"", ""弗"", ""扶"", ""抚"", ""拂"", ""敷"", ""斧"", ""服"", ""氟"", ""浮"", ""涪"", ""父"", ""甫"", ""福"", ""符"", ""缚"", ""肤"", ""腐"", ""腹"", ""芙"", ""苻"", ""蝠"", ""蝮"", ""覆"", ""讣"", ""负"", ""赋"", ""赴"", ""跗"", ""辅"", ""辐"", ""鄜"", ""釜"", ""阜"", ""附"", ""馥"", ""驸""]"
55,1,li,55,"[""li"", ""丽"", ""例"", ""俐"", ""俚"", ""俪"", ""利"", ""力"", ""励"", ""历"", ""厉"", ""厘"", ""吏"", ""哩"", ""喱"", ""坜"", ""李"", ""栃"", ""栎"", ""栗"", ""梨"", ""歴"", ""沥"", ""浬"", ""溧"", ""漓"", ""澧"", ""犁"", ""狸"", ""理"", ""璃"", ""痢"", ""砺"", ""砾"", ""礼"", ""离"", ""立"", ""笠"", ""篱"", ""粒"", ""罹"", ""脷"", ""荔"", ""莅"", ""莉"", ""藜"", ""蛎"", ""蠡"", ""里"", ""锂"", ""隶"", ""雳"", ""骊"", ""鲤"", ""黎""]"
62,1,yu,62,"[""yu"", ""与"", ""予"", ""于"", ""余"", ""俞"", ""俣"", ""喻"", ""域"", ""堉"", ""妤"", ""娱"", ""宇"", ""寓"", ""屿"", ""峪"", ""庾"", ""御"", ""愈"", ""愉"", ""愚"", ""於"", ""昱"", ""榆"", ""欲"", ""毓"", ""浴"", ""淤"", ""渔"", ""渝"", ""煜"", ""狱"", ""玉"", ""瑀"", ""瑜"", ""盂"", ""禹"", ""禺"", ""羽"", ""聿"", ""育"", ""舆"", ""芋"", ""虞"", ""裕"", ""觎"", ""誉"", ""语"", ""谕"", ""豫"", ""迂"", ""逾"", ""遇"", ""郁"", ""钰"", ""阈"", ""隅"", ""雨"", ""预"", ""馀"", ""驭"", ""鱼""]"
74,1,yi,74,"[""一"", ""乂"", ""义"", ""乙"", ""亦"", ""亿"", ""以"", ""仪"", ""伊"", ""佚"", ""依"", ""倚"", ""刈"", ""医"", ""咿"", ""壹"", ""夷"", ""奕"", ""姨"", ""宜"", ""屹"", ""嶷"", ""已"", ""异"", ""弈"", ""弋"", ""彝"", ""役"", ""忆"", ""怡"", ""意"", ""懿"", ""抑"", ""挹"", ""揖"", ""易"", ""椅"", ""毅"", ""沂"", ""溢"", ""漪"", ""疑"", ""疫"", ""益"", ""矣"", ""祎"", ""移"", ""绎"", ""缢"", ""羿"", ""翊"", ""翌"", ""翼"", ""肄"", ""胰"", ""艺"", ""蚁"", ""蜴"", ""衣"", ""裔"", ""议"", ""译"", ""诣"", ""谊"", ""贻"", ""轶"", ""逸"", ""遗"", ""邑"", ""钇"", ""颐"", ""驿"", ""鮨"", ""黟""]"
77,1,ji,77,"[""ji"", ""乩"", ""亟"", ""伎"", ""佶"", ""冀"", ""几"", ""击"", ""剂"", ""即"", ""及"", ""吉"", ""圾"", ""基"", ""妓"", ""姬"", ""嫉"", ""季"", ""寂"", ""寄"", ""岌"", ""嵴"", ""己"", ""忌"", ""急"", ""戟"", ""技"", ""挤"", ""撃"", ""既"", ""暨"", ""机"", ""极"", ""棘"", ""楫"", ""汲"", ""济"", ""激"", ""玑"", ""畸"", ""畿"", ""疾"", ""瘠"", ""矶"", ""祭"", ""积"", ""稷"", ""稽"", ""笈"", ""箕"", ""籍"", ""级"", ""纪"", ""继"", ""绩"", ""缉"", ""羁"", ""肌"", ""脊"", ""蓟"", ""藉"", ""觊"", ""计"", ""讥"", ""记"", ""诘"", ""跻"", ""辑"", ""迹"", ""际"", ""集"", ""霁"", ""饥"", ""骥"", ""髻"", ""鲫"", ""鸡""]"
