N,pair_index_within_N,c_token,source_token_count_for_pair,a_tokens_json
2,1,1 ying1 chi3,2,"[""1英呎"", ""1英尺""]"
2,2,a,2,"[""a"", ""啊""]"
2,3,a1 ma3,2,"[""阿玛"", ""阿马""]"
2,4,a1 qi2,2,"[""阿奇"", ""阿齐""]"
2,5,a1 wei2,2,"[""阿维"", ""阿韦""]"
2,6,ai1 li4,2,"[""埃利"", ""埃莉""]"
2,7,ai4 de2,2,"[""爱德"", ""艾德""]"
2,8,ai4 er3,2,"[""爱尔"", ""艾尔""]"
2,9,ai4 li4 si1,2,"[""爱丽丝"", ""艾利斯""]"
2,10,ai4 lun2,2,"[""爱伦"", ""艾伦""]"
2,11,ai4 xin1,2,"[""爱心"", ""爱新""]"
2,12,ai4 zhi1,2,"[""爱之"", ""爱知""]"
2,13,ai4 zi1 bing4,2,"[""爱滋病"", ""艾滋病""]"
2,14,an1 di4 si1,2,"[""安地斯"", ""安第斯""]"
2,15,an1 fu3,2,"[""安府"", ""安抚""]"
2,16,an1 kang1,2,"[""安康"", ""𩽾𩾌""]"
2,17,an3,2,"[""俺"", ""铵""]"
2,18,an4 jian4,2,"[""按键"", ""案件""]"
2,19,an4 zhong1,2,"[""暗中"", ""案中""]"
2,20,ao4 de2,2,"[""奥得"", ""奥德""]"
2,21,ao4 li4,2,"[""奥利"", ""奥莉""]"
2,22,ba,2,"[""ba"", ""吧""]"
2,23,ba1 ba1,2,"[""巴巴"", ""芭芭""]"
2,24,ba1 bi3,2,"[""巴比"", ""芭比""]"
2,25,ba1 da2,2,"[""八达"", ""巴达""]"
2,26,ba1 de2,2,"[""八德"", ""巴德""]"
2,27,ba1 li2,2,"[""巴厘"", ""巴黎""]"
2,28,ba1 li3,2,"[""八里"", ""巴里""]"
2,29,ba1 li4,2,"[""巴利"", ""巴力""]"
2,30,ba1 qi2,2,"[""八旗"", ""巴奇""]"
2,31,ba1 shi4,2,"[""八世"", ""巴士""]"
2,32,ba1 yi1,2,"[""八一"", ""巴伊""]"
2,33,ba2,2,"[""拔"", ""跋""]"
2,34,bai4 er3,2,"[""拜尔"", ""拜耳""]"
2,35,ban1 de,2,"[""班的"", ""般的""]"
2,36,ban1 ji1,2,"[""扳机"", ""班机""]"
2,37,ban1 jia1,2,"[""搬家"", ""班加""]"
2,38,ban3 ben3,2,"[""坂本"", ""版本""]"
2,39,ban3 de,2,"[""板的"", ""版的""]"
2,40,ban3 he2,2,"[""板和"", ""版和""]"
2,41,bao2,2,"[""薄"", ""雹""]"
2,42,bao3 an1,2,"[""保安"", ""宝安""]"
2,43,bao3 biao1,2,"[""保镖"", ""保镳""]"
2,44,bao3 li4,2,"[""保利"", ""宝丽""]"
2,45,bao3 shi2,2,"[""保时"", ""宝石""]"
2,46,bao4 bo2,2,"[""鲍伯"", ""鲍勃""]"
2,47,bao4 chou2,2,"[""报仇"", ""报酬""]"
2,48,bao4 dao4,2,"[""报到"", ""报道""]"
2,49,bao4 fa1,2,"[""暴发"", ""爆发""]"
2,50,bao4 fu4,2,"[""报复"", ""抱负""]"
2,51,bei3 jie1,2,"[""北接"", ""北街""]"
2,52,bei3 ka3 luo2 lai2 na4 zhou1,2,"[""北卡罗来纳州"", ""北卡罗莱纳州""]"
2,53,bei3 lin2,2,"[""北临"", ""北邻""]"
2,54,bei3 lu4,2,"[""北路"", ""北陆""]"
2,55,bei3 shi4,2,"[""北势"", ""北市""]"
2,56,bei4 pan4,2,"[""背叛"", ""被判""]"
2,57,bei4 qi2,2,"[""背鳍"", ""被其""]"
2,58,bei4 si1,2,"[""贝丝"", ""贝斯""]"
2,59,ben1,2,"[""奔"", ""贲""]"
2,60,ben3,2,"[""本"", ""苯""]"
2,61,ben3 ji2,2,"[""本级"", ""本集""]"
2,62,ben3 ji4,2,"[""本季"", ""本纪""]"
2,63,ben3 shi4,2,"[""本市"", ""本是""]"
2,64,ben3 wei4,2,"[""本为"", ""本位""]"
2,65,ben3 xian4,2,"[""本县"", ""本线""]"
2,66,ben3 xing4,2,"[""本姓"", ""本性""]"
2,67,beng1,2,"[""崩"", ""绷""]"
2,68,beng4,2,"[""泵"", ""蹦""]"
2,69,bi3 ji4,2,"[""笔记"", ""笔迹""]"
2,70,bi3 li4,2,"[""比例"", ""比利""]"
2,71,bi3 te4,2,"[""彼特"", ""比特""]"
2,72,bi4 xu1,2,"[""必需"", ""必须""]"
2,73,bian1 cheng2,2,"[""编成"", ""编程""]"
2,74,bian1 qu1,2,"[""编曲"", ""边区""]"
2,75,bian1 wei4,2,"[""编为"", ""边为""]"
2,76,bian1 xing2,2,"[""边形"", ""鞭刑""]"
2,77,bian4 jie2,2,"[""便捷"", ""变节""]"
2,78,bian4 shi4,2,"[""便士"", ""便是""]"
2,79,bian4 xiang4,2,"[""便向"", ""变相""]"
2,80,bian4 yi3,2,"[""便以"", ""便已""]"
2,81,bing1,2,"[""兵"", ""冰""]"
2,82,bing1 yuan2,2,"[""兵员"", ""冰原""]"
2,83,bing4,2,"[""并"", ""病""]"
2,84,bing4 wei4,2,"[""并为"", ""并未""]"
2,85,bing4 yi3,2,"[""并以"", ""并已""]"
2,86,bing4 yin1,2,"[""并因"", ""病因""]"
2,87,bing4 zhong4,2,"[""并重"", ""病重""]"
2,88,bo,2,"[""bo"", ""卜""]"
2,89,bo1 chu1,2,"[""拨出"", ""播出""]"
2,90,bo1 er3,2,"[""波尔"", ""玻尔""]"
2,91,bo1 li2,2,"[""剥离"", ""玻璃""]"
2,92,bo1 li4,2,"[""波利"", ""玻利""]"
2,93,bo1 xi1,2,"[""波希"", ""波西""]"
2,94,bo1 xi1 mi3 ya4,2,"[""波希米亚"", ""波西米亚""]"
2,95,bo1 yin1,2,"[""播音"", ""波音""]"
2,96,bo2 de2,2,"[""伯德"", ""博德""]"
2,97,bo2 er3,2,"[""伯尔"", ""博尔""]"
2,98,bo2 ge2,2,"[""伯格"", ""博格""]"
2,99,bo2 la1,2,"[""勃拉"", ""博拉""]"
2,100,bo2 luo2,2,"[""勃罗"", ""博罗""]"
2,101,bo2 si1,2,"[""伯斯"", ""博斯""]"
2,102,bo2 te4,2,"[""伯特"", ""博特""]"
2,103,bu2 hui4 zai4,2,"[""不会再"", ""不会在""]"
2,104,bu3 shi2,2,"[""捕食"", ""补时""]"
2,105,bu4 bian4,2,"[""不便"", ""不变""]"
2,106,bu4 da2,2,"[""不达"", ""布达""]"
2,107,bu4 dan1,2,"[""不丹"", ""不单""]"
2,108,bu4 dao4,2,"[""布道"", ""步道""]"
2,109,bu4 fen4,2,"[""部份"", ""部分""]"
2,110,bu4 fu2,2,"[""不服"", ""不符""]"
2,111,bu4 jia1,2,"[""不佳"", ""不加""]"
2,112,bu4 jun1,2,"[""不均"", ""步军""]"
2,113,bu4 lai2,2,"[""不来"", ""布莱""]"
2,114,bu4 li3,2,"[""不理"", ""布里""]"
2,115,bu4 liang2,2,"[""不良"", ""布良""]"
2,116,bu4 liao4,2,"[""不料"", ""布料""]"
2,117,bu4 lun2,2,"[""不伦"", ""布伦""]"
2,118,bu4 luo4,2,"[""布洛"", ""部落""]"
2,119,bu4 man3,2,"[""不满"", ""布满""]"
2,120,bu4 neng2 zai4,2,"[""不能再"", ""不能在""]"
2,121,bu4 qu1,2,"[""不屈"", ""部曲""]"
2,122,bu4 ru4,2,"[""不入"", ""步入""]"
2,123,bu4 she4,2,"[""不设"", ""布设""]"
2,124,bu4 shen4,2,"[""不慎"", ""不甚""]"
2,125,bu4 shi1,2,"[""不失"", ""布施""]"
2,126,bu4 shi2,2,"[""不实"", ""不时""]"
2,127,bu4 shu3,2,"[""部属"", ""部署""]"
2,128,bu4 xia4,2,"[""不下"", ""部下""]"
2,129,bu4 xing2,2,"[""不行"", ""步行""]"
2,130,bu4 yi1,2,"[""不一"", ""布依""]"
2,131,bu4 yi3,2,"[""不以"", ""不已""]"
2,132,bu4 zhang3,2,"[""不长"", ""部长""]"
2,133,bu4 zhen4,2,"[""不振"", ""布阵""]"
2,134,bu4 zhi3,2,"[""不只"", ""不止""]"
2,135,bu4 zhi4,2,"[""不治"", ""布置""]"
2,136,bu4 zu2,2,"[""不足"", ""部族""]"
2,137,bu4 zuo4,2,"[""不作"", ""不做""]"
2,138,cai2 wu4,2,"[""财务"", ""财物""]"
2,139,cai4,2,"[""菜"", ""蔡""]"
2,140,can1,2,"[""参"", ""餐""]"
2,141,cao1,2,"[""操"", ""糙""]"
2,142,ceng2,2,"[""层"", ""曾""]"
2,143,ceng2 wei4,2,"[""层为"", ""曾为""]"
2,144,ceng2 yin1,2,"[""曾因"", ""曾荫""]"
2,145,cha1,2,"[""叉"", ""插""]"
2,146,cha4,2,"[""岔"", ""差""]"
2,147,chai2,2,"[""侪"", ""柴""]"
2,148,chan4,2,"[""忏"", ""颤""]"
2,149,chang2 bei4,2,"[""常备"", ""常被""]"
2,150,chang2 nian2,2,"[""常年"", ""长年""]"
2,151,chang2 shi2,2,"[""常识"", ""长石""]"
2,152,chang2 shi4,2,"[""尝试"", ""常侍""]"
2,153,chang2 zhu4,2,"[""常住"", ""常驻""]"
2,154,chang3 de,2,"[""厂的"", ""场的""]"
2,155,chang3 he2,2,"[""场合"", ""场和""]"
2,156,chao3,2,"[""吵"", ""炒""]"
2,157,che4 xiao1,2,"[""撤消"", ""撤销""]"
2,158,chen1,2,"[""琛"", ""郴""]"
2,159,chen2 jia1,2,"[""陈嘉"", ""陈家""]"
2,160,chen2 mo4,2,"[""沉没"", ""沉默""]"
2,161,chen2 shi4,2,"[""陈世"", ""陈氏""]"
2,162,chen2 xiao3,2,"[""陈小"", ""陈晓""]"
2,163,chen2 yi4,2,"[""陈奕"", ""陈毅""]"
2,164,chen4,2,"[""衬"", ""趁""]"
2,165,cheng1,2,"[""撑"", ""称""]"
2,166,cheng1 zuo4,2,"[""称作"", ""称做""]"
2,167,cheng2 de,2,"[""城的"", ""成的""]"
2,168,cheng2 fen4,2,"[""成份"", ""成分""]"
2,169,cheng2 ji1,2,"[""乘机"", ""乘积""]"
2,170,cheng2 jiao1,2,"[""城郊"", ""成交""]"
2,171,cheng2 ren2,2,"[""城人"", ""成人""]"
2,172,cheng2 shi4,2,"[""城市"", ""程式""]"
2,173,cheng2 xian4,2,"[""呈现"", ""城县""]"
2,174,cheng2 xiang4,2,"[""丞相"", ""成像""]"
2,175,cheng2 xing2,2,"[""成型"", ""成形""]"
2,176,cheng2 zhi4,2,"[""惩治"", ""承志""]"
2,177,chi1,2,"[""吃"", ""痴""]"
2,178,chong1 ji1,2,"[""冲击"", ""冲积""]"
2,179,chong2,2,"[""崇"", ""虫""]"
2,180,chu1,2,"[""出"", ""初""]"
2,181,chu1 ban3,2,"[""出版"", ""初版""]"
2,182,chu1 chang3,2,"[""出厂"", ""出场""]"
2,183,chu1 de,2,"[""出的"", ""初的""]"
2,184,chu1 jing4,2,"[""出境"", ""出镜""]"
2,185,chu1 ming2,2,"[""出名"", ""初名""]"
2,186,chu1 ren4,2,"[""出任"", ""初任""]"
2,187,chu1 shi3,2,"[""出使"", ""初始""]"
2,188,chu1 shou4,2,"[""出售"", ""初授""]"
2,189,chu1 wei4,2,"[""出为"", ""初为""]"
2,190,chu1 xian4,2,"[""出现"", ""出线""]"
2,191,chu1 xuan3,2,"[""出选"", ""初选""]"
2,192,chu1 yi1,2,"[""出一"", ""初一""]"
2,193,chu1 zhan4,2,"[""出战"", ""出站""]"
2,194,chu1 zhong1,2,"[""初中"", ""初衷""]"
2,195,chu3 yu2,2,"[""处于"", ""楚瑜""]"
2,196,chu4 ji2,2,"[""处级"", ""触及""]"
2,197,chuan1 shang4,2,"[""川上"", ""穿上""]"
2,198,chuan2 dao4,2,"[""传到"", ""传道""]"
2,199,chuan4,2,"[""串"", ""钏""]"
2,200,chuan4 lian2,2,"[""串联"", ""串连""]"
2,201,chuang1,2,"[""疮"", ""窗""]"
2,202,chuang2,2,"[""幢"", ""床""]"
2,203,chui1,2,"[""吹"", ""炊""]"
2,204,chun1,2,"[""春"", ""椿""]"
2,205,chuo4,2,"[""绰"", ""辍""]"
2,206,ci2 dian3,2,"[""词典"", ""辞典""]"
2,207,ci2 hui4,2,"[""词汇"", ""辞汇""]"
2,208,ci2 xing4,2,"[""磁性"", ""雌性""]"
2,209,ci3 qu1,2,"[""此区"", ""此曲""]"
2,210,ci3 zhan4,2,"[""此战"", ""此站""]"
2,211,ci4 ke4,2,"[""刺客"", ""次克""]"
2,212,ci4 ming2,2,"[""次名"", ""赐名""]"
2,213,cuan4,2,"[""窜"", ""篡""]"
2,214,cun1,2,"[""村"", ""邨""]"
2,215,cun4,2,"[""吋"", ""寸""]"
2,216,cuo1,2,"[""撮"", ""磋""]"
2,217,cuo4 shi1,2,"[""措施"", ""错失""]"
2,218,da2 da2,2,"[""达达"", ""鞑靼""]"
2,219,da2 he2,2,"[""达和"", ""达荷""]"
2,220,da3 bi3,2,"[""打吡"", ""打比""]"
2,221,da4 ban3,2,"[""大坂"", ""大阪""]"
2,222,da4 bu4,2,"[""大埔"", ""大部""]"
2,223,da4 bu4 fen4,2,"[""大部份"", ""大部分""]"
2,224,da4 bu4 fen4 de,2,"[""大部份的"", ""大部分的""]"
2,225,da4 chen2,2,"[""大臣"", ""大陈""]"
2,226,da4 di4,2,"[""大地"", ""大帝""]"
2,227,da4 fu2,2,"[""大佛"", ""大幅""]"
2,228,da4 gong1,2,"[""大公"", ""大宫""]"
2,229,da4 guan1,2,"[""大关"", ""大观""]"
2,230,da4 han2,2,"[""大汗"", ""大韩""]"
2,231,da4 he2,2,"[""大和"", ""大河""]"
2,232,da4 jia1,2,"[""大加"", ""大家""]"
2,233,da4 jiang1,2,"[""大江"", ""大疆""]"
2,234,da4 jun1,2,"[""大军"", ""大君""]"
2,235,da4 li3,2,"[""大理"", ""大里""]"
2,236,da4 lu4,2,"[""大路"", ""大陆""]"
2,237,da4 ming2,2,"[""大名"", ""大明""]"
2,238,da4 quan2,2,"[""大全"", ""大权""]"
2,239,da4 she4,2,"[""大社"", ""大赦""]"
2,240,da4 sheng4,2,"[""大圣"", ""大胜""]"
2,241,da4 shi2,2,"[""大时"", ""大石""]"
2,242,da4 si4,2,"[""大寺"", ""大肆""]"
2,243,da4 tang2,2,"[""大唐"", ""大堂""]"
2,244,da4 wei2,2,"[""大围"", ""大维""]"
2,245,da4 wei4,2,"[""大为"", ""大卫""]"
2,246,da4 xiang4,2,"[""大象"", ""大项""]"
2,247,da4 xiao4,2,"[""大校"", ""大笑""]"
2,248,da4 xiong2,2,"[""大熊"", ""大雄""]"
2,249,da4 yi4,2,"[""大义"", ""大意""]"
2,250,da4 you3,2,"[""大友"", ""大有""]"
2,251,da4 yu3,2,"[""大宇"", ""大雨""]"
2,252,da4 yuan2,2,"[""大元"", ""大员""]"
2,253,dai4 de,2,"[""代的"", ""带的""]"
2,254,dai4 er3,2,"[""代尔"", ""戴尔""]"
2,255,dai4 fu1,2,"[""代夫"", ""戴夫""]"
2,256,dai4 ru4,2,"[""代入"", ""带入""]"
2,257,dai4 shang4,2,"[""带上"", ""戴上""]"
2,258,dai4 wei2,2,"[""代为"", ""戴维""]"
2,259,dai4 zhe,2,"[""带着"", ""戴着""]"
2,260,dai4 zhu4,2,"[""带著"", ""戴著""]"
2,261,dan1 xiang4,2,"[""单向"", ""单项""]"
2,262,dan3,2,"[""掸"", ""胆""]"
2,263,dan4 chu1,2,"[""弹出"", ""淡出""]"
2,264,dan4 dao4,2,"[""但到"", ""弹道""]"
2,265,dan4 hua4,2,"[""氮化"", ""淡化""]"
2,266,dan4 ta1 men,2,"[""但他们"", ""但它们""]"
2,267,dan4 wei4,2,"[""但为"", ""但未""]"
2,268,dan4 yao4,2,"[""但要"", ""弹药""]"
2,269,dan4 yi3,2,"[""但以"", ""但已""]"
2,270,dang1 shi2 ta1,2,"[""当时他"", ""当时她""]"
2,271,dang1 ta1,2,"[""当他"", ""当她""]"
2,272,dang3,2,"[""党"", ""挡""]"
2,273,dang4 zuo4,2,"[""当作"", ""当做""]"
2,274,dao1,2,"[""刀"", ""氘""]"
2,275,dao3 shi4,2,"[""岛式"", ""岛是""]"
2,276,dao3 yu3,2,"[""岛与"", ""岛屿""]"
2,277,dao4 chang3,2,"[""到场"", ""道场""]"
2,278,dao4 de,2,"[""到的"", ""道的""]"
2,279,dao4 he2,2,"[""稻荷"", ""道和""]"
2,280,dao4 nan2,2,"[""到南"", ""道南""]"
2,281,dao4 shi4,2,"[""道士"", ""道试""]"
2,282,de,2,"[""de"", ""的""]"
2,283,de bu4 fen4,2,"[""的部份"", ""的部分""]"
2,284,de di4,2,"[""的地"", ""的第""]"
2,285,de di4 yi1 bu4,2,"[""的第一步"", ""的第一部""]"
2,286,de he2,2,"[""的和"", ""的核""]"
2,287,de ji1,2,"[""的基"", ""的机""]"
2,288,de ji4 lu4,2,"[""的纪录"", ""的记录""]"
2,289,de jia1,2,"[""的加"", ""的家""]"
2,290,de nan2,2,"[""的南"", ""的男""]"
2,291,de qian2,2,"[""的前"", ""的钱""]"
2,292,de quan2 li4,2,"[""的权利"", ""的权力""]"
2,293,de shen1 fen4,2,"[""的身份"", ""的身分""]"
2,294,de shi4,2,"[""的事"", ""的是""]"
2,295,de shou3,2,"[""的手"", ""的首""]"
2,296,de wu2,2,"[""的吴"", ""的无""]"
2,297,de xin1,2,"[""的心"", ""的新""]"
2,298,de yi1,2,"[""的一"", ""的伊""]"
2,299,de yi1 bu4 fen4,2,"[""的一部份"", ""的一部分""]"
2,300,de yi1 fu2,2,"[""的一幅"", ""的衣服""]"
2,301,de yi1 ke1,2,"[""的一科"", ""的一颗""]"
2,302,de yi4,2,"[""的义"", ""的异""]"
2,303,de yuan2,2,"[""的原"", ""的圆""]"
2,304,de zi4,2,"[""的字"", ""的自""]"
2,305,de2 de,2,"[""得的"", ""德的""]"
2,306,de2 ke4,2,"[""得克"", ""德克""]"
2,307,de2 ke4 sa4 si1 zhou1,2,"[""得克萨斯州"", ""德克萨斯州""]"
2,308,de2 la1,2,"[""得拉"", ""德拉""]"
2,309,de2 lan2,2,"[""得兰"", ""德兰""]"
2,310,de2 li3 ya4,2,"[""得里亚"", ""德里亚""]"
2,311,de2 li4,2,"[""得利"", ""德利""]"
2,312,de2 lin2,2,"[""德林"", ""德琳""]"
2,313,de2 ming2,2,"[""得名"", ""德明""]"
2,314,de2 sheng4,2,"[""得胜"", ""德胜""]"
2,315,de2 wei2,2,"[""德维"", ""德韦""]"
2,316,de2 xi1,2,"[""得悉"", ""德西""]"
2,317,de2 yi3,2,"[""得以"", ""德乙""]"
2,318,de2 yi4,2,"[""得意"", ""得益""]"
2,319,deng1,2,"[""灯"", ""登""]"
2,320,deng1 ji1,2,"[""登基"", ""登机""]"
2,321,deng1 lu4,2,"[""登录"", ""登陆""]"
2,322,deng3 wei4,2,"[""等为"", ""等位""]"
2,323,deng3 xiao4,2,"[""等效"", ""等校""]"
2,324,di2 ao4,2,"[""狄奥"", ""迪奥""]"
2,325,di2 ka3,2,"[""狄卡"", ""迪卡""]"
2,326,di2 ke4,2,"[""狄克"", ""迪克""]"
2,327,di2 shi4,2,"[""敌视"", ""迪士""]"
2,328,di3 zhi4,2,"[""底质"", ""抵制""]"
2,329,di4 de,2,"[""地的"", ""蒂的""]"
2,330,di4 ji1,2,"[""地基"", ""帝姬""]"
2,331,di4 li3,2,"[""地理"", ""地里""]"
2,332,di4 na4,2,"[""地那"", ""蒂娜""]"
2,333,di4 qi2,2,"[""第奇"", ""蒂奇""]"
2,334,di4 shang4,2,"[""地上"", ""蒂尚""]"
2,335,di4 si1,2,"[""第斯"", ""蒂斯""]"
2,336,di4 ya4,2,"[""地亚"", ""蒂亚""]"
2,337,di4 yi1 bu4,2,"[""第一步"", ""第一部""]"
2,338,di4 yi1 ji2,2,"[""第一级"", ""第一集""]"
2,339,di4 yu4,2,"[""地域"", ""地狱""]"
2,340,dian4 chang3,2,"[""电厂"", ""电场""]"
2,341,dian4 gong1,2,"[""电工"", ""电弓""]"
2,342,dian4 nei4,2,"[""店内"", ""殿内""]"
2,343,dian4 pu4,2,"[""店舖"", ""店铺""]"
2,344,dian4 qi4,2,"[""电器"", ""电气""]"
2,345,dian4 shi4,2,"[""殿试"", ""电视""]"
2,346,dian4 yuan2,2,"[""店员"", ""电源""]"
2,347,die1,2,"[""爹"", ""跌""]"
2,348,ding3,2,"[""顶"", ""鼎""]"
2,349,ding4 wei4,2,"[""定为"", ""定位""]"
2,350,dong1 cun1,2,"[""东村"", ""东邨""]"
2,351,dong1 ji2,2,"[""东及"", ""东急""]"
2,352,dong1 jie1,2,"[""东接"", ""东街""]"
2,353,dong1 jin4,2,"[""东晋"", ""东进""]"
2,354,dong1 jing1,2,"[""东京"", ""东经""]"
2,355,dong1 shi4,2,"[""东势"", ""东市""]"
2,356,dong1 xian4,2,"[""东县"", ""东线""]"
2,357,dong1 yang2,2,"[""东洋"", ""东阳""]"
2,358,dong1 zhi4,2,"[""东至"", ""冬至""]"
2,359,dong3,2,"[""懂"", ""董""]"
2,360,dou1,2,"[""兜"", ""都""]"
2,361,dou1 yi3,2,"[""都以"", ""都已""]"
2,362,dou3,2,"[""抖"", ""陡""]"
2,363,du4 guo4,2,"[""度过"", ""渡过""]"
2,364,du4 he2,2,"[""度和"", ""渡河""]"
2,365,du4 xian4,2,"[""度线"", ""渡线""]"
2,366,dui4 qi2,2,"[""对其"", ""对齐""]"
2,367,dui4 ta1,2,"[""对他"", ""对她""]"
2,368,dui4 ta1 de,2,"[""对他的"", ""对她的""]"
2,369,dui4 xiang4,2,"[""对向"", ""对象""]"
2,370,dui4 ying4,2,"[""对应"", ""对映""]"
2,371,duo1 fu2,2,"[""多佛"", ""多福""]"
2,372,duo1 ming2,2,"[""多名"", ""多明""]"
2,373,duo1 wei4,2,"[""多为"", ""多位""]"
2,374,duo1 yu2,2,"[""多于"", ""多余""]"
2,375,duo2,2,"[""夺"", ""铎""]"
2,376,e2 lei1,2,"[""俄勒"", ""额勒""]"
2,377,e4 er3,2,"[""厄尔"", ""鄂尔""]"
2,378,er2,2,"[""儿"", ""而""]"
2,379,er2 ta1,2,"[""而他"", ""而她""]"
2,380,er2 tong2,2,"[""儿童"", ""而同""]"
2,381,er2 wei4,2,"[""而为"", ""而未""]"
2,382,er2 yi3,2,"[""而以"", ""而已""]"
2,383,er2 yi4,2,"[""而异"", ""而易""]"
2,384,er3 man4,2,"[""尔曼"", ""耳曼""]"
2,385,er4,2,"[""二"", ""贰""]"
2,386,er4 ji2,2,"[""二极"", ""二级""]"
2,387,er4 shi4,2,"[""二世"", ""二是""]"
2,388,er4 xian4,2,"[""二县"", ""二线""]"
2,389,fa1 dian4,2,"[""发店"", ""发电""]"
2,390,fa1 jue2,2,"[""发掘"", ""发觉""]"
2,391,fa1 sheng1,2,"[""发声"", ""发生""]"
2,392,fa1 yan2,2,"[""发炎"", ""发言""]"
2,393,fa3 li3,2,"[""法理"", ""法里""]"
2,394,fa3 li4,2,"[""法例"", ""法利""]"
2,395,fa3 shi4,2,"[""法式"", ""法是""]"
2,396,fa3 yu3,2,"[""法与"", ""法语""]"
2,397,fa3 zhi4,2,"[""法制"", ""法治""]"
2,398,fan3,2,"[""反"", ""返""]"
2,399,fan3 ying4,2,"[""反应"", ""反映""]"
2,400,fang1 wei4,2,"[""方为"", ""方位""]"
2,401,fei1 li4 pu3,2,"[""菲利普"", ""菲利浦""]"
2,402,fei1 yi4,2,"[""非裔"", ""非议""]"
2,403,fei1 yue4,2,"[""飞越"", ""飞跃""]"
2,404,fei2,2,"[""肥"", ""腓""]"
2,405,fei4 qi4,2,"[""废弃"", ""废气""]"
2,406,fen1 bu4,2,"[""分布"", ""分部""]"
2,407,fen1 guan3,2,"[""分管"", ""分馆""]"
2,408,fen1 qi2,2,"[""分歧"", ""芬奇""]"
2,409,fen1 she4,2,"[""分社"", ""分设""]"
2,410,fen1 shou3,2,"[""分守"", ""分手""]"
2,411,fen1 wei2,2,"[""分为"", ""氛围""]"
2,412,feng1 hou4,2,"[""丰厚"", ""丰后""]"
2,413,feng1 wei4,2,"[""封为"", ""风味""]"
2,414,feng2,2,"[""冯"", ""逢""]"
2,415,feng4 xi4,2,"[""奉系"", ""缝隙""]"
2,416,fu2 de2,2,"[""佛得"", ""福德""]"
2,417,fu2 hua4,2,"[""幅画"", ""氟化""]"
2,418,fu2 jian4,2,"[""伏见"", ""福建""]"
2,419,fu2 lai2,2,"[""佛莱"", ""弗莱""]"
2,420,fu2 lan2,2,"[""佛兰"", ""弗兰""]"
2,421,fu2 lang3,2,"[""佛朗"", ""弗朗""]"
2,422,fu2 lei2,2,"[""弗雷"", ""福雷""]"
2,423,fu2 luo2,2,"[""佛罗"", ""弗罗""]"
2,424,fu2 shi4,2,"[""服侍"", ""服饰""]"
2,425,fu2 si1,2,"[""弗斯"", ""福斯""]"
2,426,fu2 te4,2,"[""伏特"", ""福特""]"
2,427,fu4 chu1,2,"[""付出"", ""复出""]"
2,428,fu4 jia1,2,"[""富家"", ""附加""]"
2,429,fu4 jian4,2,"[""复建"", ""附件""]"
2,430,fu4 kan1,2,"[""副刊"", ""复刊""]"
2,431,fu4 li4,2,"[""傅立"", ""富力""]"
2,432,fu4 mian4,2,"[""腹面"", ""负面""]"
2,433,fu4 nv3,2,"[""妇女"", ""父女""]"
2,434,fu4 ren2,2,"[""妇人"", ""富人""]"
2,435,fu4 shang1,2,"[""富商"", ""负伤""]"
2,436,fu4 shi4,2,"[""复式"", ""富士""]"
2,437,fu4 wei4,2,"[""复为"", ""复位""]"
2,438,fu4 yuan2,2,"[""复原"", ""复员""]"
2,439,fu4 zhi4,2,"[""复制"", ""复置""]"
2,440,ga1,2,"[""伽"", ""嘎""]"
2,441,ga1 ma3,2,"[""伽玛"", ""伽马""]"
2,442,gai1 chang3,2,"[""该厂"", ""该场""]"
2,443,gai1 qu1,2,"[""该区"", ""该曲""]"
2,444,gai1 xian4,2,"[""该县"", ""该线""]"
2,445,gai1 xing2,2,"[""该型"", ""该行""]"
2,446,gai3 zhi4,2,"[""改制"", ""改置""]"
2,447,gan3 dao4,2,"[""感到"", ""赶到""]"
2,448,gang3,2,"[""岗"", ""港""]"
2,449,gang3 qu1,2,"[""岗区"", ""港区""]"
2,450,gao1 jia4,2,"[""高价"", ""高架""]"
2,451,gao1 xiao4,2,"[""高效"", ""高校""]"
2,452,gao1 yang2,2,"[""高扬"", ""高阳""]"
2,453,gao4 su4 ta1,2,"[""告诉他"", ""告诉她""]"
2,454,ge1 er3,2,"[""哥尔"", ""戈尔""]"
2,455,ge1 ju4,2,"[""割据"", ""歌剧""]"
2,456,ge1 te4,2,"[""哥特"", ""戈特""]"
2,457,ge2 la1,2,"[""格拉"", ""葛拉""]"
2,458,ge2 lai2,2,"[""格莱"", ""葛莱""]"
2,459,ge2 lai2 mei3 jiang3,2,"[""格莱美奖"", ""葛莱美奖""]"
2,460,ge2 lan2,2,"[""格兰"", ""葛兰""]"
2,461,ge2 li4,2,"[""格利"", ""格力""]"
2,462,ge4 zhan4,2,"[""各占"", ""各站""]"
2,463,gei3 ta1,2,"[""给他"", ""给她""]"
2,464,gen1,2,"[""根"", ""跟""]"
2,465,geng3,2,"[""梗"", ""耿""]"
2,466,geng4 jia1,2,"[""更佳"", ""更加""]"
2,467,gong1 bu4,2,"[""公布"", ""工部""]"
2,468,gong1 chang3,2,"[""工厂"", ""工场""]"
2,469,gong1 dian4,2,"[""供电"", ""宫殿""]"
2,470,gong1 hui4,2,"[""公会"", ""工会""]"
2,471,gong1 ke4,2,"[""公克"", ""攻克""]"
2,472,gong1 li3,2,"[""公理"", ""公里""]"
2,473,gong1 li4,2,"[""公立"", ""功利""]"
2,474,gong1 miao4,2,"[""公庙"", ""宫庙""]"
2,475,gong1 si1,2,"[""公司"", ""公私""]"
2,476,gong1 wu4,2,"[""公务"", ""工务""]"
2,477,gong1 xue2,2,"[""公学"", ""工学""]"
2,478,gong1 ying4,2,"[""供应"", ""公映""]"
2,479,gong1 yuan2,2,"[""公元"", ""公园""]"
2,480,gong1 zuo4 shi4,2,"[""工作室"", ""工作是""]"
2,481,gong4,2,"[""共"", ""贡""]"
2,482,gong4 ji4,2,"[""共济"", ""共计""]"
2,483,gong4 sheng1,2,"[""共生"", ""贡生""]"
2,484,gong4 shi4,2,"[""共事"", ""贡士""]"
2,485,gong4 xian4,2,"[""共线"", ""贡献""]"
2,486,gou3,2,"[""狗"", ""苟""]"
2,487,gou4 jian4,2,"[""构件"", ""构建""]"
2,488,gu3 dao4,2,"[""古道"", ""股道""]"
2,489,gu3 jia4,2,"[""股价"", ""骨架""]"
2,490,gu3 wu4,2,"[""古物"", ""谷物""]"
2,491,gu4 ming2,2,"[""故名"", ""顾名""]"
2,492,gu4 you3,2,"[""固有"", ""故有""]"
2,493,gua1,2,"[""刮"", ""瓜""]"
2,494,gua4,2,"[""卦"", ""挂""]"
2,495,gua4 zai4,2,"[""挂在"", ""挂载""]"
2,496,guan1 de,2,"[""官的"", ""观的""]"
2,497,guan1 li4,2,"[""官吏"", ""官立""]"
2,498,guan1 lian2,2,"[""关联"", ""关连""]"
2,499,guan1 yuan2,2,"[""关原"", ""官员""]"
2,500,guan1 zhi4,2,"[""官制"", ""官至""]"
2,501,guan1 zhong1,2,"[""关中"", ""冠忠""]"
2,502,guan3 de,2,"[""管的"", ""馆的""]"
2,503,guan3 nei4,2,"[""管内"", ""馆内""]"
2,504,guan3 zhi4,2,"[""管制"", ""管治""]"
2,505,guang1,2,"[""光"", ""胱""]"
2,506,guang1 hua2,2,"[""光华"", ""光滑""]"
2,507,gui3 ji4,2,"[""诡计"", ""轨迹""]"
2,508,gun3,2,"[""滚"", ""衮""]"
2,509,guo1,2,"[""郭"", ""锅""]"
2,510,guo2,2,"[""国"", ""虢""]"
2,511,guo2 jun1,2,"[""国军"", ""国君""]"
2,512,guo2 li4,2,"[""国力"", ""国立""]"
2,513,guo2 shi4,2,"[""国事"", ""国式""]"
2,514,guo2 yu3,2,"[""国与"", ""国语""]"
2,515,guo4 du4,2,"[""过度"", ""过渡""]"
2,516,ha1,2,"[""哈"", ""铪""]"
2,517,hai2 wei4,2,"[""还为"", ""还未""]"
2,518,hai3 bao4,2,"[""海报"", ""海豹""]"
2,519,hai3 dao4,2,"[""海盗"", ""海道""]"
2,520,hai3 feng1,2,"[""海丰"", ""海峰""]"
2,521,hai3 lu4,2,"[""海路"", ""海陆""]"
2,522,han2 yi4,2,"[""含义"", ""涵义""]"
2,523,han3,2,"[""喊"", ""罕""]"
2,524,hang2,2,"[""杭"", ""航""]"
2,525,hang2 dao4,2,"[""航道"", ""行道""]"
2,526,hao3,2,"[""好"", ""郝""]"
2,527,hao3 shi4,2,"[""好事"", ""好市""]"
2,528,he2 ao4,2,"[""何奥"", ""和奥""]"
2,529,he2 ban4,2,"[""合办"", ""和半""]"
2,530,he2 bei3,2,"[""和北"", ""河北""]"
2,531,he2 bei4,2,"[""和被"", ""和贝""]"
2,532,he2 bu4,2,"[""和不"", ""和布""]"
2,533,he2 de,2,"[""和的"", ""河的""]"
2,534,he2 deng3,2,"[""和等"", ""河等""]"
2,535,he2 dong1,2,"[""和东"", ""河东""]"
2,536,he2 he2,2,"[""合和"", ""河和""]"
2,537,he2 hong2,2,"[""何鸿"", ""和红""]"
2,538,he2 ji4,2,"[""合计"", ""和记""]"
2,539,he2 jin1,2,"[""合金"", ""和金""]"
2,540,he2 li4,2,"[""合力"", ""和利""]"
2,541,he2 ma3,2,"[""和马"", ""荷马""]"
2,542,he2 nan2,2,"[""和南"", ""河南""]"
2,543,he2 nei4,2,"[""和内"", ""河内""]"
2,544,he2 qi2 ta1,2,"[""和其他"", ""和其它""]"
2,545,he2 shui3,2,"[""和水"", ""河水""]"
2,546,he2 si4,2,"[""和四"", ""核四""]"
2,547,he2 ta1,2,"[""和他"", ""和她""]"
2,548,he2 ta1 de,2,"[""和他的"", ""和她的""]"
2,549,he2 tong2,2,"[""合同"", ""和铜""]"
2,550,he2 wu2,2,"[""和吴"", ""和无""]"
2,551,he2 wu3,2,"[""和五"", ""核武""]"
2,552,he2 xian4,2,"[""和县"", ""河县""]"
2,553,he2 xiang1,2,"[""合相"", ""河乡""]"
2,554,he2 xin1,2,"[""和新"", ""核心""]"
2,555,he2 yi3,2,"[""何以"", ""和以""]"
2,556,he2 yi4,2,"[""合议"", ""和议""]"
2,557,he2 yu3,2,"[""和与"", ""河与""]"
2,558,he2 yuan2,2,"[""和原"", ""河源""]"
2,559,he2 yue1,2,"[""合约"", ""和约""]"
2,560,he2 zhang3,2,"[""和长"", ""河长""]"
2,561,he2 zhong1,2,"[""和中"", ""河中""]"
2,562,hen3,2,"[""很"", ""狠""]"
2,563,heng2 liang2,2,"[""横梁"", ""衡量""]"
2,564,heng2 shan1,2,"[""横山"", ""衡山""]"
2,565,hong2 dou1 la1 si1,2,"[""宏都拉斯"", ""洪都拉斯""]"
2,566,hong2 jun1,2,"[""红军"", ""鸿钧""]"
2,567,hou4 bei4,2,"[""后备"", ""后被""]"
2,568,hou4 de,2,"[""厚的"", ""后的""]"
2,569,hou4 qin2,2,"[""后勤"", ""后秦""]"
2,570,hou4 wei4,2,"[""后为"", ""后卫""]"
2,571,hou4 yi4,2,"[""后亦"", ""后裔""]"
2,572,hou4 zai4,2,"[""后再"", ""后在""]"
2,573,hou4 zhi4,2,"[""后置"", ""后至""]"
2,574,hu2 shi4,2,"[""胡氏"", ""胡适""]"
2,575,hu4 bu4,2,"[""互不"", ""户部""]"
2,576,hu4 hang2,2,"[""护航"", ""沪杭""]"
2,577,hu4 ji2,2,"[""户籍"", ""护级""]"
2,578,hua1,2,"[""哗"", ""花""]"
2,579,hua1 xu4,2,"[""花序"", ""花絮""]"
2,580,hua2 shi4,2,"[""华氏"", ""华视""]"
2,581,hua4 chu1,2,"[""划出"", ""画出""]"
2,582,hua4 wei4,2,"[""划为"", ""化为""]"
2,583,hua4 yu3,2,"[""化与"", ""话语""]"
2,584,huan4 cheng2,2,"[""换乘"", ""换成""]"
2,585,huan4 shang4,2,"[""患上"", ""换上""]"
2,586,huang1,2,"[""慌"", ""荒""]"
2,587,huang2 chao2,2,"[""皇朝"", ""黄巢""]"
2,588,huang2 di4,2,"[""皇帝"", ""黄帝""]"
2,589,huang2 jia1,2,"[""皇家"", ""黄家""]"
2,590,huang2 shi4,2,"[""皇室"", ""黄氏""]"
2,591,huang2 tong2,2,"[""黄酮"", ""黄铜""]"
2,592,hui2,2,"[""回"", ""洄""]"
2,593,hui2 he2,2,"[""回合"", ""回纥""]"
2,594,hui2 sheng1,2,"[""回升"", ""回声""]"
2,595,hui3,2,"[""悔"", ""毁""]"
2,596,hui4 hua4,2,"[""会话"", ""绘画""]"
2,597,hui4 ru4,2,"[""汇入"", ""绘入""]"
2,598,hui4 you3,2,"[""会有"", ""绘有""]"
2,599,hun1,2,"[""婚"", ""昏""]"
2,600,hun2,2,"[""浑"", ""魂""]"
2,601,huo3,2,"[""伙"", ""火""]"
2,602,huo3 pao4,2,"[""火炮"", ""火砲""]"
2,603,huo4 li4,2,"[""获利"", ""霍利""]"
2,604,huo4 qi2,2,"[""或其"", ""霍奇""]"
2,605,huo4 qi2 ta1,2,"[""或其他"", ""或其它""]"
2,606,huo4 shi4,2,"[""或是"", ""获释""]"
2,607,huo4 yi4,2,"[""或译"", ""获益""]"
2,608,ji1 de,2,"[""基的"", ""机的""]"
2,609,ji1 dong4,2,"[""机动"", ""激动""]"
2,610,ji1 fa1,2,"[""击发"", ""激发""]"
2,611,ji1 jian4,2,"[""击剑"", ""基建""]"
2,612,ji1 li3,2,"[""基里"", ""机理""]"
2,613,ji1 li4,2,"[""基利"", ""激励""]"
2,614,ji1 long2,2,"[""基隆"", ""鸡笼""]"
2,615,ji1 rou4,2,"[""肌肉"", ""鸡肉""]"
2,616,ji1 shen1,2,"[""机身"", ""跻身""]"
2,617,ji1 si1,2,"[""基斯"", ""姬丝""]"
2,618,ji1 xing2,2,"[""机型"", ""畸形""]"
2,619,ji2 da4,2,"[""及大"", ""极大""]"
2,620,ji2 di4,2,"[""及第"", ""极地""]"
2,621,ji2 du4,2,"[""嫉妒"", ""极度""]"
2,622,ji2 gao1,2,"[""及高"", ""极高""]"
2,623,ji2 he2,2,"[""级和"", ""集合""]"
2,624,ji2 ju4,2,"[""急剧"", ""极具""]"
2,625,ji2 li3,2,"[""及李"", ""吉里""]"
2,626,ji2 li4,2,"[""吉利"", ""极力""]"
2,627,ji2 qi2,2,"[""及其"", ""极其""]"
2,628,ji2 qi2 ta1,2,"[""及其他"", ""及其它""]"
2,629,ji2 quan2,2,"[""极权"", ""集权""]"
2,630,ji2 shu4,2,"[""级数"", ""集数""]"
2,631,ji2 si1,2,"[""吉思"", ""吉斯""]"
2,632,ji2 su4,2,"[""急速"", ""极速""]"
2,633,ji2 wei4,2,"[""即为"", ""即位""]"
2,634,ji2 xiao3,2,"[""及小"", ""极小""]"
2,635,ji2 yi3,2,"[""即以"", ""及以""]"
2,636,ji2 you3,2,"[""即有"", ""及有""]"
2,637,ji2 yu2,2,"[""及于"", ""急于""]"
2,638,ji2 yu3,2,"[""及与"", ""集雨""]"
2,639,ji2 zai4,2,"[""即在"", ""及在""]"
2,640,ji2 zhong1,2,"[""及中"", ""集中""]"
2,641,ji2 zhu4,2,"[""脊柱"", ""藉著""]"
2,642,ji3 yu3,2,"[""给与"", ""给予""]"
2,643,ji4 cheng2,2,"[""继承"", ""计程""]"
2,644,ji4 fa3,2,"[""技法"", ""记法""]"
2,645,ji4 hou4,2,"[""季候"", ""季后""]"
2,646,ji4 liang4,2,"[""剂量"", ""计量""]"
2,647,ji4 lu4,2,"[""纪录"", ""记录""]"
2,648,ji4 lu4 de,2,"[""纪录的"", ""记录的""]"
2,649,ji4 mo4,2,"[""季末"", ""寂寞""]"
2,650,ji4 nian4,2,"[""纪念"", ""记念""]"
2,651,ji4 shi2,2,"[""纪实"", ""计时""]"
2,652,ji4 wei3,2,"[""纪委"", ""计委""]"
2,653,ji4 wei4,2,"[""继位"", ""记为""]"
2,654,ji4 yi4,2,"[""技艺"", ""记忆""]"
2,655,ji4 you3,2,"[""既有"", ""计有""]"
2,656,ji4 zhou1,2,"[""冀州"", ""济州""]"
2,657,jia1 de,2,"[""加的"", ""家的""]"
2,658,jia1 he2,2,"[""嘉禾"", ""家和""]"
2,659,jia1 jing4,2,"[""嘉靖"", ""家境""]"
2,660,jia1 ju4,2,"[""加剧"", ""家具""]"
2,661,jia1 lai2,2,"[""加来"", ""加莱""]"
2,662,jia1 lei1,2,"[""加勒"", ""迦勒""]"
2,663,jia1 li4,2,"[""佳丽"", ""加利""]"
2,664,jia1 ren2,2,"[""佳人"", ""家人""]"
2,665,jia1 tai4,2,"[""加泰"", ""迦太""]"
2,666,jia1 zai4,2,"[""加载"", ""家在""]"
2,667,jia1 zhang3,2,"[""加长"", ""家长""]"
2,668,jia1 zhuang1,2,"[""加装"", ""家庄""]"
2,669,jian1 gu4,2,"[""兼顾"", ""坚固""]"
2,670,jian1 guan3,2,"[""兼管"", ""监管""]"
2,671,jian1 ju4,2,"[""兼具"", ""间距""]"
2,672,jian1 ren4,2,"[""兼任"", ""坚韧""]"
2,673,jian1 shi4,2,"[""监事"", ""监视""]"
2,674,jian1 you3,2,"[""兼有"", ""间有""]"
2,675,jian3 cha2,2,"[""检察"", ""检查""]"
2,676,jian3 piao4 kou3,2,"[""剪票口"", ""检票口""]"
2,677,jian3 yi4,2,"[""检疫"", ""简易""]"
2,678,jian4 cheng2,2,"[""建城"", ""建成""]"
2,679,jian4 kang1,2,"[""健康"", ""建康""]"
2,680,jian4 qiao2,2,"[""剑桥"", ""舰桥""]"
2,681,jian4 shi4,2,"[""件事"", ""建市""]"
2,682,jian4 shu4,2,"[""剑术"", ""建树""]"
2,683,jian4 yan2,2,"[""建炎"", ""建言""]"
2,684,jian4 zai4,2,"[""建在"", ""舰载""]"
2,685,jian4 zhi4,2,"[""建制"", ""建置""]"
2,686,jiang1 ling2,2,"[""江凌"", ""江陵""]"
2,687,jiang1 qi2,2,"[""将其"", ""将棋""]"
2,688,jiang1 shi4,2,"[""将是"", ""江市""]"
2,689,jiang1 ta1 men,2,"[""将他们"", ""将它们""]"
2,690,jiang1 you2,2,"[""将由"", ""江油""]"
2,691,jiang1 yuan2,2,"[""将原"", ""江原""]"
2,692,jiang1 zhe4,2,"[""将这"", ""江浙""]"
2,693,jiao1 dian3,2,"[""交点"", ""焦点""]"
2,694,jiao1 hui4,2,"[""交会"", ""交汇""]"
2,695,jiao3 bu4,2,"[""脚步"", ""脚部""]"
2,696,jiao4 hui4,2,"[""教会"", ""教诲""]"
2,697,jiao4 shi4,2,"[""教士"", ""教室""]"
2,698,jiao4 yi4,2,"[""教义"", ""较易""]"
2,699,jiao4 yu4,2,"[""教育"", ""教谕""]"
2,700,jie1 dao4,2,"[""接到"", ""街道""]"
2,701,jie1 de,2,"[""街的"", ""阶的""]"
2,702,jie1 he2,2,"[""接合"", ""街和""]"
2,703,jie1 ji2,2,"[""街及"", ""阶级""]"
2,704,jie1 kou3,2,"[""接口"", ""街口""]"
2,705,jie1 zai4,2,"[""接载"", ""皆在""]"
2,706,jie2 cheng2,2,"[""结城"", ""结成""]"
2,707,jie2 er3,2,"[""捷尔"", ""杰尔""]"
2,708,jie2 he2,2,"[""结合"", ""结核""]"
2,709,jie2 jie2,2,"[""结节"", ""节节""]"
2,710,jie2 ke4,2,"[""捷克"", ""杰克""]"
2,711,jie2 shi2,2,"[""结石"", ""结识""]"
2,712,jie3,2,"[""姐"", ""解""]"
2,713,jie3 du2,2,"[""解毒"", ""解读""]"
2,714,jie4 mian4,2,"[""介面"", ""界面""]"
2,715,jie4 shi2,2,"[""介石"", ""届时""]"
2,716,jie4 xian4,2,"[""界线"", ""界限""]"
2,717,jin1 chuan1,2,"[""今川"", ""金川""]"
2,718,jin1 jun1,2,"[""巾军"", ""金军""]"
2,719,jin1 ri4,2,"[""今日"", ""金日""]"
2,720,jin1 shi4,2,"[""津市"", ""金氏""]"
2,721,jin1 shu3,2,"[""今属"", ""金属""]"
2,722,jin1 si1,2,"[""金丝"", ""金斯""]"
2,723,jin1 ying1,2,"[""金莺"", ""金鹰""]"
2,724,jin3 jin3,2,"[""仅仅"", ""紧紧""]"
2,725,jin4 feng1,2,"[""晋封"", ""进封""]"
2,726,jin4 hui4,2,"[""浸会"", ""进会""]"
2,727,jin4 ji1,2,"[""近畿"", ""进击""]"
2,728,jin4 jiang1,2,"[""晋江"", ""近江""]"
2,729,jin4 lai2,2,"[""近来"", ""进来""]"
2,730,jin4 shen1,2,"[""晋身"", ""进深""]"
2,731,jin4 wei4,2,"[""近卫"", ""进位""]"
2,732,jin4 zhan4,2,"[""进占"", ""进站""]"
2,733,jing1 cheng2,2,"[""京城"", ""京成""]"
2,734,jing1 du4,2,"[""精度"", ""经度""]"
2,735,jing1 ji4,2,"[""经济"", ""经纪""]"
2,736,jing1 li4,2,"[""精力"", ""经历""]"
2,737,jing1 xi4,2,"[""晶系"", ""精细""]"
2,738,jing1 ying1,2,"[""精英"", ""菁英""]"
2,739,jing1 you2,2,"[""精油"", ""经由""]"
2,740,jing1 yu2,2,"[""精于"", ""鲸鱼""]"
2,741,jing3 guan1,2,"[""景观"", ""警官""]"
2,742,jing3 shi4,2,"[""警示"", ""警视""]"
2,743,jing4 xiang4,2,"[""径向"", ""镜像""]"
2,744,jiu3 ba1,2,"[""九巴"", ""酒吧""]"
2,745,jiu4 yi3,2,"[""就以"", ""就已""]"
2,746,jiu4 you3,2,"[""就有"", ""旧有""]"
2,747,jiu4 zhi4,2,"[""救治"", ""旧制""]"
2,748,ju1 liu2,2,"[""居留"", ""拘留""]"
2,749,ju3 xing2,2,"[""举行"", ""矩形""]"
2,750,ju4 ji2,2,"[""剧集"", ""聚集""]"
2,751,ju4 ti3,2,"[""具体"", ""聚体""]"
2,752,jue2 ji4,2,"[""绝技"", ""绝迹""]"
2,753,jue2 yi4,2,"[""决意"", ""决议""]"
2,754,jun1 bei4,2,"[""军备"", ""均被""]"
2,755,jun1 de,2,"[""军的"", ""菌的""]"
2,756,jun1 gong1,2,"[""军功"", ""军工""]"
2,757,jun1 shu3,2,"[""均属"", ""菌属""]"
2,758,jun1 wei4,2,"[""均为"", ""均未""]"
2,759,jun1 xu1,2,"[""军需"", ""均需""]"
2,760,jun1 yi3,2,"[""均以"", ""均已""]"
2,761,jun1 yu3,2,"[""军与"", ""均与""]"
2,762,jun1 zai4,2,"[""军在"", ""均在""]"
2,763,jun4 gong1,2,"[""竣工"", ""郡公""]"
2,764,jun4 he2,2,"[""郡和"", ""骏河""]"
2,765,ka1,2,"[""咖"", ""喀""]"
2,766,ka3 he2,2,"[""卡和"", ""卡河""]"
2,767,kai1 cheng2,2,"[""开城"", ""开成""]"
2,768,kai1 ji1,2,"[""开基"", ""开机""]"
2,769,kai1 yuan2,2,"[""开元"", ""开源""]"
2,770,kai3 li4,2,"[""凯利"", ""凯莉""]"
2,771,kan4 zuo4,2,"[""看作"", ""看做""]"
2,772,kang4,2,"[""亢"", ""抗""]"
2,773,kang4 yi4,2,"[""抗疫"", ""抗议""]"
2,774,kao4,2,"[""铐"", ""靠""]"
2,775,ke1 er3,2,"[""柯尔"", ""科尔""]"
2,776,ke1 li4,2,"[""柯立"", ""颗粒""]"
2,777,ke1 lin2,2,"[""柯林"", ""科林""]"
2,778,ke1 lin2 si1,2,"[""柯林斯"", ""科林斯""]"
2,779,ke1 xi1,2,"[""柯西"", ""科西""]"
2,780,ke2,2,"[""咳"", ""壳""]"
2,781,ke3,2,"[""可"", ""渴""]"
2,782,ke3 shi4,2,"[""可是"", ""可视""]"
2,783,ke3 wang4,2,"[""可望"", ""渴望""]"
2,784,ke3 wei4,2,"[""可为"", ""可谓""]"
2,785,ke4 ben3,2,"[""刻本"", ""课本""]"
2,786,ke4 fu2,2,"[""克服"", ""客服""]"
2,787,ke4 lun2,2,"[""克伦"", ""客轮""]"
2,788,ke4 shi4,2,"[""客室"", ""课室""]"
2,789,keng1,2,"[""坑"", ""铿""]"
2,790,kong3,2,"[""孔"", ""恐""]"
2,791,kuang1,2,"[""匡"", ""框""]"
2,792,kuang2,2,"[""狂"", ""𫛭""]"
2,793,la,2,"[""la"", ""啦""]"
2,794,la1 he2,2,"[""拉和"", ""拉河""]"
2,795,la1 la1,2,"[""拉拉"", ""菈菈""]"
2,796,la1 ma3,2,"[""拉玛"", ""拉马""]"
2,797,lai2 de,2,"[""来得"", ""来的""]"
2,798,lai2 yin1,2,"[""莱因"", ""莱茵""]"
2,799,lan4,2,"[""滥"", ""烂""]"
2,800,lang2 zhong1,2,"[""郎中"", ""阆中""]"
2,801,lang3,2,"[""塱"", ""朗""]"
2,802,lao2,2,"[""劳"", ""牢""]"
2,803,le,2,"[""le"", ""了""]"
2,804,le ta1,2,"[""了他"", ""了她""]"
2,805,le ta1 de,2,"[""了他的"", ""了她的""]"
2,806,le yi1 zhi1,2,"[""了一只"", ""了一支""]"
2,807,le1,2,"[""了1"", ""肋""]"
2,808,le4,2,"[""乐"", ""叻""]"
2,809,leng2,2,"[""棱"", ""楞""]"
2,810,li2 jia1,2,"[""离家"", ""黎加""]"
2,811,li3 cha2,2,"[""理察"", ""理查""]"
2,812,li3 da2,2,"[""李达"", ""里达""]"
2,813,li3 fu2,2,"[""礼服"", ""里弗""]"
2,814,li3 hui4,2,"[""李慧"", ""理会""]"
2,815,li3 ke1,2,"[""理科"", ""里科""]"
2,816,li3 ke4,2,"[""李克"", ""里克""]"
2,817,li3 mao4,2,"[""李茂"", ""礼貌""]"
2,818,li3 si1,2,"[""李斯"", ""里斯""]"
2,819,li3 xiang1,2,"[""里乡"", ""里香""]"
2,820,li3 xing4,2,"[""李姓"", ""理性""]"
2,821,li3 zhi4,2,"[""李志"", ""理智""]"
2,822,li4 ci2,2,"[""利茨"", ""励磁""]"
2,823,li4 fa3,2,"[""历法"", ""立法""]"
2,824,li4 he2,2,"[""利和"", ""力和""]"
2,825,li4 ti3,2,"[""立体"", ""粒体""]"
2,826,li4 xi1,2,"[""利希"", ""利息""]"
2,827,li4 yuan2,2,"[""沥源"", ""笠原""]"
2,828,li4 zhi4,2,"[""励志"", ""立志""]"
2,829,li4 zi,2,"[""例子"", ""粒子""]"
2,830,li4 zi1,2,"[""丽兹"", ""利兹""]"
2,831,lian2 bang1,2,"[""联帮"", ""联邦""]"
2,832,lian2 cheng2,2,"[""连城"", ""连成""]"
2,833,lian2 de,2,"[""联的"", ""连的""]"
2,834,lian2 dui4,2,"[""联队"", ""连队""]"
2,835,lian2 luo4,2,"[""联络"", ""连络""]"
2,836,lian2 shu3,2,"[""联署"", ""连署""]"
2,837,lian2 tong1,2,"[""联通"", ""连通""]"
2,838,lian2 tong2,2,"[""联同"", ""连同""]"
2,839,lian2 xi4,2,"[""联系"", ""连系""]"
2,840,liang3 xian4,2,"[""两县"", ""两线""]"
2,841,liang4 de,2,"[""亮的"", ""量的""]"
2,842,liao2 guo2,2,"[""寮国"", ""辽国""]"
2,843,liao4,2,"[""廖"", ""料""]"
2,844,lie4 shi4,2,"[""劣势"", ""烈士""]"
2,845,lin2 jin4,2,"[""临近"", ""邻近""]"
2,846,lin2 jin4 de,2,"[""临近的"", ""邻近的""]"
2,847,lin2 xia4,2,"[""临夏"", ""林下""]"
2,848,lin2 zhong1,2,"[""临终"", ""林中""]"
2,849,lin3,2,"[""凛"", ""廪""]"
2,850,ling2 mu4,2,"[""铃木"", ""陵墓""]"
2,851,ling2 shi2,2,"[""零时"", ""零食""]"
2,852,ling3,2,"[""岭"", ""领""]"
2,853,ling4 ta1,2,"[""令他"", ""令她""]"
2,854,liu2 dan4 pao4,2,"[""榴弹炮"", ""榴弹砲""]"
2,855,liu2 li2,2,"[""流离"", ""琉璃""]"
2,856,liu2 mei3,2,"[""刘美"", ""留美""]"
2,857,liu2 xing2,2,"[""流形"", ""流行""]"
2,858,liu2 yan2,2,"[""流言"", ""留言""]"
2,859,liu2 yu4,2,"[""刘裕"", ""流域""]"
2,860,long2 de2,2,"[""隆德"", ""龙德""]"
2,861,long2 tou2,2,"[""隆头"", ""龙头""]"
2,862,lu2 zhou1,2,"[""泸州"", ""芦洲""]"
2,863,lu4 de2,2,"[""录得"", ""路德""]"
2,864,lu4 ji1,2,"[""路基"", ""陆基""]"
2,865,lu4 jun1,2,"[""路军"", ""陆军""]"
2,866,lu4 shang4,2,"[""路上"", ""陆上""]"
2,867,lu4 si1,2,"[""路斯"", ""露丝""]"
2,868,lu4 xi1,2,"[""路西"", ""露西""]"
2,869,lu4 yi4 si1,2,"[""路易丝"", ""路易斯""]"
2,870,lu4 zhan4,2,"[""路站"", ""陆战""]"
2,871,lu4 zhi4,2,"[""录制"", ""路至""]"
2,872,luo2 de2,2,"[""罗得"", ""罗德""]"
2,873,luo2 la1,2,"[""罗拉"", ""萝拉""]"
2,874,luo2 xi1,2,"[""罗西"", ""萝西""]"
2,875,luo4 ji1,2,"[""洛基"", ""洛矶""]"
2,876,luo4 ma3,2,"[""洛马"", ""落马""]"
2,877,lv3 ke4,2,"[""吕克"", ""旅客""]"
2,878,lv3 xing2,2,"[""履行"", ""旅行""]"
2,879,lv4 hua4,2,"[""氯化"", ""绿化""]"
2,880,lve4,2,"[""掠"", ""略""]"
2,881,ma1,2,"[""妈"", ""嬷""]"
2,882,ma2,2,"[""蔴"", ""麻""]"
2,883,ma3 er3,2,"[""玛尔"", ""马尔""]"
2,884,ma3 er3 ta1,2,"[""马尔他"", ""马耳他""]"
2,885,ma3 ge2,2,"[""玛格"", ""马格""]"
2,886,ma3 jia1,2,"[""马加"", ""马家""]"
2,887,ma3 ke4 si1,2,"[""马克思"", ""马克斯""]"
2,888,ma3 la1,2,"[""玛拉"", ""马拉""]"
2,889,ma3 na4,2,"[""玛娜"", ""马纳""]"
2,890,ma3 shi4,2,"[""马士"", ""马氏""]"
2,891,ma3 si1,2,"[""玛斯"", ""马斯""]"
2,892,ma3 ti2,2,"[""马提"", ""马蹄""]"
2,893,ma3 tou2,2,"[""码头"", ""马头""]"
2,894,ma3 xi1,2,"[""玛希"", ""马西""]"
2,895,ma3 yi3,2,"[""蚂蚁"", ""马尾""]"
2,896,ma4,2,"[""犸"", ""骂""]"
2,897,mai2,2,"[""埋"", ""霾""]"
2,898,mai4 er3,2,"[""迈尔"", ""麦尔""]"
2,899,mai4 ke4,2,"[""迈克"", ""麦克""]"
2,900,man3 zhou1,2,"[""满州"", ""满洲""]"
2,901,man3 zu2,2,"[""满族"", ""满足""]"
2,902,mang3,2,"[""莽"", ""蟒""]"
2,903,me,2,"[""me"", ""么""]"
2,904,mei2 you3 zai4,2,"[""没有再"", ""没有在""]"
2,905,mei3 guo2 dui4,2,"[""美国对"", ""美国队""]"
2,906,mei3 ji2,2,"[""每集"", ""美籍""]"
2,907,mei3 li4,2,"[""美丽"", ""美利""]"
2,908,mei3 ling2,2,"[""美玲"", ""美龄""]"
2,909,mei3 ren2,2,"[""每人"", ""美人""]"
2,910,mei3 wei4,2,"[""每位"", ""美味""]"
2,911,mei3 yuan2,2,"[""美元"", ""美援""]"
2,912,mei3 zhou1,2,"[""每周"", ""美洲""]"
2,913,men,2,"[""men"", ""们""]"
2,914,meng4,2,"[""孟"", ""梦""]"
2,915,mi3 li4,2,"[""米利"", ""米莉""]"
2,916,mi4 feng1,2,"[""密封"", ""蜜蜂""]"
2,917,miao3,2,"[""秒"", ""藐""]"
2,918,miao4,2,"[""妙"", ""庙""]"
2,919,mie4,2,"[""灭"", ""蔑""]"
2,920,min2 fang2,2,"[""民房"", ""民防""]"
2,921,ming2 de,2,"[""名的"", ""明的""]"
2,922,ming2 shi4,2,"[""名士"", ""名是""]"
2,923,ming2 wen2,2,"[""明文"", ""铭文""]"
2,924,ming2 zhi4,2,"[""明智"", ""明治""]"
2,925,mo4 li3,2,"[""莫里"", ""默里""]"
2,926,mo4 luo4,2,"[""没落"", ""莫洛""]"
2,927,mo4 na4,2,"[""莫纳"", ""莫那""]"
2,928,mo4 ren4,2,"[""末任"", ""默认""]"
2,929,mo4 si1,2,"[""莫斯"", ""默斯""]"
2,930,mo4 te4,2,"[""莫特"", ""默特""]"
2,931,mu4 di4,2,"[""墓地"", ""目的""]"
2,932,mu4 guang1,2,"[""暮光"", ""目光""]"
2,933,mu4 ke4,2,"[""木刻"", ""穆克""]"
2,934,mu4 lan2,2,"[""木兰"", ""穆兰""]"
2,935,mu4 shi4,2,"[""墓室"", ""目视""]"
2,936,mu4 si1,2,"[""木斯"", ""穆斯""]"
2,937,na4 de,2,"[""娜的"", ""纳的""]"
2,938,na4 he2,2,"[""纳和"", ""纳河""]"
2,939,na4 si1,2,"[""纳斯"", ""那斯""]"
2,940,na4 wei4,2,"[""纳为"", ""那位""]"
2,941,nan2 dao4,2,"[""南道"", ""难道""]"
2,942,nan2 de2,2,"[""南德"", ""难得""]"
2,943,nan2 fang1,2,"[""南方"", ""男方""]"
2,944,nan2 jie1,2,"[""南接"", ""南街""]"
2,945,nan2 lin2,2,"[""南临"", ""南邻""]"
2,946,nan2 sheng1,2,"[""男声"", ""男生""]"
2,947,nan2 shi4,2,"[""南市"", ""男士""]"
2,948,nan2 xian4,2,"[""南县"", ""南线""]"
2,949,nan2 yang2,2,"[""南洋"", ""南阳""]"
2,950,nao4,2,"[""淖"", ""闹""]"
2,951,ne,2,"[""ne"", ""呢""]"
2,952,nei4 ce4,2,"[""内侧"", ""内测""]"
2,953,nei4 han2,2,"[""内含"", ""内涵""]"
2,954,nei4 he2,2,"[""内核"", ""内河""]"
2,955,nei4 yi1,2,"[""内伊"", ""内衣""]"
2,956,ni4 cheng1,2,"[""昵称"", ""暱称""]"
2,957,nian2 du4,2,"[""年度"", ""黏度""]"
2,958,nian2 qing1,2,"[""年轻"", ""年青""]"
2,959,nian2 tu3,2,"[""粘土"", ""黏土""]"
2,960,nian2 zhong1,2,"[""年中"", ""年终""]"
2,961,nian4,2,"[""廿"", ""念""]"
2,962,niao4,2,"[""尿"", ""脲""]"
2,963,ning2 shi4,2,"[""凝视"", ""宁市""]"
2,964,nu3,2,"[""努"", ""弩""]"
2,965,nv3 sheng1,2,"[""女声"", ""女生""]"
2,966,nve4,2,"[""疟"", ""虐""]"
2,967,pa2,2,"[""爬"", ""琶""]"
2,968,pa4,2,"[""帕"", ""怕""]"
2,969,pai2 wei4,2,"[""排位"", ""牌位""]"
2,970,pan1,2,"[""攀"", ""潘""]"
2,971,pang1,2,"[""乓"", ""滂""]"
2,972,pang2,2,"[""庞"", ""旁""]"
2,973,pao3 dao4,2,"[""跑到"", ""跑道""]"
2,974,pao4 bing1,2,"[""炮兵"", ""砲兵""]"
2,975,pao4 dan4,2,"[""炮弹"", ""砲弹""]"
2,976,pao4 ji1,2,"[""炮击"", ""砲击""]"
2,977,pao4 ta3,2,"[""炮塔"", ""砲塔""]"
2,978,pao4 tai2,2,"[""炮台"", ""砲台""]"
2,979,pei4 dai4,2,"[""佩戴"", ""配戴""]"
2,980,pei4 jian4,2,"[""佩剑"", ""配件""]"
2,981,pi3,2,"[""匹"", ""癖""]"
2,982,pian4,2,"[""片"", ""骗""]"
2,983,piao2,2,"[""嫖"", ""瓢""]"
2,984,piao4,2,"[""嘌"", ""票""]"
2,985,ping2 cheng2,2,"[""平城"", ""平成""]"
2,986,ping2 ding4,2,"[""平定"", ""评定""]"
2,987,ping2 fen1,2,"[""平分"", ""评分""]"
2,988,ping2 jia4,2,"[""平价"", ""评价""]"
2,989,ping2 xi1,2,"[""平息"", ""平西""]"
2,990,po2,2,"[""婆"", ""鄱""]"
2,991,pu1,2,"[""仆"", ""扑""]"
2,992,pu1 she4,2,"[""仆射"", ""铺设""]"
2,993,pu3 li3,2,"[""埔里"", ""普里""]"
2,994,pu3 su4,2,"[""普速"", ""朴素""]"
2,995,pu3 xian4,2,"[""浦县"", ""谱线""]"
2,996,qi1 wei4,2,"[""七位"", ""期为""]"
2,997,qi2 bing1,2,"[""奇兵"", ""骑兵""]"
2,998,qi2 di4,2,"[""其地"", ""其弟""]"
2,999,qi2 fu4,2,"[""其父"", ""岐阜""]"
2,1000,qi2 lin2,2,"[""其林"", ""麒麟""]"
2,1001,qi2 ming2,2,"[""其名"", ""齐名""]"
2,1002,qi2 mu3,2,"[""其母"", ""齐姆""]"
2,1003,qi2 shi2,2,"[""其实"", ""其时""]"
2,1004,qi2 shou3,2,"[""旗手"", ""棋手""]"
2,1005,qi2 ta1,2,"[""其他"", ""其它""]"
2,1006,qi2 ta1 de,2,"[""其他的"", ""其它的""]"
2,1007,qi2 wei4,2,"[""其为"", ""骑尉""]"
2,1008,qi2 xia4,2,"[""其下"", ""旗下""]"
2,1009,qi2 zi,2,"[""其子"", ""棋子""]"
2,1010,qi3 dong4,2,"[""启动"", ""起动""]"
2,1011,qi3 fu2,2,"[""乞伏"", ""起伏""]"
2,1012,qi3 hua4,2,"[""企划"", ""企画""]"
2,1013,qi3 ming2,2,"[""启明"", ""起名""]"
2,1014,qi3 shi4,2,"[""启示"", ""起事""]"
2,1015,qi3 yong4,2,"[""启用"", ""起用""]"
2,1016,qi4 de,2,"[""器的"", ""气的""]"
2,1017,qi4 gang1,2,"[""气缸"", ""汽缸""]"
2,1018,qi4 he2,2,"[""器和"", ""契合""]"
2,1019,qi4 zhi4,2,"[""弃置"", ""气质""]"
2,1020,qian1 ding4,2,"[""签定"", ""签订""]"
2,1021,qian1 ming2,2,"[""千名"", ""签名""]"
2,1022,qian1 ru4,2,"[""签入"", ""迁入""]"
2,1023,qian1 xi3,2,"[""千禧"", ""迁徙""]"
2,1024,qian1 zhi4,2,"[""牵制"", ""迁至""]"
2,1025,qian2 bei4,2,"[""前被"", ""前辈""]"
2,1026,qian2 li4,2,"[""前例"", ""潜力""]"
2,1027,qian2 qi1,2,"[""前妻"", ""前期""]"
2,1028,qian2 wei4,2,"[""前为"", ""前卫""]"
2,1029,qian2 zai4,2,"[""前在"", ""潜在""]"
2,1030,qiang1 ji1,2,"[""枪击"", ""枪机""]"
2,1031,qiang1 zhi1,2,"[""枪支"", ""枪枝""]"
2,1032,qiang3,2,"[""抢"", ""羟""]"
2,1033,qin1 he2,2,"[""亲和"", ""亲核""]"
2,1034,qing1 hua4,2,"[""氢化"", ""清化""]"
2,1035,qing3,2,"[""请"", ""顷""]"
2,1036,qing4,2,"[""庆"", ""罄""]"
2,1037,qiu2 he2,2,"[""求和"", ""球和""]"
2,1038,qiu2 yuan2,2,"[""求援"", ""球员""]"
2,1039,qu1 de,2,"[""区的"", ""曲的""]"
2,1040,qu1 ji2,2,"[""区及"", ""区级""]"
2,1041,qu1 shi4,2,"[""区是"", ""趋势""]"
2,1042,qu3,2,"[""取"", ""娶""]"
2,1043,qu3 le,2,"[""取了"", ""娶了""]"
2,1044,qu4,2,"[""去"", ""趣""]"
2,1045,quan2 cheng2,2,"[""全城"", ""全程""]"
2,1046,quan2 sheng4,2,"[""全盛"", ""全胜""]"
2,1047,quan2 yu4,2,"[""全域"", ""痊愈""]"
2,1048,quan2 zhou1,2,"[""全州"", ""泉州""]"
2,1049,quan4,2,"[""券"", ""劝""]"
2,1050,que1,2,"[""缺"", ""阙""]"
2,1051,qun2,2,"[""群"", ""裙""]"
2,1052,ran2 hou4 zai4,2,"[""然后再"", ""然后在""]"
2,1053,ran3,2,"[""冉"", ""染""]"
2,1054,rang3,2,"[""壤"", ""攘""]"
2,1055,rang4 ta1,2,"[""让他"", ""让她""]"
2,1056,rao2,2,"[""桡"", ""饶""]"
2,1057,rao4,2,"[""绕"", ""遶""]"
2,1058,rao4 jing4,2,"[""绕境"", ""遶境""]"
2,1059,ren2 dui4,2,"[""人对"", ""人队""]"
2,1060,ren2 he2,2,"[""人和"", ""仁和""]"
2,1061,ren2 sheng1,2,"[""人声"", ""人生""]"
2,1062,ren2 shou4,2,"[""人寿"", ""仁寿""]"
2,1063,ren2 xing2,2,"[""人形"", ""人行""]"
2,1064,ren3,2,"[""忍"", ""稔""]"
2,1065,reng2 wei4,2,"[""仍为"", ""仍未""]"
2,1066,ri4 jian4,2,"[""日渐"", ""日舰""]"
2,1067,ri4 jun1,2,"[""日军"", ""日均""]"
2,1068,ri4 li4,2,"[""日历"", ""日立""]"
2,1069,ri4 yuan2,2,"[""日元"", ""日圆""]"
2,1070,ri4 zhi4,2,"[""日志"", ""日治""]"
2,1071,rong2 hua4,2,"[""熔化"", ""融化""]"
2,1072,rou2,2,"[""揉"", ""柔""]"
2,1073,ru4 zhu4,2,"[""入住"", ""入驻""]"
2,1074,ruan3,2,"[""软"", ""阮""]"
2,1075,run4,2,"[""润"", ""闰""]"
2,1076,ruo4,2,"[""弱"", ""若""]"
2,1077,ruo4 shi4,2,"[""弱势"", ""若是""]"
2,1078,s de,2,"[""s de"", ""s的""]"
2,1079,sa4,2,"[""卅"", ""萨""]"
2,1080,sa4 fu2,2,"[""萨伏"", ""萨佛""]"
2,1081,sa4 mo4,2,"[""萨莫"", ""萨默""]"
2,1082,sai1,2,"[""塞"", ""鳃""]"
2,1083,sai1 pu3,2,"[""塞普"", ""塞浦""]"
2,1084,san1 he2,2,"[""三合"", ""三河""]"
2,1085,san1 ji2,2,"[""三级"", ""三集""]"
2,1086,san1 lian2,2,"[""三联"", ""三连""]"
2,1087,san1 ming2,2,"[""三名"", ""三明""]"
2,1088,san1 xian4,2,"[""三县"", ""三线""]"
2,1089,san1 yuan2,2,"[""三元"", ""三原""]"
2,1090,san1 yue4,2,"[""三月"", ""三越""]"
2,1091,san4 bu4,2,"[""散布"", ""散步""]"
2,1092,sang4 shi1,2,"[""丧失"", ""丧尸""]"
2,1093,sao3,2,"[""嫂"", ""扫""]"
2,1094,sha1 che1,2,"[""刹车"", ""煞车""]"
2,1095,sha1 la1,2,"[""沙拉"", ""莎拉""]"
2,1096,shan1 he2,2,"[""山和"", ""山河""]"
2,1097,shan1 ji2,2,"[""山及"", ""山脊""]"
2,1098,shan1 lu4,2,"[""山路"", ""山麓""]"
2,1099,shan1 xian4,2,"[""山县"", ""山线""]"
2,1100,shan1 yang2,2,"[""山羊"", ""山阳""]"
2,1101,shan3,2,"[""闪"", ""陕""]"
2,1102,shang1 pu4,2,"[""商舖"", ""商铺""]"
2,1103,shang1 shi4,2,"[""伤势"", ""商事""]"
2,1104,shang4,2,"[""上"", ""尚""]"
2,1105,shang4 jie4,2,"[""上届"", ""上界""]"
2,1106,shang4 ke4,2,"[""上刻"", ""上课""]"
2,1107,shang4 luo4,2,"[""上洛"", ""上落""]"
2,1108,shang4 shan1,2,"[""上山"", ""上杉""]"
2,1109,shang4 ye3,2,"[""上也"", ""上野""]"
2,1110,shang4 yi1,2,"[""上一"", ""上衣""]"
2,1111,shang4 you3,2,"[""上有"", ""尚有""]"
2,1112,shang4 zai4,2,"[""上载"", ""尚在""]"
2,1113,shao2,2,"[""勺"", ""韶""]"
2,1114,she1,2,"[""奢"", ""畲""]"
2,1115,she4 de,2,"[""社的"", ""设的""]"
2,1116,she4 ji4,2,"[""社稷"", ""设计""]"
2,1117,she4 xian4,2,"[""射线"", ""歙县""]"
2,1118,shen1 chu4,2,"[""深处"", ""身处""]"
2,1119,shen1 de,2,"[""深的"", ""身的""]"
2,1120,shen1 fen4,2,"[""身份"", ""身分""]"
2,1121,shen1 fen4 zheng4,2,"[""身份证"", ""身分证""]"
2,1122,shen1 hou4,2,"[""深厚"", ""身后""]"
2,1123,shen1 shi4,2,"[""绅士"", ""身世""]"
2,1124,shen2,2,"[""什"", ""神""]"
2,1125,shen2 gong1,2,"[""神功"", ""神宫""]"
2,1126,shen2 me,2,"[""什么"", ""甚么""]"
2,1127,shen2 qi2,2,"[""神奇"", ""神祇""]"
2,1128,shen3,2,"[""审"", ""沈""]"
2,1129,sheng1 dai4,2,"[""声带"", ""生代""]"
2,1130,sheng1 ming2,2,"[""声名"", ""声明""]"
2,1131,sheng1 mu3,2,"[""声母"", ""生母""]"
2,1132,sheng1 qi4,2,"[""声器"", ""生气""]"
2,1133,sheng1 xue2,2,"[""升学"", ""声学""]"
2,1134,sheng1 yu4,2,"[""声誉"", ""生育""]"
2,1135,sheng1 yuan2,2,"[""声援"", ""生员""]"
2,1136,sheng4 di4,2,"[""圣地"", ""胜地""]"
2,1137,sheng4 gong1,2,"[""圣公"", ""圣宫""]"
2,1138,sheng4 jie2,2,"[""圣洁"", ""圣节""]"
2,1139,sheng4 jing1,2,"[""圣经"", ""盛京""]"
2,1140,sheng4 yi1,2,"[""圣伊"", ""胜一""]"
2,1141,sheng4 yu2,2,"[""剩余"", ""胜于""]"
2,1142,shi1 di4,2,"[""失地"", ""湿地""]"
2,1143,shi1 fu4,2,"[""师傅"", ""师父""]"
2,1144,shi1 shi4,2,"[""失事"", ""失势""]"
2,1145,shi2 chang2,2,"[""时常"", ""时长""]"
2,1146,shi2 gao1,2,"[""石膏"", ""石高""]"
2,1147,shi2 jing4,2,"[""实境"", ""石敬""]"
2,1148,shi2 ke4,2,"[""时刻"", ""石刻""]"
2,1149,shi2 li4,2,"[""实例"", ""实力""]"
2,1150,shi2 ming2,2,"[""十名"", ""实名""]"
2,1151,shi2 nian2,2,"[""十年"", ""时年""]"
2,1152,shi2 qi1,2,"[""十七"", ""时期""]"
2,1153,shi2 qi4,2,"[""石器"", ""石砌""]"
2,1154,shi2 shi1,2,"[""实施"", ""石狮""]"
2,1155,shi2 shu3,2,"[""实属"", ""时属""]"
2,1156,shi2 shu4,2,"[""实数"", ""时数""]"
2,1157,shi2 si4,2,"[""十四"", ""食肆""]"
2,1158,shi2 wei4,2,"[""实为"", ""时为""]"
2,1159,shi2 xiang4,2,"[""时向"", ""石像""]"
2,1160,shi2 yi3,2,"[""时以"", ""时已""]"
2,1161,shi2 yong4 de,2,"[""实用的"", ""食用的""]"
2,1162,shi2 you2,2,"[""时由"", ""石油""]"
2,1163,shi2 yu2,2,"[""十余"", ""时于""]"
2,1164,shi2 yuan2,2,"[""石原"", ""石垣""]"
2,1165,shi2 zai4,2,"[""实在"", ""时在""]"
2,1166,shi2 ze2,2,"[""实则"", ""时则""]"
2,1167,shi2 zhi4,2,"[""实质"", ""石质""]"
2,1168,shi2 zhong1,2,"[""时中"", ""时钟""]"
2,1169,shi2 zi4,2,"[""十字"", ""识字""]"
2,1170,shi3 guan3,2,"[""使馆"", ""史馆""]"
2,1171,shi3 ji4,2,"[""史记"", ""史迹""]"
2,1172,shi4 cong2,2,"[""侍从"", ""是从""]"
2,1173,shi4 dong1,2,"[""士东"", ""是东""]"
2,1174,shi4 fei1,2,"[""是非"", ""试飞""]"
2,1175,shi4 gu4,2,"[""事故"", ""是故""]"
2,1176,shi4 jie4,2,"[""世界"", ""视界""]"
2,1177,shi4 jing4,2,"[""视镜"", ""试镜""]"
2,1178,shi4 nan2,2,"[""市南"", ""是南""]"
2,1179,shi4 nei4,2,"[""室内"", ""市内""]"
2,1180,shi4 qian2,2,"[""事前"", ""是前""]"
2,1181,shi4 shang4,2,"[""世上"", ""是上""]"
2,1182,shi4 she4,2,"[""市社"", ""试射""]"
2,1183,shi4 shi2,2,"[""事实"", ""适时""]"
2,1184,shi4 shui3,2,"[""式水"", ""是水""]"
2,1185,shi4 ta1,2,"[""是他"", ""是她""]"
2,1186,shi4 ta1 de,2,"[""是他的"", ""是她的""]"
2,1187,shi4 tu2,2,"[""仕途"", ""试图""]"
2,1188,shi4 wen2,2,"[""世文"", ""谥文""]"
2,1189,shi4 wu4,2,"[""事务"", ""事物""]"
2,1190,shi4 wu4 de,2,"[""事务的"", ""事物的""]"
2,1191,shi4 xian4,2,"[""市县"", ""视线""]"
2,1192,shi4 xiang4,2,"[""事项"", ""是向""]"
2,1193,shi4 xun4,2,"[""视讯"", ""试训""]"
2,1194,shi4 yi1 zhi1,2,"[""是一只"", ""是一支""]"
2,1195,shi4 yi2,2,"[""事宜"", ""适宜""]"
2,1196,shi4 yi4,2,"[""示意"", ""释义""]"
2,1197,shi4 yi4 da4 li4,2,"[""是义大利"", ""是意大利""]"
2,1198,shi4 yin1,2,"[""世音"", ""是因""]"
2,1199,shi4 yong4 yu2,2,"[""是用于"", ""适用于""]"
2,1200,shi4 you3,2,"[""室友"", ""是有""]"
2,1201,shi4 yu2,2,"[""仕于"", ""是于""]"
2,1202,shi4 yu3,2,"[""市与"", ""是与""]"
2,1203,shi4 yuan2,2,"[""士元"", ""是原""]"
2,1204,shi4 zai4,2,"[""是在"", ""氏在""]"
2,1205,shi4 zhang3,2,"[""市长"", ""是长""]"
2,1206,shi4 zi,2,"[""世子"", ""式子""]"
2,1207,shou3 bu4,2,"[""手部"", ""首部""]"
2,1208,shou3 ji2,2,"[""首级"", ""首集""]"
2,1209,shou3 li3,2,"[""手里"", ""首里""]"
2,1210,shou3 shi4,2,"[""手势"", ""首饰""]"
2,1211,shou3 wei4,2,"[""守卫"", ""首位""]"
2,1212,shou3 zhang3,2,"[""手掌"", ""首长""]"
2,1213,shou4 guan1,2,"[""寿官"", ""授官""]"
2,1214,shou4 hui4,2,"[""受惠"", ""受贿""]"
2,1215,shou4 ming4,2,"[""受命"", ""寿命""]"
2,1216,shou4 ren2,2,"[""兽人"", ""受人""]"
2,1217,shou4 yi4,2,"[""受益"", ""授意""]"
2,1218,shu1 ji4,2,"[""书纪"", ""书记""]"
2,1219,shu1 shi4,2,"[""梳士"", ""舒适""]"
2,1220,shu3 ming2,2,"[""属名"", ""署名""]"
2,1221,shu4 de,2,"[""数的"", ""树的""]"
2,1222,shu4 he2,2,"[""数和"", ""树和""]"
2,1223,shu4 li4,2,"[""树立"", ""竖立""]"
2,1224,shu4 mu4,2,"[""数目"", ""树木""]"
2,1225,shu4 wei4,2,"[""数为"", ""数位""]"
2,1226,shu4 zhi1,2,"[""树枝"", ""树脂""]"
2,1227,shu4 zhong3,2,"[""数种"", ""树种""]"
2,1228,shuai1,2,"[""摔"", ""衰""]"
2,1229,shui3 dao4,2,"[""水稻"", ""水道""]"
2,1230,shui3 he2,2,"[""水和"", ""水河""]"
2,1231,shui3 jing3,2,"[""水井"", ""水警""]"
2,1232,shui3 li4,2,"[""水利"", ""水力""]"
2,1233,shui3 lu4,2,"[""水路"", ""水陆""]"
2,1234,shui3 xian4,2,"[""水县"", ""水线""]"
2,1235,shui3 xiang1,2,"[""水乡"", ""水箱""]"
2,1236,shui4,2,"[""睡"", ""税""]"
2,1237,shuo1 dao4,2,"[""说到"", ""说道""]"
2,1238,shuo1 ta1,2,"[""说他"", ""说她""]"
2,1239,si1 de,2,"[""丝的"", ""斯的""]"
2,1240,si1 ji1,2,"[""司机"", ""斯基""]"
2,1241,si1 li3,2,"[""思礼"", ""斯里""]"
2,1242,si1 li4,2,"[""斯利"", ""私立""]"
2,1243,si1 nuo4 ke4,2,"[""司诺克"", ""斯诺克""]"
2,1244,si1 tong1,2,"[""斯通"", ""私通""]"
2,1245,si1 tu2,2,"[""司徒"", ""斯图""]"
2,1246,si1 yi4,2,"[""思义"", ""思议""]"
2,1247,si4 cheng2,2,"[""四成"", ""寺丞""]"
2,1248,si4 qing1,2,"[""四氢"", ""寺卿""]"
2,1249,si4 wei4,2,"[""嗣位"", ""四位""]"
2,1250,sou1,2,"[""搜"", ""艘""]"
2,1251,su4 she4,2,"[""宿舍"", ""速射""]"
2,1252,su4 shi2,2,"[""素食"", ""速食""]"
2,1253,suan4,2,"[""算"", ""蒜""]"
2,1254,sui1,2,"[""睢"", ""虽""]"
2,1255,sui1 wei4,2,"[""虽为"", ""虽未""]"
2,1256,sui4 shi2,2,"[""岁时"", ""碎石""]"
2,1257,sun1,2,"[""孙"", ""荪""]"
2,1258,suo3 de,2,"[""所得"", ""所的""]"
2,1259,suo3 fei1,2,"[""索菲"", ""索非""]"
2,1260,suo3 jian4,2,"[""所建"", ""所见""]"
2,1261,suo3 luo2 men2,2,"[""所罗门"", ""索罗门""]"
2,1262,suo3 wei4,2,"[""所为"", ""所谓""]"
2,1263,suo3 zai4,2,"[""所在"", ""所载""]"
2,1264,suo3 zuo4,2,"[""所作"", ""所做""]"
2,1265,suo3 zuo4 de,2,"[""所作的"", ""所做的""]"
2,1266,ta1 biao3 shi4,2,"[""他表示"", ""她表示""]"
2,1267,ta1 ceng2,2,"[""他曾"", ""她曾""]"
2,1268,ta1 ceng2 dai4 biao3,2,"[""他曾代表"", ""她曾代表""]"
2,1269,ta1 ceng2 zai4,2,"[""他曾在"", ""她曾在""]"
2,1270,ta1 cong2,2,"[""他从"", ""她从""]"
2,1271,ta1 dai4 biao3,2,"[""他代表"", ""她代表""]"
2,1272,ta1 de fu4 qin1,2,"[""他的父亲"", ""她的父亲""]"
2,1273,ta1 de ming2 zi4,2,"[""他的名字"", ""她的名字""]"
2,1274,ta1 de mu3 qin1,2,"[""他的母亲"", ""她的母亲""]"
2,1275,ta1 de zuo4 pin3,2,"[""他的作品"", ""她的作品""]"
2,1276,ta1 jue2 ding4,2,"[""他决定"", ""她决定""]"
2,1277,ta1 kai1 shi3,2,"[""他开始"", ""她开始""]"
2,1278,ta1 ke3 yi3,2,"[""他可以"", ""它可以""]"
2,1279,ta1 men bei4,2,"[""他们被"", ""它们被""]"
2,1280,ta1 men hui4,2,"[""他们会"", ""它们会""]"
2,1281,ta1 men zai4,2,"[""他们在"", ""它们在""]"
2,1282,ta1 neng2,2,"[""他能"", ""它能""]"
2,1283,ta1 ren4 wei2,2,"[""他认为"", ""她认为""]"
2,1284,ta1 shi4 yi2 ge4,2,"[""他是一个"", ""它是一个""]"
2,1285,ta1 shuo1,2,"[""他说"", ""她说""]"
2,1286,ta1 suo3,2,"[""他所"", ""她所""]"
2,1287,ta1 yi4,2,"[""他亦"", ""她亦""]"
2,1288,ta1 yin1,2,"[""他因"", ""她因""]"
2,1289,ta1 you3,2,"[""他有"", ""它有""]"
2,1290,ta1 you4,2,"[""他又"", ""她又""]"
2,1291,ta1 zhi3,2,"[""他只"", ""他指""]"
2,1292,ta1 zi4 ji3,2,"[""他自己"", ""她自己""]"
2,1293,ta1 zuo4 wei2,2,"[""他作为"", ""她作为""]"
2,1294,ta3 na4,2,"[""塔纳"", ""塔那""]"
2,1295,tai2 ji2,2,"[""台吉"", ""台籍""]"
2,1296,tai4 an1,2,"[""太安"", ""泰安""]"
2,1297,tai4 shi3,2,"[""太史"", ""泰始""]"
2,1298,tang1,2,"[""汤"", ""羰""]"
2,1299,tang4,2,"[""烫"", ""趟""]"
2,1300,te4,2,"[""忒"", ""特""]"
2,1301,te4 bie2 shi4,2,"[""特别市"", ""特别是""]"
2,1302,te4 dian3,2,"[""特典"", ""特点""]"
2,1303,te4 gong1,2,"[""特工"", ""特攻""]"
2,1304,te4 yi4,2,"[""特异"", ""特意""]"
2,1305,te4 zhi4,2,"[""特制"", ""特质""]"
2,1306,ti2 hu2,2,"[""醍醐"", ""鹈鹕""]"
2,1307,ti2 ming2,2,"[""提名"", ""题名""]"
2,1308,ti3 xing2,2,"[""体型"", ""体形""]"
2,1309,ti3 zhi4,2,"[""体制"", ""体质""]"
2,1310,tian1,2,"[""天"", ""添""]"
2,1311,tian1 bao3,2,"[""天保"", ""天宝""]"
2,1312,tian1 cheng2,2,"[""天城"", ""天成""]"
2,1313,tian1 he2,2,"[""天和"", ""天河""]"
2,1314,tian1 you4,2,"[""天佑"", ""天祐""]"
2,1315,tian2 yuan2,2,"[""田原"", ""田园""]"
2,1316,tiao2 wen2,2,"[""条文"", ""条纹""]"
2,1317,tiao4,2,"[""眺"", ""跳""]"
2,1318,ting1 de,2,"[""厅的"", ""町的""]"
2,1319,ting2 zhan4,2,"[""停战"", ""停站""]"
2,1320,ting3,2,"[""挺"", ""艇""]"
2,1321,tong1 hua4,2,"[""通化"", ""通话""]"
2,1322,tong2 guan1,2,"[""潼关"", ""铜官""]"
2,1323,tong2 hua4,2,"[""同化"", ""童话""]"
2,1324,tong2 nian2,2,"[""同年"", ""童年""]"
2,1325,tong2 ren2,2,"[""同人"", ""同仁""]"
2,1326,tong2 shi4,2,"[""同事"", ""同是""]"
2,1327,tong2 yu2,2,"[""同于"", ""同余""]"
2,1328,tong2 zhi4,2,"[""同志"", ""同治""]"
2,1329,tong3 shuai4,2,"[""统帅"", ""统率""]"
2,1330,tong3 zhi4,2,"[""统制"", ""统治""]"
2,1331,tou2 cheng2,2,"[""头城"", ""投诚""]"
2,1332,tou2 xiang4,2,"[""头像"", ""投向""]"
2,1333,tu1 chu1,2,"[""凸出"", ""突出""]"
2,1334,tu1 qi3,2,"[""凸起"", ""突起""]"
2,1335,tu1 xian3,2,"[""凸显"", ""突显""]"
2,1336,tu2 shang4,2,"[""图上"", ""涂上""]"
2,1337,tu2 xing2,2,"[""图形"", ""徒刑""]"
2,1338,tu2 zhong1,2,"[""图中"", ""途中""]"
2,1339,tuan2 yuan2,2,"[""团员"", ""团圆""]"
2,1340,tuo1 la1,2,"[""托拉"", ""拖拉""]"
2,1341,tuo1 luo4,2,"[""托洛"", ""脱落""]"
2,1342,tuo2 luo2,2,"[""陀罗"", ""陀螺""]"
2,1343,tuo3,2,"[""妥"", ""椭""]"
2,1344,tuo4,2,"[""唾"", ""拓""]"
2,1345,wa,2,"[""wa"", ""哇""]"
2,1346,wa3,2,"[""佤"", ""瓦""]"
2,1347,wa3 na4,2,"[""瓦纳"", ""瓦那""]"
2,1348,wai4 jie4,2,"[""外借"", ""外界""]"
2,1349,wai4 mao4,2,"[""外貌"", ""外贸""]"
2,1350,wai4 xing2,2,"[""外型"", ""外形""]"
2,1351,wai4 yuan2,2,"[""外援"", ""外缘""]"
2,1352,wan1 qu1,2,"[""弯曲"", ""湾区""]"
2,1353,wang2,2,"[""亡"", ""王""]"
2,1354,wang2 fei1,2,"[""王妃"", ""王菲""]"
2,1355,wang2 gong1,2,"[""王公"", ""王宫""]"
2,1356,wang2 ling2,2,"[""亡灵"", ""王陵""]"
2,1357,wang3 shang4,2,"[""往上"", ""网上""]"
2,1358,wei1 ji2,2,"[""危及"", ""危急""]"
2,1359,wei1 lian2 si1,2,"[""威廉丝"", ""威廉斯""]"
2,1360,wei1 xin4,2,"[""威信"", ""微信""]"
2,1361,wei2 de2,2,"[""维德"", ""韦德""]"
2,1362,wei2 er3,2,"[""维尔"", ""韦尔""]"
2,1363,wei2 ke4,2,"[""维克"", ""韦克""]"
2,1364,wei2 la1,2,"[""维拉"", ""韦拉""]"
2,1365,wei2 li4,2,"[""维利"", ""韦利""]"
2,1366,wei2 na4,2,"[""维纳"", ""维那""]"
2,1367,wei2 qi2,2,"[""围棋"", ""维奇""]"
2,1368,wei2 sheng1,2,"[""为生"", ""维生""]"
2,1369,wei2 si1,2,"[""维斯"", ""韦斯""]"
2,1370,wei2 si1 te4,2,"[""维斯特"", ""韦斯特""]"
2,1371,wei2 te4,2,"[""维特"", ""韦特""]"
2,1372,wei2 ya4,2,"[""维亚"", ""维娅""]"
2,1373,wei2 yi1,2,"[""唯一"", ""惟一""]"
2,1374,wei4 cheng2,2,"[""卫城"", ""未成""]"
2,1375,wei4 de,2,"[""位的"", ""味的""]"
2,1376,wei4 jun1,2,"[""卫军"", ""魏军""]"
2,1377,wei4 li3,2,"[""为李"", ""卫理""]"
2,1378,wei4 mian3,2,"[""为免"", ""卫冕""]"
2,1379,wei4 sheng1,2,"[""卫生"", ""衞生""]"
2,1380,wei4 shi2,2,"[""为食"", ""喂食""]"
2,1381,wei4 shi4,2,"[""卫士"", ""卫视""]"
2,1382,wei4 shu4,2,"[""位数"", ""卫戍""]"
2,1383,wei4 si1,2,"[""卫斯"", ""魏斯""]"
2,1384,wei4 ta1,2,"[""为他"", ""为她""]"
2,1385,wei4 you3,2,"[""为有"", ""未有""]"
2,1386,wei4 yuan2,2,"[""为原"", ""位元""]"
2,1387,wei4 zai4,2,"[""为在"", ""位在""]"
2,1388,wen1,2,"[""温"", ""瘟""]"
2,1389,wen2 li3,2,"[""文理"", ""纹理""]"
2,1390,wen2 ming2,2,"[""文明"", ""闻名""]"
2,1391,wen2 ming2 de,2,"[""文明的"", ""闻名的""]"
2,1392,wen2 shu1,2,"[""文书"", ""文殊""]"
2,1393,wen2 zhang1,2,"[""文章"", ""纹章""]"
2,1394,wen3 bu4,2,"[""吻部"", ""稳步""]"
2,1395,wen4,2,"[""汶"", ""问""]"
2,1396,weng1,2,"[""翁"", ""鹟""]"
2,1397,wo4 si1,2,"[""沃思"", ""沃斯""]"
2,1398,wu1 si1,2,"[""乌思"", ""乌斯""]"
2,1399,wu2 chang2,2,"[""无偿"", ""无常""]"
2,1400,wu2 fa3 zai4,2,"[""无法再"", ""无法在""]"
2,1401,wu2 gong1,2,"[""无功"", ""蜈蚣""]"
2,1402,wu2 jun4,2,"[""吴俊"", ""吴郡""]"
2,1403,wu2 li3,2,"[""无理"", ""无礼""]"
2,1404,wu2 ming2,2,"[""无名"", ""无明""]"
2,1405,wu2 shuang1,2,"[""无双"", ""无霜""]"
2,1406,wu2 yi4,2,"[""无异"", ""无意""]"
2,1407,wu3 bu4,2,"[""五部"", ""舞步""]"
2,1408,wu3 dao3,2,"[""五岛"", ""舞蹈""]"
2,1409,wu3 de2,2,"[""伍德"", ""武德""]"
2,1410,wu3 ji2,2,"[""五级"", ""武吉""]"
2,1411,wu3 jian1,2,"[""五间"", ""午间""]"
2,1412,wu3 shi4,2,"[""五世"", ""武士""]"
2,1413,wu3 zhou1,2,"[""五州"", ""武周""]"
2,1414,xi1 an1,2,"[""西安"", ""锡安""]"
2,1415,xi1 ao4,2,"[""西奥"", ""西澳""]"
2,1416,xi1 cun1,2,"[""溪村"", ""西村""]"
2,1417,xi1 de,2,"[""溪的"", ""西的""]"
2,1418,xi1 de2,2,"[""希德"", ""西德""]"
2,1419,xi1 fu1,2,"[""希夫"", ""西夫""]"
2,1420,xi1 he2,2,"[""西和"", ""西河""]"
2,1421,xi1 jie1,2,"[""西接"", ""西街""]"
2,1422,xi1 jin1,2,"[""奚斤"", ""锡金""]"
2,1423,xi1 jin4,2,"[""西晋"", ""西进""]"
2,1424,xi1 jing1,2,"[""西京"", ""西经""]"
2,1425,xi1 kou3,2,"[""溪口"", ""西口""]"
2,1426,xi1 la1,2,"[""希拉"", ""西拉""]"
2,1427,xi1 lan2,2,"[""西兰"", ""锡兰""]"
2,1428,xi1 meng2,2,"[""希盟"", ""西蒙""]"
2,1429,xi1 mu3,2,"[""希姆"", ""西姆""]"
2,1430,xi1 ning2,2,"[""熙宁"", ""西宁""]"
2,1431,xi1 shan1,2,"[""西山"", ""锡山""]"
2,1432,xi1 si1,2,"[""希斯"", ""西斯""]"
2,1433,xi1 te4,2,"[""希特"", ""西特""]"
2,1434,xi1 xiang1,2,"[""溪乡"", ""西乡""]"
2,1435,xi1 yu3,2,"[""溪与"", ""西与""]"
2,1436,xi1 yuan2,2,"[""西元"", ""西园""]"
2,1437,xi1 zhi4,2,"[""析置"", ""西至""]"
2,1438,xia4 ling4,2,"[""下令"", ""夏令""]"
2,1439,xia4 shi4,2,"[""下士"", ""下式""]"
2,1440,xia4 wei4,2,"[""下为"", ""下位""]"
2,1441,xia4 xian4,2,"[""下线"", ""下限""]"
2,1442,xia4 zai4,2,"[""下在"", ""下载""]"
2,1443,xian4 de,2,"[""县的"", ""线的""]"
2,1444,xian4 he2,2,"[""县和"", ""线和""]"
2,1445,xian4 ming2,2,"[""县名"", ""现名""]"
2,1446,xian4 nei4,2,"[""县内"", ""线内""]"
2,1447,xian4 ren2,2,"[""县人"", ""线人""]"
2,1448,xian4 shang4,2,"[""献上"", ""线上""]"
2,1449,xian4 shi2 de,2,"[""现实的"", ""现时的""]"
2,1450,xian4 shu3,2,"[""县属"", ""现属""]"
2,1451,xian4 xing2,2,"[""现行"", ""线形""]"
2,1452,xian4 yu2,2,"[""限于"", ""陷于""]"
2,1453,xian4 yu3,2,"[""县与"", ""线与""]"
2,1454,xian4 zai4,2,"[""现在"", ""线在""]"
2,1455,xiang1 chang2,2,"[""乡长"", ""香肠""]"
2,1456,xiang1 jian4,2,"[""相见"", ""相间""]"
2,1457,xiang1 jiao1,2,"[""相交"", ""香蕉""]"
2,1458,xiang1 shi4,2,"[""乡事"", ""乡试""]"
2,1459,xiang2 fu2,2,"[""祥符"", ""降伏""]"
2,1460,xiang3 shou4,2,"[""享受"", ""享寿""]"
2,1461,xiang3 xiang4,2,"[""想像"", ""想象""]"
2,1462,xiang4 qi2,2,"[""向其"", ""象棋""]"
2,1463,xiang4 ta1,2,"[""向他"", ""向她""]"
2,1464,xiao1 yao2,2,"[""萧遥"", ""逍遥""]"
2,1465,xiao3 ming2,2,"[""小名"", ""小明""]"
2,1466,xiao3 shi2 hou4,2,"[""小时候"", ""小时后""]"
2,1467,xiao3 xiang4,2,"[""小巷"", ""小项""]"
2,1468,xie2 tong2,2,"[""偕同"", ""协同""]"
2,1469,xie3 dao4,2,"[""写到"", ""写道""]"
2,1470,xie4 lou4,2,"[""泄漏"", ""泄露""]"
2,1471,xin1 de,2,"[""心的"", ""新的""]"
2,1472,xin1 ji1,2,"[""心肌"", ""辛基""]"
2,1473,xin1 li3,2,"[""心理"", ""心里""]"
2,1474,xin1 qu1,2,"[""新区"", ""新曲""]"
2,1475,xin1 she4,2,"[""新社"", ""新设""]"
2,1476,xin1 shi4,2,"[""新世"", ""新式""]"
2,1477,xin1 xian4,2,"[""新县"", ""新线""]"
2,1478,xin1 xing1,2,"[""新兴"", ""新星""]"
2,1479,xin1 yi4,2,"[""心意"", ""新义""]"
2,1480,xin1 zhi4,2,"[""心智"", ""新制""]"
2,1481,xin4,2,"[""信"", ""衅""]"
2,1482,xing1 jian4,2,"[""兴建"", ""星舰""]"
2,1483,xing1 xing1,2,"[""星星"", ""猩猩""]"
2,1484,xing2 che1,2,"[""型车"", ""行车""]"
2,1485,xing2 cheng2,2,"[""形成"", ""行程""]"
2,1486,xing2 shi3,2,"[""行使"", ""行驶""]"
2,1487,xing2 tai4,2,"[""型态"", ""形态""]"
2,1488,xing2 zhi4,2,"[""形制"", ""行至""]"
2,1489,xiong2,2,"[""熊"", ""雄""]"
2,1490,xiu1 lian4,2,"[""修炼"", ""修练""]"
2,1491,xiu1 qi4,2,"[""休憩"", ""修葺""]"
2,1492,xiu1 shi4,2,"[""修士"", ""修饰""]"
2,1493,xiu1 si1,2,"[""休斯"", ""修斯""]"
2,1494,xiu1 yang3,2,"[""休养"", ""修养""]"
2,1495,xiu1 zheng3,2,"[""休整"", ""修整""]"
2,1496,xu1 yao4,2,"[""需要"", ""须要""]"
2,1497,xu1 zai4,2,"[""需在"", ""须在""]"
2,1498,xu3,2,"[""栩"", ""许""]"
2,1499,xu4 mu4,2,"[""序幕"", ""畜牧""]"
2,1500,xu4 shu4,2,"[""叙述"", ""序数""]"
2,1501,xuan1 shi4,2,"[""宣示"", ""宣誓""]"
2,1502,xue2,2,"[""学"", ""穴""]"
2,1503,xue2 cheng2,2,"[""学成"", ""学程""]"
2,1504,xue2 yuan2,2,"[""学员"", ""学园""]"
2,1505,xue3,2,"[""雪"", ""鳕""]"
2,1506,xun2 hui2,2,"[""寻回"", ""巡回""]"
2,1507,ya,2,"[""ya"", ""呀""]"
2,1508,ya1 li4,2,"[""压力"", ""鸭脷""]"
2,1509,ya3,2,"[""哑"", ""雅""]"
2,1510,ya4 li4,2,"[""亚利"", ""亚历""]"
2,1511,ya4 na4,2,"[""亚纳"", ""亚那""]"
2,1512,ya4 shi4,2,"[""亚士"", ""亚视""]"
2,1513,ya4 tai4,2,"[""亚太"", ""亚泰""]"
2,1514,yan2 cheng2,2,"[""严惩"", ""盐埕""]"
2,1515,yan2 ge2,2,"[""严格"", ""沿革""]"
2,1516,yan2 jiang1,2,"[""岩浆"", ""沿江""]"
2,1517,yan2 xi2,2,"[""沿袭"", ""研习""]"
2,1518,yan2 zheng4,2,"[""严正"", ""炎症""]"
2,1519,yan2 zhi4,2,"[""延至"", ""研制""]"
2,1520,yan3 shi4,2,"[""掩饰"", ""演示""]"
2,1521,yang2 guang1,2,"[""杨光"", ""阳光""]"
2,1522,yang2 shi4,2,"[""杨氏"", ""阳市""]"
2,1523,yang2 zhou1,2,"[""扬州"", ""洋洲""]"
2,1524,yao4 dao4,2,"[""要到"", ""要道""]"
2,1525,yao4 yong4,2,"[""药用"", ""要用""]"
2,1526,ye1,2,"[""掖"", ""椰""]"
2,1527,ye2,2,"[""爷"", ""耶""]"
2,1528,ye3 jiao4,2,"[""也叫"", ""也较""]"
2,1529,ye3 shi4,2,"[""也是"", ""野市""]"
2,1530,ye3 wei4,2,"[""也为"", ""也未""]"
2,1531,ye3 yi3,2,"[""也以"", ""也已""]"
2,1532,ye4 de,2,"[""业的"", ""叶的""]"
2,1533,yi1 ben3,2,"[""一本"", ""伊本""]"
2,1534,yi1 bu4,2,"[""一步"", ""一部""]"
2,1535,yi1 bu4 fen4,2,"[""一部份"", ""一部分""]"
2,1536,yi1 ci4,2,"[""一次"", ""依次""]"
2,1537,yi1 dao4,2,"[""一到"", ""一道""]"
2,1538,yi1 dui4,2,"[""一对"", ""一队""]"
2,1539,yi1 fu1,2,"[""一夫"", ""伊夫""]"
2,1540,yi1 fu4,2,"[""一副"", ""依附""]"
2,1541,yi1 ge2,2,"[""一格"", ""伊格""]"
2,1542,yi1 ji2,2,"[""一级"", ""一集""]"
2,1543,yi1 jian4,2,"[""一件"", ""一见""]"
2,1544,yi1 ke1,2,"[""一颗"", ""医科""]"
2,1545,yi1 ke4,2,"[""一刻"", ""伊克""]"
2,1546,yi1 lai2,2,"[""一来"", ""伊莱""]"
2,1547,yi1 li4 sha1 bai2,2,"[""伊丽莎白"", ""伊莉莎白""]"
2,1548,yi1 qi1,2,"[""一妻"", ""一期""]"
2,1549,yi1 qu1,2,"[""一区"", ""一曲""]"
2,1550,yi1 shi1,2,"[""一师"", ""医师""]"
2,1551,yi1 shou3,2,"[""一手"", ""一首""]"
2,1552,yi1 si1,2,"[""伊斯"", ""依斯""]"
2,1553,yi1 wan4,2,"[""一万"", ""伊万""]"
2,1554,yi1 wei4,2,"[""一为"", ""一位""]"
2,1555,yi1 wu4,2,"[""医务"", ""衣物""]"
2,1556,yi1 xin1,2,"[""一心"", ""一新""]"
2,1557,yi1 yuan2,2,"[""一元"", ""一员""]"
2,1558,yi1 zhan4,2,"[""一战"", ""一站""]"
2,1559,yi1 zhi1,2,"[""一只"", ""一支""]"
2,1560,yi1 zhi4,2,"[""一至"", ""医治""]"
2,1561,yi1 zuo4,2,"[""一作"", ""一座""]"
2,1562,yi2 qi4,2,"[""仪器"", ""遗弃""]"
2,1563,yi2 shi1,2,"[""移师"", ""遗失""]"
2,1564,yi2 zhi4,2,"[""一致"", ""移至""]"
2,1565,yi3 bei4,2,"[""以备"", ""已被""]"
2,1566,yi3 bu4,2,"[""以不"", ""已不""]"
2,1567,yi3 da2 dao4,2,"[""以达到"", ""已达到""]"
2,1568,yi3 gong1,2,"[""以供"", ""以功""]"
2,1569,yi3 huo4 de2,2,"[""以获得"", ""已获得""]"
2,1570,yi3 ji2,2,"[""乙级"", ""以及""]"
2,1571,yi3 jiang1,2,"[""以将"", ""已将""]"
2,1572,yi3 jing1,2,"[""乙腈"", ""已经""]"
2,1573,yi3 shi4,2,"[""以示"", ""已是""]"
2,1574,yi3 wei4,2,"[""乙未"", ""已为""]"
2,1575,yi3 wu2,2,"[""以无"", ""已无""]"
2,1576,yi3 zai4,2,"[""以在"", ""已在""]"
2,1577,yi3 zhi4,2,"[""以至"", ""以致""]"
2,1578,yi4 cheng2,2,"[""议程"", ""译成""]"
2,1579,yi4 da4 li4,2,"[""义大利"", ""意大利""]"
2,1580,yi4 da4 li4 yu3,2,"[""义大利语"", ""意大利语""]"
2,1581,yi4 he2,2,"[""义和"", ""议和""]"
2,1582,yi4 hui4,2,"[""亦会"", ""议会""]"
2,1583,yi4 ji2,2,"[""亦即"", ""意即""]"
2,1584,yi4 ming2 wei4,2,"[""易名为"", ""艺名为""]"
2,1585,yi4 nian2,2,"[""亿年"", ""翌年""]"
2,1586,yi4 ri4 yuan2,2,"[""亿日元"", ""亿日圆""]"
2,1587,yi4 xian4,2,"[""义县"", ""邑县""]"
2,1588,yi4 xiang4,2,"[""意向"", ""意象""]"
2,1589,yi4 yi3,2,"[""亦以"", ""亦已""]"
2,1590,yi4 yi4,2,"[""异议"", ""意义""]"
2,1591,yi4 yu4,2,"[""意欲"", ""抑郁""]"
2,1592,yi4 yuan4,2,"[""意愿"", ""议院""]"
2,1593,yi4 zai4,2,"[""亦在"", ""意在""]"
2,1594,yi4 zuo4,2,"[""亦作"", ""译作""]"
2,1595,yin1 ci3 ta1,2,"[""因此他"", ""因此它""]"
2,1596,yin1 wei4,2,"[""因为"", ""音位""]"
2,1597,yin1 wei4 ta1 men,2,"[""因为他们"", ""因为它们""]"
2,1598,yin1 yuan2,2,"[""因缘"", ""音源""]"
2,1599,yin3 shui3,2,"[""引水"", ""饮水""]"
2,1600,yin3 yong4,2,"[""引用"", ""饮用""]"
2,1601,yin4,2,"[""印"", ""胤""]"
2,1602,yin4 di4,2,"[""印地"", ""印第""]"
2,1603,yin4 di4 an1,2,"[""印地安"", ""印第安""]"
2,1604,yin4 di4 an1 na4 zhou1,2,"[""印地安纳州"", ""印第安纳州""]"
2,1605,yin4 di4 an1 ren2,2,"[""印地安人"", ""印第安人""]"
2,1606,ying1 chi3,2,"[""英呎"", ""英尺""]"
2,1607,ying1 cun4,2,"[""英吋"", ""英寸""]"
2,1608,ying1 shi4,2,"[""应是"", ""英式""]"
2,1609,ying2 guang1,2,"[""荧光"", ""萤光""]"
2,1610,ying2 li4,2,"[""盈利"", ""营利""]"
2,1611,ying2 qu3,2,"[""赢取"", ""迎娶""]"
2,1612,ying4,2,"[""映"", ""硬""]"
2,1613,ying4 hua4,2,"[""映画"", ""硬化""]"
2,1614,ying4 ji2,2,"[""应急"", ""硬棘""]"
2,1615,you2 da4,2,"[""犹大"", ""由大""]"
2,1616,you2 ji4,2,"[""游记"", ""邮寄""]"
2,1617,you2 jin1,2,"[""尤金"", ""由金""]"
2,1618,you2 ka3,2,"[""尤卡"", ""由卡""]"
2,1619,you2 li3,2,"[""尤里"", ""由李""]"
2,1620,you2 li4,2,"[""尤利"", ""游历""]"
2,1621,you2 qi2,2,"[""尤其"", ""由其""]"
2,1622,you2 ta1,2,"[""犹他"", ""由他""]"
2,1623,you2 xi1,2,"[""游锡"", ""由西""]"
2,1624,you2 yu2,2,"[""由于"", ""鱿鱼""]"
2,1625,you2 zheng4,2,"[""由郑"", ""邮政""]"
2,1626,you3 li4,2,"[""有利"", ""有力""]"
2,1627,you3 li4 de,2,"[""有利的"", ""有力的""]"
2,1628,you3 ren2,2,"[""友人"", ""有人""]"
2,1629,you3 shi2,2,"[""有十"", ""有时""]"
2,1630,you3 wei2,2,"[""有为"", ""有违""]"
2,1631,you3 xian4,2,"[""有线"", ""有限""]"
2,1632,you3 zhu4,2,"[""有助"", ""有著""]"
2,1633,you4 ming2,2,"[""又名"", ""幼名""]"
2,1634,you4 pai4,2,"[""又派"", ""右派""]"
2,1635,you4 wei4,2,"[""又为"", ""右卫""]"
2,1636,you4 yi4,2,"[""又译"", ""右翼""]"
2,1637,you4 yu2,2,"[""又于"", ""幼鱼""]"
2,1638,yu1,2,"[""淤"", ""迂""]"
2,1639,yu2 shi4,2,"[""于世"", ""于是""]"
2,1640,yu3 hai3,2,"[""与海"", ""雨海""]"
2,1641,yu3 ma3,2,"[""与马"", ""语码""]"
2,1642,yu3 qi2 ta1,2,"[""与其他"", ""与其它""]"
2,1643,yu3 shi4,2,"[""与世"", ""语是""]"
2,1644,yu3 shui3,2,"[""与水"", ""雨水""]"
2,1645,yu3 ta1,2,"[""与他"", ""与她""]"
2,1646,yu3 ta1 de,2,"[""与他的"", ""与她的""]"
2,1647,yu3 wen2,2,"[""宇文"", ""语文""]"
2,1648,yu3 yi1,2,"[""与一"", ""与伊""]"
2,1649,yu3 yuan2,2,"[""与原"", ""语源""]"
2,1650,yu3 zheng4,2,"[""与正"", ""与郑""]"
2,1651,yu3 zhi1,2,"[""与之"", ""语支""]"
2,1652,yu3 zhong1,2,"[""与中"", ""语中""]"
2,1653,yu4 ding4,2,"[""预定"", ""预订""]"
2,1654,yu4 jian4,2,"[""遇见"", ""预见""]"
2,1655,yu4 jing3,2,"[""玉井"", ""预警""]"
2,1656,yu4 shi4,2,"[""浴室"", ""预示""]"
2,1657,yu4 yan2,2,"[""寓言"", ""预言""]"
2,1658,yu4 zhi4,2,"[""域治"", ""预制""]"
2,1659,yuan2 di4,2,"[""元帝"", ""原地""]"
2,1660,yuan2 ding4,2,"[""原定"", ""原订""]"
2,1661,yuan2 jun1,2,"[""元军"", ""援军""]"
2,1662,yuan2 lin2,2,"[""员林"", ""园林""]"
2,1663,yuan2 sheng1,2,"[""原声"", ""原生""]"
2,1664,yuan2 shi3,2,"[""元史"", ""原始""]"
2,1665,yuan2 xian4,2,"[""原县"", ""源县""]"
2,1666,yuan2 xing2,2,"[""原型"", ""圆形""]"
2,1667,yuan2 yin1,2,"[""元音"", ""原因""]"
2,1668,yue1,2,"[""曰"", ""约""]"
2,1669,yue4 dong1,2,"[""粤东"", ""越冬""]"
2,1670,yun2 shan1,2,"[""云山"", ""云杉""]"
2,1671,yun3,2,"[""允"", ""陨""]"
2,1672,za2,2,"[""杂"", ""砸""]"
2,1673,za2 zhi4,2,"[""杂志"", ""杂质""]"
2,1674,zai3,2,"[""仔"", ""宰""]"
2,1675,zai4 ba1,2,"[""在八"", ""在巴""]"
2,1676,zai4 bei4,2,"[""再被"", ""在被""]"
2,1677,zai4 cong2,2,"[""再从"", ""在从""]"
2,1678,zai4 di4,2,"[""在地"", ""在第""]"
2,1679,zai4 jia1,2,"[""再加"", ""在家""]"
2,1680,zai4 jiao4 yu4,2,"[""再教育"", ""在教育""]"
2,1681,zai4 jin1,2,"[""在今"", ""在金""]"
2,1682,zai4 jin4 xing2,2,"[""再进行"", ""在进行""]"
2,1683,zai4 jing1,2,"[""再经"", ""在京""]"
2,1684,zai4 mei2 you3,2,"[""再没有"", ""在没有""]"
2,1685,zai4 mei3,2,"[""在每"", ""在美""]"
2,1686,zai4 qi2 ta1,2,"[""在其他"", ""在其它""]"
2,1687,zai4 ren4,2,"[""再任"", ""在任""]"
2,1688,zai4 ru4,2,"[""再入"", ""载入""]"
2,1689,zai4 san1,2,"[""再三"", ""在三""]"
2,1690,zai4 ta1,2,"[""在他"", ""在她""]"
2,1691,zai4 wu2,2,"[""再无"", ""在无""]"
2,1692,zai4 xian4,2,"[""再现"", ""在线""]"
2,1693,zai4 xin1,2,"[""在心"", ""在新""]"
2,1694,zai4 ye3,2,"[""再也"", ""在野""]"
2,1695,zai4 yi1,2,"[""在一"", ""在伊""]"
2,1696,zai4 yi3,2,"[""再以"", ""在以""]"
2,1697,zai4 yi4 da4 li4,2,"[""在义大利"", ""在意大利""]"
2,1698,zai4 yu2,2,"[""再于"", ""在于""]"
2,1699,zai4 yu3,2,"[""再与"", ""在与""]"
2,1700,zang1,2,"[""臧"", ""赃""]"
2,1701,zao1,2,"[""糟"", ""遭""]"
2,1702,ze2 bei4,2,"[""则被"", ""责备""]"
2,1703,ze2 shi4,2,"[""则是"", ""泽市""]"
2,1704,ze2 zhi3,2,"[""则只"", ""则指""]"
2,1705,zeng1,2,"[""增"", ""憎""]"
2,1706,zeng1 zhi2,2,"[""增值"", ""增殖""]"
2,1707,zeng4 yu3,2,"[""赠与"", ""赠予""]"
2,1708,zha2,2,"[""札"", ""闸""]"
2,1709,zhai1,2,"[""摘"", ""斋""]"
2,1710,zhan4 chang3,2,"[""战场"", ""站场""]"
2,1711,zhan4 de,2,"[""战的"", ""站的""]"
2,1712,zhan4 di4,2,"[""占地"", ""战地""]"
2,1713,zhan4 hou4,2,"[""战后"", ""站后""]"
2,1714,zhan4 ji4,2,"[""战绩"", ""战记""]"
2,1715,zhan4 qian2,2,"[""战前"", ""站前""]"
2,1716,zhan4 shi2,2,"[""战时"", ""站时""]"
2,1717,zhan4 wei4,2,"[""站为"", ""站位""]"
2,1718,zhan4 you3,2,"[""占有"", ""战友""]"
2,1719,zhang4 hao4,2,"[""帐号"", ""账号""]"
2,1720,zhang4 hu4,2,"[""帐户"", ""账户""]"
2,1721,zhao4 shi4,2,"[""肇事"", ""赵氏""]"
2,1722,zhe4 jiang1,2,"[""浙江"", ""这将""]"
2,1723,zhe4 shi4 ta1,2,"[""这是他"", ""这是她""]"
2,1724,zhe4 wei4,2,"[""这为"", ""这位""]"
2,1725,zhen1 cha2,2,"[""侦察"", ""侦查""]"
2,1726,zhen1 jun1,2,"[""真君"", ""真菌""]"
2,1727,zhen4 dang4,2,"[""振荡"", ""震荡""]"
2,1728,zhen4 dong4,2,"[""振动"", ""震动""]"
2,1729,zhen4 zai1,2,"[""赈灾"", ""震灾""]"
2,1730,zhen4 zhong1,2,"[""阵中"", ""震中""]"
2,1731,zheng1 qi4,2,"[""蒸气"", ""蒸汽""]"
2,1732,zheng3,2,"[""拯"", ""整""]"
2,1733,zheng4 de,2,"[""正的"", ""症的""]"
2,1734,zheng4 jian4,2,"[""政见"", ""证件""]"
2,1735,zheng4 ming2,2,"[""正名"", ""证明""]"
2,1736,zheng4 wei3,2,"[""政委"", ""证伪""]"
2,1737,zheng4 wen2,2,"[""正文"", ""郑文""]"
2,1738,zheng4 zhi2,2,"[""正值"", ""正直""]"
2,1739,zheng4 zhi4,2,"[""政制"", ""政治""]"
2,1740,zheng4 zong1,2,"[""政宗"", ""正宗""]"
2,1741,zhi1 bu4,2,"[""支部"", ""织布""]"
2,1742,zhi1 cheng1,2,"[""之称"", ""支撑""]"
2,1743,zhi1 chu1,2,"[""之初"", ""支出""]"
2,1744,zhi1 dao4,2,"[""之道"", ""知道""]"
2,1745,zhi1 di4,2,"[""之地"", ""之弟""]"
2,1746,zhi1 fu4,2,"[""之父"", ""支付""]"
2,1747,zhi1 hou4 zai4,2,"[""之后再"", ""之后在""]"
2,1748,zhi1 ji1,2,"[""之机"", ""织姬""]"
2,1749,zhi1 ji4,2,"[""之计"", ""之际""]"
2,1750,zhi1 li3,2,"[""之礼"", ""脂鲤""]"
2,1751,zhi1 lu4,2,"[""之路"", ""支路""]"
2,1752,zhi1 ming2,2,"[""之名"", ""知名""]"
2,1753,zhi1 qing2,2,"[""之情"", ""知情""]"
2,1754,zhi1 shi2,2,"[""之时"", ""知识""]"
2,1755,zhi1 shou3,2,"[""之手"", ""之首""]"
2,1756,zhi1 wei4,2,"[""之为"", ""之位""]"
2,1757,zhi1 wu4,2,"[""之物"", ""织物""]"
2,1758,zhi1 xian4,2,"[""支线"", ""知县""]"
2,1759,zhi1 yu2,2,"[""之于"", ""之余""]"
2,1760,zhi1 zhu4,2,"[""之助"", ""支柱""]"
2,1761,zhi1 zui4,2,"[""之最"", ""之罪""]"
2,1762,zhi2 de,2,"[""值得"", ""值的""]"
2,1763,zhi2 guan1,2,"[""直观"", ""职官""]"
2,1764,zhi2 li4,2,"[""直立"", ""直隶""]"
2,1765,zhi2 wei4,2,"[""值为"", ""职位""]"
2,1766,zhi2 wu4,2,"[""植物"", ""职务""]"
2,1767,zhi2 ye4,2,"[""执业"", ""职业""]"
2,1768,zhi3 ming2,2,"[""指名"", ""指明""]"
2,1769,zhi3 shi4,2,"[""只是"", ""指示""]"
2,1770,zhi3 yu2,2,"[""只于"", ""止于""]"
2,1771,zhi4 bing4,2,"[""治病"", ""致病""]"
2,1772,zhi4 cheng2,2,"[""制成"", ""制程""]"
2,1773,zhi4 de,2,"[""制的"", ""致的""]"
2,1774,zhi4 de2,2,"[""制得"", ""至德""]"
2,1775,zhi4 ding4,2,"[""制定"", ""制订""]"
2,1776,zhi4 fu4,2,"[""秩父"", ""致富""]"
2,1777,zhi4 jin1,2,"[""治今"", ""至今""]"
2,1778,zhi4 shi4,2,"[""制式"", ""致仕""]"
2,1779,zhi4 xia4,2,"[""治下"", ""至下""]"
2,1780,zhi4 xian4,2,"[""制宪"", ""置县""]"
2,1781,zhong1 bu4,2,"[""中不"", ""中部""]"
2,1782,zhong1 ceng2,2,"[""中层"", ""中曾""]"
2,1783,zhong1 chang3,2,"[""中场"", ""终场""]"
2,1784,zhong1 cheng2,2,"[""中丞"", ""忠诚""]"
2,1785,zhong1 duan4,2,"[""中断"", ""中段""]"
2,1786,zhong1 dui4,2,"[""中对"", ""中队""]"
2,1787,zhong1 ji2,2,"[""中级"", ""终极""]"
2,1788,zhong1 jian1,2,"[""中坚"", ""中间""]"
2,1789,zhong1 li4,2,"[""中坜"", ""中立""]"
2,1790,zhong1 nian2,2,"[""中年"", ""终年""]"
2,1791,zhong1 shi2,2,"[""中时"", ""忠实""]"
2,1792,zhong1 shu1,2,"[""中书"", ""中枢""]"
2,1793,zhong1 wu3,2,"[""中五"", ""中午""]"
2,1794,zhong1 xiao4,2,"[""中校"", ""忠孝""]"
2,1795,zhong1 ye3,2,"[""中也"", ""中野""]"
2,1796,zhong1 yi1,2,"[""中一"", ""中医""]"
2,1797,zhong1 yi4,2,"[""中亦"", ""忠义""]"
2,1798,zhong1 you2,2,"[""中游"", ""中由""]"
2,1799,zhong1 yu2,2,"[""忠于"", ""终于""]"
2,1800,zhong4 zhen4,2,"[""重振"", ""重镇""]"
2,1801,zhong4 zhi4,2,"[""重制"", ""重置""]"
2,1802,zhou1 de,2,"[""周的"", ""州的""]"
2,1803,zhou1 ji4,2,"[""州际"", ""洲际""]"
2,1804,zhou1 li3,2,"[""周礼"", ""州里""]"
2,1805,zhou1 nei4,2,"[""周内"", ""州内""]"
2,1806,zhou1 qu1,2,"[""州区"", ""洲区""]"
2,1807,zhou1 shi4,2,"[""周氏"", ""州市""]"
2,1808,zhu1 jiang1,2,"[""珠江"", ""诸将""]"
2,1809,zhu1 li4 ya4,2,"[""朱莉娅"", ""茱莉亚""]"
2,1810,zhu1 luo2,2,"[""侏罗"", ""诸罗""]"
2,1811,zhu1 ru2,2,"[""侏儒"", ""诸如""]"
2,1812,zhu1 shi4,2,"[""朱氏"", ""株式""]"
2,1813,zhu1 zi,2,"[""朱子"", ""诸子""]"
2,1814,zhu3 pao4,2,"[""主炮"", ""主砲""]"
2,1815,zhu3 yi4,2,"[""主义"", ""主意""]"
2,1816,zhu3 yin1,2,"[""主因"", ""主音""]"
2,1817,zhu4 fang2,2,"[""住房"", ""驻防""]"
2,1818,zhu4 ming2,2,"[""注明"", ""著名""]"
2,1819,zhu4 you3,2,"[""住友"", ""著有""]"
2,1820,zhu4 zai4,2,"[""住在"", ""驻在""]"
2,1821,zhu4 zhong4,2,"[""注重"", ""著重""]"
2,1822,zhuan1,2,"[""专"", ""砖""]"
2,1823,zhuan1 shu3,2,"[""专属"", ""专署""]"
2,1824,zhuan1 ye4,2,"[""专业"", ""专页""]"
2,1825,zhuan1 zhu4,2,"[""专注"", ""专著""]"
2,1826,zhuan3 zhe2,2,"[""转折"", ""转辙""]"
2,1827,zhuang1 zai4,2,"[""装在"", ""装载""]"
2,1828,zhui1,2,"[""追"", ""锥""]"
2,1829,zi,2,"[""zi"", ""子""]"
2,1830,zi1 shi4,2,"[""姿势"", ""滋事""]"
2,1831,zi1 zhi4,2,"[""资治"", ""资质""]"
2,1832,zi4 hao4,2,"[""字号"", ""自号""]"
2,1833,zi4 ji3,2,"[""自己"", ""自给""]"
2,1834,zi4 li4,2,"[""自力"", ""自立""]"
2,1835,zi4 ren4,2,"[""自任"", ""自认""]"
2,1836,zi4 ti3,2,"[""字体"", ""自体""]"
2,1837,zi4 wei4,2,"[""自卫"", ""自慰""]"
2,1838,zi4 zhi4,2,"[""自制"", ""自治""]"
2,1839,zi4 zhuan4,2,"[""自传"", ""自转""]"
2,1840,zong4,2,"[""粽"", ""纵""]"
2,1841,zou1,2,"[""诹"", ""邹""]"
2,1842,zu1 jie4,2,"[""租借"", ""租界""]"
2,1843,zu3 ge2,2,"[""组阁"", ""阻隔""]"
2,1844,zu3 he2,2,"[""组合"", ""组和""]"
2,1845,zu3 jian4,2,"[""组件"", ""组建""]"
2,1846,zui4 jiu3,2,"[""最久"", ""醉酒""]"
2,1847,zuo2,2,"[""昨"", ""琢""]"
2,1848,zuo3,2,"[""佐"", ""左""]"
2,1849,zuo4 biao1,2,"[""坐标"", ""座标""]"
2,1850,zuo4 biao1 wei4,2,"[""坐标为"", ""座标为""]"
2,1851,zuo4 cheng2,2,"[""作成"", ""做成""]"
2,1852,zuo4 chu1,2,"[""作出"", ""做出""]"
2,1853,zuo4 chu1 de,2,"[""作出的"", ""做出的""]"
2,1854,zuo4 chu1 le,2,"[""作出了"", ""做出了""]"
2,1855,zuo4 fa3,2,"[""作法"", ""做法""]"
2,1856,zuo4 le,2,"[""作了"", ""做了""]"
2,1857,zuo4 luo4 yu2,2,"[""坐落于"", ""座落于""]"
2,1858,zuo4 luo4 zai4,2,"[""坐落在"", ""座落在""]"
2,1859,zuo4 wei4,2,"[""做为"", ""座位""]"
2,1860,zuo4 zhun3 bei4,2,"[""作准备"", ""做准备""]"
3,1,a1 bu4,3,"[""阿不"", ""阿布"", ""阿部""]"
3,2,ai1,3,"[""哀"", ""埃"", ""挨""]"
3,3,an1 na4,3,"[""安娜"", ""安纳"", ""安那""]"
3,4,an1 xi1,3,"[""安息"", ""安溪"", ""安西""]"
3,5,ba3,3,"[""把"", ""钯"", ""靶""]"
3,6,ba3 ta1,3,"[""把他"", ""把她"", ""把它""]"
3,7,bai4,3,"[""拜"", ""稗"", ""败""]"
3,8,bang1,3,"[""帮"", ""浜"", ""邦""]"
3,9,bang3,3,"[""榜"", ""绑"", ""膀""]"
3,10,bian3,3,"[""匾"", ""扁"", ""贬""]"
3,11,bo2 ke4,3,"[""伯克"", ""博克"", ""博客""]"
3,12,bu3,3,"[""哺"", ""捕"", ""补""]"
3,13,bu4 he2,3,"[""不合"", ""不和"", ""部和""]"
3,14,bu4 ji2,3,"[""不及"", ""部及"", ""部级""]"
3,15,bu4 jue2,3,"[""不决"", ""不绝"", ""不觉""]"
3,16,bu4 wei4,3,"[""不为"", ""部为"", ""部位""]"
3,17,bu4 yu3,3,"[""不与"", ""不予"", ""部与""]"
3,18,bu4 zai4,3,"[""不再"", ""不在"", ""部在""]"
3,19,cai3,3,"[""彩"", ""踩"", ""采""]"
3,20,can2,3,"[""惭"", ""残"", ""蚕""]"
3,21,can4,3,"[""掺"", ""灿"", ""粲""]"
3,22,cao2,3,"[""曹"", ""槽"", ""漕""]"
3,23,ce4 shi4,3,"[""侧室"", ""侧式"", ""测试""]"
3,24,cha2,3,"[""察"", ""查"", ""茶""]"
3,25,chan3,3,"[""产"", ""铲"", ""阐""]"
3,26,chang1,3,"[""娼"", ""昌"", ""猖""]"
3,27,chang4,3,"[""倡"", ""唱"", ""畅""]"
3,28,cheng2 ji4,3,"[""城际"", ""成绩"", ""承继""]"
3,29,cheng2 yuan2,3,"[""乘员"", ""城垣"", ""成员""]"
3,30,chong1,3,"[""充"", ""冲"", ""憧""]"
3,31,chu1 shi4,3,"[""出世"", ""出仕"", ""出示""]"
3,32,chuan1,3,"[""川"", ""氚"", ""穿""]"
3,33,chuan2,3,"[""传"", ""椽"", ""船""]"
3,34,cong2,3,"[""丛"", ""从"", ""琮""]"
3,35,cui1,3,"[""催"", ""崔"", ""摧""]"
3,36,da4 cheng2,3,"[""大乘"", ""大城"", ""大成""]"
3,37,da4 li4,3,"[""大利"", ""大力"", ""大历""]"
3,38,da4 shou4,3,"[""大受"", ""大寿"", ""大绶""]"
3,39,dai3,3,"[""傣"", ""歹"", ""逮""]"
3,40,dan4 ta1,3,"[""但他"", ""但她"", ""但它""]"
3,41,de shi2,3,"[""的十"", ""的时"", ""的石""]"
3,42,deng4,3,"[""凳"", ""瞪"", ""邓""]"
3,43,di1,3,"[""低"", ""堤"", ""滴""]"
3,44,di4 wei4,3,"[""地为"", ""地位"", ""帝位""]"
3,45,dian3,3,"[""典"", ""点"", ""碘""]"
3,46,dian4 ji1,3,"[""奠基"", ""电击"", ""电机""]"
3,47,dong1 lin2,3,"[""东临"", ""东林"", ""东邻""]"
3,48,du1,3,"[""嘟"", ""督"", ""阇""]"
3,49,dui4,3,"[""兑"", ""对"", ""队""]"
3,50,duo1,3,"[""咄"", ""哆"", ""多""]"
3,51,duo3,3,"[""垛"", ""朵"", ""躲""]"
3,52,duo4,3,"[""堕"", ""惰"", ""舵""]"
3,53,fang3,3,"[""仿"", ""纺"", ""访""]"
3,54,fei1 li4,3,"[""菲利"", ""非利"", ""飞利""]"
3,55,fen1 zhi1,3,"[""分之"", ""分支"", ""分枝""]"
3,56,fen2,3,"[""坟"", ""汾"", ""焚""]"
3,57,fu2 er3,3,"[""伏尔"", ""弗尔"", ""福尔""]"
3,58,fu4 he2,3,"[""复合"", ""复核"", ""覆核""]"
3,59,gan4,3,"[""干"", ""淦"", ""赣""]"
3,60,gao1 shi4,3,"[""高士"", ""高氏"", ""高适""]"
3,61,gao4,3,"[""告"", ""诰"", ""锆""]"
3,62,ge1 de2,3,"[""哥德"", ""戈德"", ""歌德""]"
3,63,ge4,3,"[""个"", ""各"", ""铬""]"
3,64,gong1 cheng2,3,"[""宫城"", ""工程"", ""攻城""]"
3,65,gong1 yi4,3,"[""公义"", ""公益"", ""工艺""]"
3,66,gou1,3,"[""勾"", ""沟"", ""钩""]"
3,67,guan3,3,"[""管"", ""莞"", ""馆""]"
3,68,gui1 hua4,3,"[""归化"", ""规划"", ""规画""]"
3,69,guo3,3,"[""果"", ""椁"", ""裹""]"
3,70,hai2,3,"[""孩"", ""还"", ""骸""]"
3,71,hai3 shi4,3,"[""海事"", ""海市"", ""海试""]"
3,72,he1,3,"[""呵"", ""喝"", ""诃""]"
3,73,he2 gu3,3,"[""和古"", ""河谷"", ""颌骨""]"
3,74,he2 ji2,3,"[""合辑"", ""合集"", ""河及""]"
3,75,he2 li3,3,"[""合理"", ""和李"", ""荷里""]"
3,76,he2 liu2,3,"[""合流"", ""和刘"", ""河流""]"
3,77,he2 shang4,3,"[""和上"", ""和尚"", ""河上""]"
3,78,he2 shi2,3,"[""何时"", ""和石"", ""核实""]"
3,79,he2 shi4,3,"[""何氏"", ""合适"", ""河市""]"
3,80,he2 xi1,3,"[""和西"", ""河西"", ""荷西""]"
3,81,he2 yi1,3,"[""合一"", ""和一"", ""和伊""]"
3,82,he2 zhou1,3,"[""和周"", ""和州"", ""河州""]"
3,83,hong1,3,"[""烘"", ""薨"", ""轰""]"
3,84,hou2,3,"[""侯"", ""喉"", ""猴""]"
3,85,hou4 yuan2,3,"[""后圆"", ""后援"", ""后缘""]"
3,86,hu1,3,"[""乎"", ""呼"", ""忽""]"
3,87,hu3,3,"[""浒"", ""琥"", ""虎""]"
3,88,hua4 de,3,"[""化的"", ""画的"", ""话的""]"
3,89,huang3,3,"[""幌"", ""晃"", ""谎""]"
3,90,hui4 he2,3,"[""会合"", ""会和"", ""汇合""]"
3,91,hui4 shi4,3,"[""会士"", ""会是"", ""会试""]"
3,92,ji1 zhi4,3,"[""基质"", ""机制"", ""机智""]"
3,93,ji2 de,3,"[""籍的"", ""级的"", ""集的""]"
3,94,ji2 shi2,3,"[""即时"", ""及时"", ""级时""]"
3,95,ji2 shi4,3,"[""即是"", ""吉士"", ""集市""]"
3,96,ji2 xing4,3,"[""即兴"", ""急性"", ""极性""]"
3,97,ji4 de,3,"[""季的"", ""计的"", ""记得""]"
3,98,ji4 shi4,3,"[""既是"", ""纪事"", ""记事""]"
3,99,ji4 shu4,3,"[""技术"", ""计数"", ""记述""]"
3,100,jia1 li3,3,"[""佳里"", ""加里"", ""家里""]"
3,101,jia2,3,"[""戛"", ""荚"", ""颊""]"
3,102,jian4 de,3,"[""建的"", ""舰的"", ""见的""]"
3,103,jian4 yu2,3,"[""建于"", ""见于"", ""鉴于""]"
3,104,jiang1 ta1,3,"[""将他"", ""将她"", ""将它""]"
3,105,jiao4 zuo4,3,"[""叫作"", ""叫做"", ""教座""]"
3,106,jie1 shi4,3,"[""揭示"", ""皆是"", ""街市""]"
3,107,jie2 zhi4,3,"[""截至"", ""杰志"", ""节制""]"
3,108,jin4 cheng2,3,"[""禁城"", ""进城"", ""进程""]"
3,109,jin4 jun1,3,"[""晋军"", ""禁军"", ""进军""]"
3,110,jin4 zhi4,3,"[""禁制"", ""进制"", ""进至""]"
3,111,jiu1,3,"[""究"", ""纠"", ""鸠""]"
3,112,jiu4 shi4,3,"[""就是"", ""救世"", ""旧式""]"
3,113,jun1 shi4,3,"[""军事"", ""军士"", ""均是""]"
3,114,kan1 cha2,3,"[""勘察"", ""勘查"", ""堪察""]"
3,115,kao3,3,"[""拷"", ""烤"", ""考""]"
3,116,ke1 ke4,3,"[""柯克"", ""科克"", ""苛刻""]"
3,117,kuan1,3,"[""宽"", ""寛"", ""髋""]"
3,118,kui1,3,"[""亏"", ""盔"", ""窥""]"
3,119,la1,3,"[""垃"", ""拉"", ""菈""]"
3,120,la4,3,"[""腊"", ""蜡"", ""辣""]"
3,121,lai2 na4,3,"[""来纳"", ""莱娜"", ""莱纳""]"
3,122,lao3,3,"[""佬"", ""姥"", ""老""]"
3,123,lao4,3,"[""涝"", ""烙"", ""酪""]"
3,124,lei2,3,"[""擂"", ""镭"", ""雷""]"
3,125,lei4,3,"[""泪"", ""类"", ""累""]"
3,126,li3 cheng2,3,"[""李成"", ""李承"", ""里程""]"
3,127,li3 de2,3,"[""李德"", ""里得"", ""里德""]"
3,128,li3 ji4,3,"[""李济"", ""李继"", ""礼记""]"
3,129,li4 na4,3,"[""丽娜"", ""利纳"", ""莉娜""]"
3,130,li4 shi2,3,"[""历时"", ""砾石"", ""立石""]"
3,131,li4 si1,3,"[""丽丝"", ""利斯"", ""莉丝""]"
3,132,li4 yu2,3,"[""丽鱼"", ""利于"", ""立于""]"
3,133,lian3,3,"[""敛"", ""琏"", ""脸""]"
3,134,liang3 ji2,3,"[""两极"", ""两级"", ""两集""]"
3,135,lin4,3,"[""膦"", ""蔺"", ""赁""]"
3,136,ling4,3,"[""令"", ""另"", ""呤""]"
3,137,liu2 yi4,3,"[""刘义"", ""刘易"", ""留意""]"
3,138,liu2 zhi4,3,"[""刘志"", ""流至"", ""留置""]"
3,139,lou2,3,"[""娄"", ""楼"", ""髅""]"
3,140,lou4,3,"[""漏"", ""镂"", ""陋""]"
3,141,luo2 si1,3,"[""罗斯"", ""萝丝"", ""螺丝""]"
3,142,lv2,3,"[""榈"", ""闾"", ""驴""]"
3,143,ma,3,"[""ma"", ""吗"", ""嘛""]"
3,144,ma3 li4 ya4,3,"[""玛丽亚"", ""玛利亚"", ""马利亚""]"
3,145,man2,3,"[""瞒"", ""蛮"", ""鳗""]"
3,146,mao3,3,"[""卯"", ""昴"", ""铆""]"
3,147,mei3,3,"[""每"", ""美"", ""镁""]"
3,148,mian2,3,"[""棉"", ""眠"", ""绵""]"
3,149,mian4 shi4,3,"[""面世"", ""面是"", ""面试""]"
3,150,miao2,3,"[""描"", ""瞄"", ""苗""]"
3,151,mo4 er3,3,"[""墨尔"", ""莫尔"", ""默尔""]"
3,152,mou2,3,"[""牟"", ""缪"", ""谋""]"
3,153,mu4 qian2,3,"[""墓前"", ""幕前"", ""目前""]"
3,154,mu4 zhi4,3,"[""墓志"", ""木制"", ""木质""]"
3,155,nai3,3,"[""乃"", ""奶"", ""迺""]"
3,156,nan2 xi1,3,"[""南希"", ""南西"", ""南锡""]"
3,157,nao3,3,"[""恼"", ""瑙"", ""脑""]"
3,158,ni3,3,"[""你"", ""妳"", ""拟""]"
3,159,nian2,3,"[""年"", ""鲶"", ""黏""]"
3,160,ning2,3,"[""凝"", ""宁"", ""柠""]"
3,161,niu3,3,"[""扭"", ""纽"", ""钮""]"
3,162,nuo4,3,"[""懦"", ""糯"", ""诺""]"
3,163,ou3,3,"[""偶"", ""呕"", ""耦""]"
3,164,pai2,3,"[""徘"", ""排"", ""牌""]"
3,165,pai4,3,"[""哌"", ""派"", ""湃""]"
3,166,pao4,3,"[""泡"", ""炮"", ""砲""]"
3,167,peng1,3,"[""抨"", ""澎"", ""烹""]"
3,168,pian1,3,"[""偏"", ""篇"", ""翩""]"
3,169,piao1,3,"[""剽"", ""漂"", ""飘""]"
3,170,pin2,3,"[""嫔"", ""贫"", ""频""]"
3,171,po1,3,"[""坡"", ""泊"", ""泼""]"
3,172,qi2 ren2,3,"[""其人"", ""奇人"", ""旗人""]"
3,173,qi2 yi4,3,"[""奇异"", ""奇艺"", ""歧义""]"
3,174,qi2 yu2,3,"[""其于"", ""其余"", ""鳍鱼""]"
3,175,qia4,3,"[""恰"", ""洽"", ""髂""]"
3,176,qian3,3,"[""浅"", ""谴"", ""遣""]"
3,177,qiang2,3,"[""墙"", ""强"", ""蔷""]"
3,178,qiao1,3,"[""悄"", ""敲"", ""橇""]"
3,179,qin1,3,"[""亲"", ""侵"", ""钦""]"
3,180,qiong2,3,"[""琼"", ""穷"", ""穹""]"
3,181,quan2 li4,3,"[""全力"", ""权利"", ""权力""]"
3,182,ran2,3,"[""然"", ""燃"", ""蚺""]"
3,183,ren2,3,"[""人"", ""仁"", ""壬""]"
3,184,ru3,3,"[""乳"", ""汝"", ""辱""]"
3,185,s he2,3,"[""佘"", ""舌"", ""蛇""]"
3,186,shang4 shi4,3,"[""上市"", ""上是"", ""尚氏""]"
3,187,shang4 shu1,3,"[""上书"", ""上疏"", ""尚书""]"
3,188,shang4 wei4,3,"[""上为"", ""上尉"", ""尚未""]"
3,189,shang4 xian4,3,"[""上线"", ""上腺"", ""上限""]"
3,190,she4 ru4,3,"[""射入"", ""摄入"", ""涉入""]"
3,191,she4 shi4,3,"[""摄氏"", ""涉事"", ""设市""]"
3,192,she4 zhi4,3,"[""摄制"", ""设治"", ""设置""]"
3,193,sheng4 shi4,3,"[""圣事"", ""盛世"", ""盛事""]"
3,194,shi2 cai2,3,"[""时才"", ""石材"", ""食材""]"
3,195,shi2 de,3,"[""实的"", ""时的"", ""石的""]"
3,196,shi2 fen1,3,"[""十分"", ""时分"", ""食分""]"
3,197,shi2 ren2,3,"[""十人"", ""时人"", ""食人""]"
3,198,shi2 shi4,3,"[""十世"", ""时事"", ""时是""]"
3,199,shi2 wu4,3,"[""实务"", ""实物"", ""食物""]"
3,200,shi2 yong4,3,"[""实用"", ""时用"", ""食用""]"
3,201,shi3 ta1,3,"[""使他"", ""使她"", ""使它""]"
3,202,shi4 jia1,3,"[""世嘉"", ""世家"", ""释迦""]"
3,203,shi4 ren2,3,"[""世人"", ""士人"", ""是人""]"
3,204,shi4 ting1,3,"[""室町"", ""视听"", ""试听""]"
3,205,shi4 wei1,3,"[""士威"", ""式微"", ""示威""]"
3,206,shi4 yong4,3,"[""是用"", ""试用"", ""适用""]"
3,207,shi4 zheng4,3,"[""市政"", ""是正"", ""氏症""]"
3,208,shi4 zu2,3,"[""士卒"", ""士族"", ""氏族""]"
3,209,shou4 yu3,3,"[""售予"", ""授与"", ""授予""]"
3,210,shu2,3,"[""塾"", ""熟"", ""赎""]"
3,211,shu4 ren2,3,"[""庶人"", ""数人"", ""树人""]"
3,212,shuang1,3,"[""双"", ""孀"", ""霜""]"
3,213,shun4,3,"[""瞬"", ""舜"", ""顺""]"
3,214,shuo4,3,"[""朔"", ""烁"", ""硕""]"
3,215,si1 wei2,3,"[""思维"", ""斯维"", ""斯韦""]"
3,216,song3,3,"[""怂"", ""悚"", ""耸""]"
3,217,su1,3,"[""稣"", ""苏"", ""酥""]"
3,218,sui2,3,"[""绥"", ""隋"", ""随""]"
3,219,sun3,3,"[""损"", ""笋"", ""隼""]"
3,220,ta1 bei4,3,"[""他被"", ""她被"", ""它被""]"
3,221,ta1 cheng2 wei2,3,"[""他成为"", ""她成为"", ""它成为""]"
3,222,ta1 dui4,3,"[""他对"", ""她对"", ""它对""]"
3,223,ta1 hai2,3,"[""他还"", ""她还"", ""它还""]"
3,224,ta1 he2,3,"[""他和"", ""她和"", ""它和""]"
3,225,ta1 hui4,3,"[""他会"", ""她会"", ""它会""]"
3,226,ta1 jiang1,3,"[""他将"", ""她将"", ""它将""]"
3,227,ta1 men shi4,3,"[""他们是"", ""它们是"", ""牠们是""]"
3,228,ta1 shi4,3,"[""他是"", ""她是"", ""它是""]"
3,229,ta1 wei4,3,"[""他为"", ""她为"", ""它为""]"
3,230,ta1 ye3,3,"[""他也"", ""她也"", ""它也""]"
3,231,ta1 ye3 shi4,3,"[""他也是"", ""她也是"", ""它也是""]"
3,232,ta1 yu2,3,"[""他于"", ""她于"", ""它于""]"
3,233,ta1 yu3,3,"[""他与"", ""她与"", ""它与""]"
3,234,ta3,3,"[""塔"", ""獭"", ""鳎""]"
3,235,ta4,3,"[""挞"", ""榻"", ""踏""]"
3,236,tan3,3,"[""坦"", ""毯"", ""袒""]"
3,237,tang3,3,"[""倘"", ""帑"", ""躺""]"
3,238,tao2 yuan2,3,"[""桃园"", ""桃源"", ""桃猿""]"
3,239,te4 ji2,3,"[""特急"", ""特级"", ""特辑""]"
3,240,te4 li4,3,"[""特例"", ""特利"", ""特立""]"
3,241,te4 she4,3,"[""特摄"", ""特设"", ""特赦""]"
3,242,tie1,3,"[""帖"", ""萜"", ""贴""]"
3,243,tong3,3,"[""桶"", ""筒"", ""统""]"
3,244,tou2,3,"[""头"", ""投"", ""骰""]"
3,245,tu1,3,"[""凸"", ""秃"", ""突""]"
3,246,tu3,3,"[""吐"", ""土"", ""钍""]"
3,247,tu3 er3,3,"[""吐尔"", ""土尔"", ""土耳""]"
3,248,tui4,3,"[""蜕"", ""褪"", ""退""]"
3,249,tuo1,3,"[""托"", ""拖"", ""脱""]"
3,250,wa1,3,"[""挖"", ""洼"", ""蛙""]"
3,251,wan4,3,"[""万"", ""卍"", ""腕""]"
3,252,wang2 shi4,3,"[""王世"", ""王室"", ""王氏""]"
3,253,wei1 li4,3,"[""威利"", ""威力"", ""微粒""]"
3,254,wei4 guo2,3,"[""为国"", ""卫国"", ""魏国""]"
3,255,wei4 zhi1,3,"[""为之"", ""未知"", ""谓之""]"
3,256,wen3,3,"[""吻"", ""稳"", ""紊""]"
3,257,wu2 shi4,3,"[""吴氏"", ""无事"", ""无视""]"
3,258,wu2 xian4,3,"[""吴县"", ""无线"", ""无限""]"
3,259,wu2 xu1,3,"[""无需"", ""无须"", ""毋须""]"
3,260,xi1 er3,3,"[""希尔"", ""西尔"", ""锡尔""]"
3,261,xi1 ke4,3,"[""希克"", ""西克"", ""锡克""]"
3,262,xi1 na4,3,"[""吸纳"", ""希纳"", ""西那""]"
3,263,xi1 ni2,3,"[""悉尼"", ""西尼"", ""锡尼""]"
3,264,xi1 shi4,3,"[""稀释"", ""西市"", ""西式""]"
3,265,xi1 xian4,3,"[""溪县"", ""西县"", ""西线""]"
3,266,xi1 ya4,3,"[""希亚"", ""西亚"", ""西娅""]"
3,267,xia1,3,"[""瞎"", ""虾"", ""𫚥""]"
3,268,xia4,3,"[""下"", ""吓"", ""夏""]"
3,269,xian4 cheng2,3,"[""县丞"", ""县城"", ""线程""]"
3,270,xian4 ji2,3,"[""县及"", ""县级"", ""线及""]"
3,271,xian4 jin1,3,"[""献金"", ""现今"", ""现金""]"
3,272,xian4 shi2,3,"[""现实"", ""现时"", ""限时""]"
3,273,xian4 shi4,3,"[""县市"", ""现世"", ""线是""]"
3,274,xian4 wei4,3,"[""县为"", ""现为"", ""线为""]"
3,275,xing2 de,3,"[""型的"", ""形的"", ""行的""]"
3,276,xiu1,3,"[""休"", ""修"", ""羞""]"
3,277,xue1,3,"[""削"", ""薛"", ""靴""]"
3,278,xun1,3,"[""勋"", ""熏"", ""薰""]"
3,279,yan3 yi4,3,"[""演义"", ""演绎"", ""演艺""]"
3,280,yang4,3,"[""恙"", ""样"", ""漾""]"
3,281,ye3,3,"[""也"", ""冶"", ""野""]"
3,282,yi1 fu2,3,"[""一幅"", ""伊芙"", ""衣服""]"
3,283,yi1 ju4,3,"[""一具"", ""一句"", ""依据""]"
3,284,yi1 li4,3,"[""伊丽"", ""伊利"", ""伊莉""]"
3,285,yi1 sheng1,3,"[""一声"", ""一生"", ""医生""]"
3,286,yi3 xi1,3,"[""乙烯"", ""乙醯"", ""以西""]"
3,287,yi4 neng2,3,"[""亦能"", ""异能"", ""艺能""]"
3,288,yi4 ran2,3,"[""亦然"", ""易燃"", ""毅然""]"
3,289,yi4 ren2,3,"[""义仁"", ""亿人"", ""艺人""]"
3,290,yi4 wen2,3,"[""艺文"", ""译文"", ""轶闻""]"
3,291,yi4 yu2,3,"[""亦于"", ""异于"", ""易于""]"
3,292,yi4 yuan2,3,"[""亿元"", ""艺员"", ""议员""]"
3,293,yi4 zhi4,3,"[""意志"", ""抑制"", ""益智""]"
3,294,yin1 su4,3,"[""因素"", ""音素"", ""音速""]"
3,295,yin1 wei4 ta1,3,"[""因为他"", ""因为她"", ""因为它""]"
3,296,you2 lun2,3,"[""油轮"", ""游轮"", ""邮轮""]"
3,297,you3,3,"[""友"", ""有"", ""酉""]"
3,298,yu3 lin2,3,"[""与林"", ""羽林"", ""雨林""]"
3,299,yuan2 de,3,"[""元的"", ""员的"", ""圆的""]"
3,300,yuan2 ming2,3,"[""元明"", ""原名"", ""圆明""]"
3,301,yuan2 shi4,3,"[""原市"", ""原是"", ""源氏""]"
3,302,yuan2 yi4,3,"[""原意"", ""园艺"", ""源义""]"
3,303,yuan2 you2,3,"[""原油"", ""原由"", ""缘由""]"
3,304,zai1,3,"[""哉"", ""栽"", ""灾""]"
3,305,zai4,3,"[""再"", ""在"", ""载""]"
3,306,zai4 ta1 de,3,"[""在他的"", ""在她的"", ""在它的""]"
3,307,zai4 wei4,3,"[""在为"", ""在位"", ""在未""]"
3,308,zai4 you3,3,"[""再有"", ""在有"", ""载有""]"
3,309,zan4,3,"[""暂"", ""瓒"", ""赞""]"
3,310,zang4,3,"[""奘"", ""脏"", ""葬""]"
3,311,zha1,3,"[""吒"", ""扎"", ""渣""]"
3,312,zhai4,3,"[""债"", ""寨"", ""砦""]"
3,313,zhan4 shi4,3,"[""战事"", ""战士"", ""站是""]"
3,314,zhang3,3,"[""掌"", ""涨"", ""长""]"
3,315,zhao1,3,"[""招"", ""昭"", ""钊""]"
3,316,zhao3,3,"[""找"", ""沼"", ""爪""]"
3,317,zhi1 xing2,3,"[""之行"", ""支行"", ""知行""]"
3,318,zhi1 yi4,3,"[""之义"", ""之役"", ""之意""]"
3,319,zhi3 zai4,3,"[""只在"", ""指在"", ""旨在""]"
3,320,zhi4 di4,3,"[""置地"", ""质地"", ""质的""]"
3,321,zhi4 li4,3,"[""智利"", ""智力"", ""致力""]"
3,322,zhi4 yu2,3,"[""制于"", ""置于"", ""至于""]"
3,323,zhi4 zhong1,3,"[""治中"", ""至中"", ""至终""]"
3,324,zhong1 sheng1,3,"[""中生"", ""终生"", ""钟声""]"
3,325,zhong1 wei4,3,"[""中为"", ""中位"", ""中尉""]"
3,326,zhong1 xin1,3,"[""中心"", ""中新"", ""忠心""]"
3,327,zhong1 zhi3,3,"[""中指"", ""中止"", ""终止""]"
3,328,zhong3,3,"[""冢"", ""种"", ""肿""]"
3,329,zhong4,3,"[""仲"", ""众"", ""重""]"
3,330,zhu1 li4,3,"[""朱立"", ""朱莉"", ""茱莉""]"
3,331,zhu4 shi4,3,"[""柱式"", ""注视"", ""注释""]"
3,332,zhu4 shou3,3,"[""助手"", ""著手"", ""驻守""]"
3,333,zhuan4,3,"[""撰"", ""篆"", ""赚""]"
3,334,zhuang4,3,"[""壮"", ""撞"", ""状""]"
3,335,zhui4,3,"[""坠"", ""缀"", ""赘""]"
3,336,zi4,3,"[""字"", ""渍"", ""自""]"
3,337,zu2,3,"[""卒"", ""族"", ""足""]"
3,338,zui4,3,"[""最"", ""罪"", ""醉""]"
3,339,zuo4 de,3,"[""作的"", ""做的"", ""座的""]"
4,1,ai4 li4,4,"[""艾丽"", ""艾利"", ""艾力"", ""艾莉""]"
4,2,ao4,4,"[""傲"", ""坳"", ""奥"", ""澳""]"
4,3,ban3,4,"[""坂"", ""板"", ""版"", ""阪""]"
4,4,bian1,4,"[""编"", ""蝙"", ""边"", ""鞭""]"
4,5,bu4 xi1,4,"[""不息"", ""不惜"", ""布希"", ""布西""]"
4,6,cai2,4,"[""才"", ""材"", ""裁"", ""财""]"
4,7,cang1,4,"[""仓"", ""沧"", ""舱"", ""苍""]"
4,8,chan2,4,"[""禅"", ""缠"", ""蝉"", ""蟾""]"
4,9,chang3,4,"[""厂"", ""场"", ""敞"", ""昶""]"
4,10,chao1,4,"[""抄"", ""焯"", ""超"", ""钞""]"
4,11,che4,4,"[""彻"", ""掣"", ""撤"", ""澈""]"
4,12,chu3,4,"[""储"", ""杵"", ""楚"", ""褚""]"
4,13,chui2,4,"[""垂"", ""椎"", ""槌"", ""锤""]"
4,14,chun2,4,"[""唇"", ""淳"", ""纯"", ""醇""]"
4,15,ci4,4,"[""伺"", ""刺"", ""次"", ""赐""]"
4,16,cu4,4,"[""促"", ""猝"", ""簇"", ""醋""]"
4,17,cui4,4,"[""粹"", ""翠"", ""脆"", ""萃""]"
4,18,cuo4,4,"[""厝"", ""挫"", ""措"", ""错""]"
4,19,dang4,4,"[""宕"", ""档"", ""氹"", ""荡""]"
4,20,de2,4,"[""得"", ""徳"", ""德"", ""的2""]"
4,21,dian1,4,"[""巅"", ""滇"", ""甸"", ""颠""]"
4,22,diao4,4,"[""吊"", ""掉"", ""调"", ""钓""]"
4,23,dong1,4,"[""东"", ""冬"", ""苳"", ""鸫""]"
4,24,du2,4,"[""毒"", ""渎"", ""独"", ""读""]"
4,25,du3,4,"[""堵"", ""睹"", ""笃"", ""赌""]"
4,26,duan4,4,"[""断"", ""段"", ""缎"", ""锻""]"
4,27,fang1,4,"[""坊"", ""方"", ""枋"", ""芳""]"
4,28,fang2,4,"[""妨"", ""房"", ""肪"", ""防""]"
4,29,fei3,4,"[""匪"", ""斐"", ""翡"", ""诽""]"
4,30,fen4,4,"[""份"", ""奋"", ""愤"", ""粪""]"
4,31,feng4,4,"[""俸"", ""凤"", ""奉"", ""缝""]"
4,32,fu2 li4,4,"[""佛利"", ""弗利"", ""浮力"", ""福利""]"
4,33,fu4 you3,4,"[""傅友"", ""富有"", ""负有"", ""附有""]"
4,34,gan3,4,"[""感"", ""敢"", ""橄"", ""赶""]"
4,35,gao3,4,"[""搞"", ""杲"", ""稿"", ""镐""]"
4,36,geng1,4,"[""庚"", ""羹"", ""耕"", ""赓""]"
4,37,gong3,4,"[""巩"", ""拱"", ""汞"", ""珙""]"
4,38,guan4,4,"[""惯"", ""灌"", ""罐"", ""贯""]"
4,39,hai4,4,"[""亥"", ""害"", ""氦"", ""骇""]"
4,40,hua2,4,"[""华"", ""滑"", ""猾"", ""骅""]"
4,41,huan2,4,"[""圜"", ""寰"", ""桓"", ""环""]"
4,42,jiang3,4,"[""奖"", ""桨"", ""蒋"", ""讲""]"
4,43,jiang4,4,"[""匠"", ""绛"", ""酱"", ""降""]"
4,44,jiong3,4,"[""炅"", ""炯"", ""窘"", ""迥""]"
4,45,ju2,4,"[""局"", ""桔"", ""橘"", ""菊""]"
4,46,juan1,4,"[""娟"", ""捐"", ""镌"", ""鹃""]"
4,47,kan3,4,"[""侃"", ""坎"", ""槛"", ""砍""]"
4,48,kan4,4,"[""崁"", ""看"", ""瞰"", ""磡""]"
4,49,kang1,4,"[""康"", ""慷"", ""糠"", ""𩾌""]"
4,50,ken3,4,"[""垦"", ""恳"", ""肯"", ""龈""]"
4,51,kou4,4,"[""叩"", ""寇"", ""扣"", ""蔻""]"
4,52,ku4,4,"[""库"", ""袴"", ""裤"", ""酷""]"
4,53,kuai4,4,"[""块"", ""快"", ""筷"", ""脍""]"
4,54,kui4,4,"[""匮"", ""愧"", ""溃"", ""馈""]"
4,55,kuo4,4,"[""廓"", ""扩"", ""括"", ""阔""]"
4,56,lei3,4,"[""儡"", ""垒"", ""磊"", ""蕾""]"
4,57,li3 jia1,4,"[""李佳"", ""李嘉"", ""李家"", ""里加""]"
4,58,li3 shi4,4,"[""李世"", ""李氏"", ""理事"", ""里士""]"
4,59,li4 de,4,"[""丽的"", ""利的"", ""力的"", ""立的""]"
4,60,li4 ke4,4,"[""利克"", ""力克"", ""立克"", ""立刻""]"
4,61,li4 ya4,4,"[""丽亚"", ""利亚"", ""莉亚"", ""莉娅""]"
4,62,lian2 jie2,4,"[""廉洁"", ""联捷"", ""联结"", ""连结""]"
4,63,liu2 shi4,4,"[""刘氏"", ""流士"", ""流式"", ""流逝""]"
4,64,long3,4,"[""垄"", ""垅"", ""拢"", ""陇""]"
4,65,lu3,4,"[""卤"", ""掳"", ""虏"", ""鲁""]"
4,66,ma3,4,"[""玛"", ""码"", ""蚂"", ""马""]"
4,67,mai4,4,"[""卖"", ""脉"", ""迈"", ""麦""]"
4,68,mei4,4,"[""妹"", ""媚"", ""昧"", ""魅""]"
4,69,meng2,4,"[""檬"", ""盟"", ""萌"", ""蒙""]"
4,70,meng3,4,"[""勐"", ""猛"", ""艋"", ""锰""]"
4,71,min2,4,"[""岷"", ""旻"", ""民"", ""珉""]"
4,72,nai4,4,"[""奈"", ""耐"", ""萘"", ""鼐""]"
4,73,ni2,4,"[""倪"", ""尼"", ""泥"", ""霓""]"
4,74,nian3,4,"[""捻"", ""碾"", ""辇"", ""辗""]"
4,75,nong2,4,"[""侬"", ""农"", ""浓"", ""脓""]"
4,76,ou1,4,"[""欧"", ""殴"", ""瓯"", ""鸥""]"
4,77,pan2,4,"[""槃"", ""盘"", ""磐"", ""蟠""]"
4,78,pei2,4,"[""培"", ""裴"", ""赔"", ""陪""]"
4,79,pei4,4,"[""佩"", ""沛"", ""珮"", ""配""]"
4,80,po4,4,"[""珀"", ""破"", ""迫"", ""魄""]"
4,81,pu4,4,"[""曝"", ""瀑"", ""舖"", ""铺""]"
4,82,qi2 shi4,4,"[""其事"", ""棋士"", ""歧视"", ""骑士""]"
4,83,qiao4,4,"[""俏"", ""峭"", ""翘"", ""鞘""]"
4,84,qie4,4,"[""切"", ""妾"", ""怯"", ""窃""]"
4,85,qing2,4,"[""情"", ""擎"", ""晴"", ""氰""]"
4,86,quan2 shi4,4,"[""全市"", ""全是"", ""权势"", ""诠释""]"
4,87,quan2 xian4,4,"[""全县"", ""全线"", ""权限"", ""泉县""]"
4,88,ren2 shi4,4,"[""人世"", ""人事"", ""人士"", ""人是""]"
4,89,se4,4,"[""涩"", ""瑟"", ""色"", ""铯""]"
4,90,shang1,4,"[""伤"", ""商"", ""殇"", ""熵""]"
4,91,shao1,4,"[""梢"", ""烧"", ""稍"", ""筲""]"
4,92,shao4,4,"[""劭"", ""哨"", ""绍"", ""邵""]"
4,93,shen4,4,"[""慎"", ""渗"", ""甚"", ""肾""]"
4,94,sheng4,4,"[""剩"", ""圣"", ""盛"", ""胜""]"
4,95,shi4 ji2,4,"[""室及"", ""市及"", ""市级"", ""市集""]"
4,96,shi4 li4,4,"[""势力"", ""市立"", ""示例"", ""视力""]"
4,97,shou3,4,"[""守"", ""手"", ""艏"", ""首""]"
4,98,song1,4,"[""崧"", ""嵩"", ""松"", ""淞""]"
4,99,suo3,4,"[""所"", ""琐"", ""索"", ""锁""]"
4,100,ta1 de,4,"[""他的"", ""她的"", ""它的"", ""牠的""]"
4,101,ta1 men,4,"[""他们"", ""她们"", ""它们"", ""牠们""]"
4,102,ta1 men de,4,"[""他们的"", ""她们的"", ""它们的"", ""牠们的""]"
4,103,ta1 yi3,4,"[""他以"", ""他已"", ""她以"", ""它以""]"
4,104,ta1 zai4,4,"[""他再"", ""他在"", ""她在"", ""它在""]"
4,105,tai2,4,"[""台"", ""抬"", ""苔"", ""跆""]"
4,106,tan1,4,"[""坍"", ""摊"", ""滩"", ""贪""]"
4,107,tan4,4,"[""叹"", ""探"", ""炭"", ""碳""]"
4,108,tao1,4,"[""掏"", ""涛"", ""滔"", ""韬""]"
4,109,teng2,4,"[""滕"", ""疼"", ""腾"", ""藤""]"
4,110,ti1,4,"[""剔"", ""梯"", ""踢"", ""锑""]"
4,111,tun2,4,"[""屯"", ""臀"", ""豚"", ""鲀""]"
4,112,wan1,4,"[""弯"", ""湾"", ""蜿"", ""豌""]"
4,113,wang3,4,"[""往"", ""枉"", ""网"", ""罔""]"
4,114,wang4,4,"[""妄"", ""忘"", ""旺"", ""望""]"
4,115,xi1 lin2,4,"[""西临"", ""西林"", ""西邻"", ""锡林""]"
4,116,xian3,4,"[""冼"", ""显"", ""藓"", ""险""]"
4,117,xiang2,4,"[""庠"", ""祥"", ""翔"", ""详""]"
4,118,xiang3,4,"[""享"", ""响"", ""想"", ""饷""]"
4,119,xiao3,4,"[""小"", ""晓"", ""筱"", ""筿""]"
4,120,xie1,4,"[""些"", ""楔"", ""歇"", ""蝎""]"
4,121,xin1 sheng1,4,"[""心声"", ""心生"", ""新声"", ""新生""]"
4,122,xing1,4,"[""兴"", ""星"", ""猩"", ""腥""]"
4,123,xing4,4,"[""姓"", ""幸"", ""性"", ""杏""]"
4,124,ya4,4,"[""亚"", ""娅"", ""讶"", ""轧""]"
4,125,yang1,4,"[""央"", ""秧"", ""鞅"", ""鸯""]"
4,126,yang3,4,"[""仰"", ""养"", ""氧"", ""痒""]"
4,127,yi4 ming2,4,"[""异名"", ""易名"", ""艺名"", ""译名""]"
4,128,yi4 shi4,4,"[""亦是"", ""异世"", ""议事"", ""轶事""]"
4,129,ying3,4,"[""影"", ""郢"", ""颍"", ""颖""]"
4,130,you3 yi4,4,"[""友谊"", ""有异"", ""有意"", ""有益""]"
4,131,yuan1,4,"[""冤"", ""渊"", ""鸢"", ""鸳""]"
4,132,yuan2 zhu4,4,"[""原住"", ""原著"", ""圆柱"", ""援助""]"
4,133,ze2,4,"[""则"", ""择"", ""泽"", ""责""]"
4,134,zhan3,4,"[""展"", ""崭"", ""斩"", ""盏""]"
4,135,zhe3,4,"[""者"", ""褶"", ""赭"", ""锗""]"
4,136,zhe4,4,"[""柘"", ""浙"", ""蔗"", ""这""]"
4,137,zhen3,4,"[""枕"", ""疹"", ""诊"", ""轸""]"
4,138,zhi1 shi4,4,"[""之事"", ""之势"", ""之士"", ""知事""]"
4,139,zhu2,4,"[""烛"", ""竹"", ""竺"", ""逐""]"
4,140,zhuang1,4,"[""妆"", ""庄"", ""桩"", ""装""]"
4,141,zhuo1,4,"[""拙"", ""捉"", ""桌"", ""涿""]"
4,142,zi3,4,"[""姊"", ""梓"", ""籽"", ""紫""]"
4,143,zi4 xing2,4,"[""字型"", ""字形"", ""字行"", ""自行""]"
4,144,zong1,4,"[""宗"", ""棕"", ""综"", ""踪""]"
4,145,zu3,4,"[""祖"", ""组"", ""诅"", ""阻""]"
4,146,zun1,4,"[""尊"", ""樽"", ""遵"", ""鳟""]"
5,1,ai4,5,"[""暧"", ""爱"", ""碍"", ""艾"", ""隘""]"
5,2,an1,5,"[""安"", ""庵"", ""氨"", ""鞍"", ""𩽾""]"
5,3,ao2,5,"[""敖"", ""熬"", ""翱"", ""螯"", ""鳌""]"
5,4,ba4,5,"[""坝"", ""爸"", ""罢"", ""耙"", ""霸""]"
5,5,bai3,5,"[""佰"", ""摆"", ""柏"", ""栢"", ""百""]"
5,6,bao1,5,"[""包"", ""孢"", ""胞"", ""苞"", ""褒""]"
5,7,bao3,5,"[""保"", ""堡"", ""宝"", ""葆"", ""饱""]"
5,8,bei1,5,"[""卑"", ""悲"", ""杯"", ""碑"", ""陂""]"
5,9,bu4 li4,5,"[""不利"", ""不力"", ""布利"", ""布力"", ""布莉""]"
5,10,ce4,5,"[""侧"", ""册"", ""厕"", ""测"", ""策""]"
5,11,chang2,5,"[""偿"", ""嫦"", ""尝"", ""常"", ""肠""]"
5,12,chao2,5,"[""嘲"", ""巢"", ""晁"", ""朝"", ""潮""]"
5,13,chu4,5,"[""处"", ""畜"", ""矗"", ""触"", ""黜""]"
5,14,cong1,5,"[""匆"", ""囱"", ""枞"", ""聪"", ""葱""]"
5,15,da2,5,"[""妲"", ""答"", ""达"", ""靼"", ""鞑""]"
5,16,dan1,5,"[""丹"", ""单"", ""担"", ""耽"", ""郸""]"
5,17,di3,5,"[""底"", ""抵"", ""砥"", ""诋"", ""邸""]"
5,18,ding1,5,"[""丁"", ""仃"", ""叮"", ""盯"", ""钉""]"
5,19,ding4,5,"[""啶"", ""定"", ""碇"", ""订"", ""锭""]"
5,20,dou4,5,"[""斗"", ""痘"", ""窦"", ""豆"", ""逗""]"
5,21,dun1,5,"[""吨"", ""墩"", ""惇"", ""敦"", ""蹲""]"
5,22,fa2,5,"[""乏"", ""伐"", ""筏"", ""罚"", ""阀""]"
5,23,gai4,5,"[""丐"", ""概"", ""溉"", ""盖"", ""钙""]"
5,24,gou4,5,"[""垢"", ""够"", ""构"", ""诟"", ""购""]"
5,25,gu4,5,"[""固"", ""故"", ""锢"", ""雇"", ""顾""]"
5,26,guan1,5,"[""关"", ""冠"", ""官"", ""棺"", ""观""]"
5,27,gui3,5,"[""晷"", ""癸"", ""诡"", ""轨"", ""鬼""]"
5,28,hao2,5,"[""壕"", ""毫"", ""濠"", ""蚝"", ""豪""]"
5,29,he4,5,"[""壑"", ""褐"", ""贺"", ""赫"", ""鹤""]"
5,30,heng2,5,"[""恒"", ""桁"", ""横"", ""衡"", ""鸻""]"
5,31,hou4,5,"[""候"", ""厚"", ""后"", ""逅"", ""鲎""]"
5,32,hua4,5,"[""划"", ""化"", ""桦"", ""画"", ""话""]"
5,33,huai2,5,"[""徊"", ""怀"", ""槐"", ""淮"", ""踝""]"
5,34,ji3,5,"[""几"", ""嵴"", ""己"", ""戟"", ""挤""]"
5,35,jia4,5,"[""价"", ""嫁"", ""架"", ""稼"", ""驾""]"
5,36,jie1,5,"[""接"", ""揭"", ""皆"", ""街"", ""阶""]"
5,37,jiu3,5,"[""久"", ""九"", ""灸"", ""玖"", ""酒""]"
5,38,juan4,5,"[""倦"", ""巻"", ""眷"", ""绢"", ""隽""]"
5,39,jun1,5,"[""军"", ""君"", ""均"", ""菌"", ""钧""]"
5,40,kan1,5,"[""刊"", ""勘"", ""堪"", ""戡"", ""龛""]"
5,41,ku1,5,"[""哭"", ""堀"", ""枯"", ""窟"", ""骷""]"
5,42,kuang4,5,"[""况"", ""旷"", ""眶"", ""矿"", ""邝""]"
5,43,lai2,5,"[""俫"", ""徕"", ""来"", ""莱"", ""铼""]"
5,44,lai4,5,"[""濑"", ""瀬"", ""睐"", ""赉"", ""赖""]"
5,45,lan3,5,"[""懒"", ""揽"", ""榄"", ""缆"", ""览""]"
5,46,lian4,5,"[""恋"", ""殓"", ""炼"", ""练"", ""链""]"
5,47,liang2,5,"[""凉"", ""梁"", ""粮"", ""粱"", ""良""]"
5,48,liang4,5,"[""亮"", ""晾"", ""谅"", ""辆"", ""量""]"
5,49,lun2,5,"[""仑"", ""伦"", ""沦"", ""纶"", ""轮""]"
5,50,ma3 li4,5,"[""玛丽"", ""玛利"", ""玛莉"", ""马利"", ""马力""]"
5,51,man4,5,"[""幔"", ""慢"", ""曼"", ""漫"", ""蔓""]"
5,52,mang2,5,"[""忙"", ""氓"", ""盲"", ""芒"", ""茫""]"
5,53,mu3,5,"[""亩"", ""姆"", ""拇"", ""母"", ""牡""]"
5,54,na4,5,"[""呐"", ""娜"", ""纳"", ""那"", ""钠""]"
5,55,nan2,5,"[""南"", ""喃"", ""楠"", ""男"", ""难""]"
5,56,pi4,5,"[""僻"", ""媲"", ""屁"", ""譬"", ""辟""]"
5,57,qiang1,5,"[""呛"", ""枪"", ""羌"", ""腔"", ""锵""]"
5,58,qiao2,5,"[""乔"", ""侨"", ""桥"", ""樵"", ""谯""]"
5,59,qiu2,5,"[""囚"", ""求"", ""球"", ""裘"", ""酋""]"
5,60,qu2,5,"[""朐"", ""渠"", ""瞿"", ""衢"", ""鼩""]"
5,61,ru2,5,"[""儒"", ""如"", ""孺"", ""茹"", ""蠕""]"
5,62,rui4,5,"[""叡"", ""瑞"", ""睿"", ""芮"", ""锐""]"
5,63,shi4 he2,5,"[""室和"", ""市和"", ""式和"", ""是和"", ""适合""]"
5,64,shi4 ji4,5,"[""世纪"", ""事记"", ""事迹"", ""是继"", ""试剂""]"
5,65,shi4 zhong1,5,"[""事中"", ""侍中"", ""室中"", ""式中"", ""是中""]"
5,66,song4,5,"[""宋"", ""讼"", ""诵"", ""送"", ""颂""]"
5,67,suo1,5,"[""唆"", ""娑"", ""梭"", ""缩"", ""羧""]"
5,68,ting1,5,"[""厅"", ""听"", ""汀"", ""烃"", ""町""]"
5,69,wan2,5,"[""丸"", ""完"", ""烷"", ""玩"", ""顽""]"
5,70,wo1,5,"[""倭"", ""挝"", ""涡"", ""窝"", ""蜗""]"
5,71,wo4,5,"[""卧"", ""握"", ""斡"", ""沃"", ""渥""]"
5,72,xi2,5,"[""习"", ""媳"", ""席"", ""檄"", ""袭""]"
5,73,xian4 zhi4,5,"[""县志"", ""县治"", ""县置"", ""宪制"", ""限制""]"
5,74,xing2 shi4,5,"[""刑事"", ""型式"", ""形势"", ""形式"", ""行事""]"
5,75,xiong1,5,"[""兄"", ""凶"", ""匈"", ""汹"", ""胸""]"
5,76,xuan2,5,"[""悬"", ""旋"", ""漩"", ""玄"", ""璇""]"
5,77,yao1,5,"[""夭"", ""妖"", ""幺"", ""腰"", ""邀""]"
5,78,yao4,5,"[""曜"", ""耀"", ""药"", ""要"", ""钥""]"
5,79,yi1 shi4,5,"[""一世"", ""一事"", ""一是"", ""伊势"", ""伊士""]"
5,80,yi4 wei4,5,"[""亦为"", ""亦未"", ""意为"", ""意味"", ""译为""]"
5,81,yin2,5,"[""吟"", ""寅"", ""淫"", ""鄞"", ""银""]"
5,82,yin3,5,"[""尹"", ""引"", ""瘾"", ""隐"", ""饮""]"
5,83,you1,5,"[""优"", ""幽"", ""忧"", ""悠"", ""攸""]"
5,84,zao3,5,"[""早"", ""枣"", ""澡"", ""藻"", ""蚤""]"
5,85,zhan1,5,"[""毡"", ""沾"", ""瞻"", ""粘"", ""詹""]"
5,86,zhan4 li4,5,"[""战利"", ""战力"", ""战栗"", ""站立"", ""颤栗""]"
5,87,zheng4,5,"[""政"", ""正"", ""症"", ""证"", ""郑""]"
5,88,zhong1 shi4,5,"[""中士"", ""中市"", ""中式"", ""中是"", ""中视""]"
5,89,zhou1,5,"[""周"", ""州"", ""洲"", ""粥"", ""舟""]"
5,90,zhu3,5,"[""主"", ""嘱"", ""渚"", ""煮"", ""瞩""]"
6,1,an4,6,"[""岸"", ""按"", ""暗"", ""案"", ""胺"", ""黯""]"
6,2,ban1,6,"[""扳"", ""搬"", ""斑"", ""班"", ""般"", ""颁""]"
6,3,bang4,6,"[""傍"", ""棒"", ""磅"", ""蚌"", ""谤"", ""镑""]"
6,4,bao4,6,"[""报"", ""抱"", ""暴"", ""爆"", ""豹"", ""鲍""]"
6,5,chi3,6,"[""侈"", ""呎"", ""尺"", ""耻"", ""褫"", ""齿""]"
6,6,dao3,6,"[""导"", ""岛"", ""嶋"", ""捣"", ""祷"", ""蹈""]"
6,7,diao1,6,"[""凋"", ""刁"", ""碉"", ""貂"", ""雕"", ""鲷""]"
6,8,dong4,6,"[""侗"", ""冻"", ""动"", ""峒"", ""栋"", ""洞""]"
6,9,du4,6,"[""妒"", ""度"", ""杜"", ""渡"", ""肚"", ""镀""]"
6,10,er3,6,"[""尔"", ""洱"", ""珥"", ""耳"", ""迩"", ""饵""]"
6,11,fan1,6,"[""帆"", ""幡"", ""番"", ""翻"", ""蕃"", ""藩""]"
6,12,fan4,6,"[""梵"", ""泛"", ""犯"", ""范"", ""贩"", ""饭""]"
6,13,fei4,6,"[""吠"", ""废"", ""沸"", ""狒"", ""肺"", ""费""]"
6,14,fen1,6,"[""分"", ""吩"", ""氛"", ""纷"", ""芬"", ""酚""]"
6,15,gao1,6,"[""皋"", ""睾"", ""糕"", ""羔"", ""膏"", ""高""]"
6,16,ge2,6,"[""格"", ""膈"", ""葛"", ""阁"", ""隔"", ""革""]"
6,17,gong1 shi4,6,"[""公事"", ""公式"", ""公示"", ""公视"", ""工事"", ""攻势""]"
6,18,gui4,6,"[""柜"", ""桂"", ""桧"", ""炔"", ""贵"", ""跪""]"
6,19,han2,6,"[""函"", ""含"", ""寒"", ""涵"", ""邯"", ""韩""]"
6,20,hao4,6,"[""号"", ""昊"", ""浩"", ""灏"", ""皓"", ""耗""]"
6,21,huo4,6,"[""惑"", ""或"", ""祸"", ""获"", ""货"", ""霍""]"
6,22,jia3,6,"[""假"", ""岬"", ""甲"", ""胛"", ""贾"", ""钾""]"
6,23,ju1,6,"[""居"", ""拘"", ""狙"", ""疽"", ""鞠"", ""驹""]"
6,24,ju3,6,"[""举"", ""咀"", ""榉"", ""沮"", ""矩"", ""莒""]"
6,25,ke1,6,"[""柯"", ""棵"", ""珂"", ""科"", ""苛"", ""颗""]"
6,26,ke4,6,"[""克"", ""刻"", ""客"", ""恪"", ""氪"", ""课""]"
6,27,luo2,6,"[""罗"", ""萝"", ""螺"", ""逻"", ""锣"", ""骡""]"
6,28,lv4,6,"[""律"", ""氯"", ""滤"", ""率"", ""绿"", ""虑""]"
6,29,mao2,6,"[""毛"", ""牦"", ""矛"", ""茅"", ""锚"", ""髦""]"
6,30,mao4,6,"[""冒"", ""帽"", ""懋"", ""茂"", ""貌"", ""贸""]"
6,31,mian3,6,"[""免"", ""冕"", ""勉"", ""娩"", ""沔"", ""缅""]"
6,32,min3,6,"[""悯"", ""愍"", ""敏"", ""皿"", ""闵"", ""闽""]"
6,33,ming2,6,"[""冥"", ""名"", ""明"", ""茗"", ""铭"", ""鸣""]"
6,34,ni4,6,"[""匿"", ""昵"", ""暱"", ""溺"", ""腻"", ""逆""]"
6,35,nie4,6,"[""啮"", ""孽"", ""涅"", ""聂"", ""镍"", ""颞""]"
6,36,pan4,6,"[""判"", ""叛"", ""拚"", ""泮"", ""畔"", ""盼""]"
6,37,qiu1,6,"[""丘"", ""坵"", ""秋"", ""萩"", ""邱"", ""鳅""]"
6,38,que4,6,"[""却"", ""榷"", ""确"", ""阕"", ""雀"", ""鹊""]"
6,39,ren4,6,"[""任"", ""刃"", ""妊"", ""认"", ""韧"", ""饪""]"
6,40,sheng1,6,"[""升"", ""声"", ""牲"", ""生"", ""甥"", ""笙""]"
6,41,shi3,6,"[""使"", ""史"", ""始"", ""屎"", ""矢"", ""驶""]"
6,42,shi4 wei4,6,"[""侍卫"", ""式为"", ""是为"", ""是位"", ""氏为"", ""视为""]"
6,43,ta1,6,"[""他"", ""塌"", ""她"", ""它"", ""牠"", ""祂""]"
6,44,tai4,6,"[""太"", ""态"", ""汰"", ""泰"", ""肽"", ""钛""]"
6,45,tao2,6,"[""桃"", ""洮"", ""淘"", ""萄"", ""逃"", ""陶""]"
6,46,ti2,6,"[""提"", ""缇"", ""蹄"", ""醍"", ""题"", ""鹈""]"
6,47,wen2,6,"[""文"", ""玟"", ""纹"", ""蚊"", ""闻"", ""雯""]"
6,48,xi3,6,"[""喜"", ""徙"", ""洗"", ""玺"", ""禧"", ""铣""]"
6,49,xi4,6,"[""戏"", ""潟"", ""矽"", ""系"", ""细"", ""隙""]"
6,50,xiang4,6,"[""像"", ""向"", ""巷"", ""橡"", ""象"", ""项""]"
6,51,xing2,6,"[""刑"", ""型"", ""形"", ""荥"", ""行"", ""邢""]"
6,52,xuan4,6,"[""泫"", ""渲"", ""炫"", ""眩"", ""绚"", ""铉""]"
6,53,ya1,6,"[""丫"", ""压"", ""垭"", ""押"", ""鸦"", ""鸭""]"
6,54,ya2,6,"[""崖"", ""涯"", ""牙"", ""琊"", ""芽"", ""衙""]"
6,55,yuan4,6,"[""媛"", ""怨"", ""愿"", ""掾"", ""苑"", ""院""]"
6,56,zao4,6,"[""噪"", ""灶"", ""燥"", ""皂"", ""躁"", ""造""]"
6,57,zhan4,6,"[""占"", ""战"", ""栈"", ""湛"", ""站"", ""绽""]"
6,58,zhang1,6,"[""张"", ""彰"", ""樟"", ""漳"", ""璋"", ""章""]"
6,59,zhe2,6,"[""哲"", ""喆"", ""折"", ""谪"", ""辄"", ""辙""]"
6,60,zheng1,6,"[""争"", ""征"", ""挣"", ""筝"", ""蒸"", ""铮""]"
6,61,zheng4 shi4,6,"[""政事"", ""正室"", ""正式"", ""正是"", ""正视"", ""郑氏""]"
6,62,zhong1,6,"[""中"", ""忠"", ""终"", ""衷"", ""钟"", ""锺""]"
6,63,zhou4,6,"[""咒"", ""宙"", ""昼"", ""皱"", ""胄"", ""骤""]"
6,64,zuo4,6,"[""作"", ""做"", ""唑"", ""坐"", ""座"", ""祚""]"
7,1,ba1,7,"[""八"", ""叭"", ""峇"", ""巴"", ""扒"", ""疤"", ""芭""]"
7,2,ban4,7,"[""伴"", ""办"", ""半"", ""扮"", ""拌"", ""瓣"", ""绊""]"
7,3,bi3,7,"[""俾"", ""匕"", ""吡"", ""彼"", ""比"", ""笔"", ""鄙""]"
7,4,biao1,7,"[""彪"", ""杓"", ""标"", ""镖"", ""镳"", ""飙"", ""骠""]"
7,5,bing3,7,"[""丙"", ""摒"", ""柄"", ""炳"", ""禀"", ""秉"", ""饼""]"
7,6,chi2,7,"[""坻"", ""墀"", ""弛"", ""持"", ""池"", ""迟"", ""驰""]"
7,7,chou2,7,"[""仇"", ""愁"", ""畴"", ""稠"", ""筹"", ""绸"", ""酬""]"
7,8,dao4,7,"[""倒"", ""到"", ""悼"", ""焘"", ""盗"", ""稻"", ""道""]"
7,9,die2,7,"[""叠"", ""牒"", ""碟"", ""蝶"", ""谍"", ""迭"", ""鲽""]"
7,10,dun4,7,"[""囤"", ""沌"", ""炖"", ""盾"", ""遁"", ""钝"", ""顿""]"
7,11,fan2,7,"[""凡"", ""樊"", ""烦"", ""璠"", ""矾"", ""繁"", ""钒""]"
7,12,fei1,7,"[""啡"", ""妃"", ""绯"", ""菲"", ""非"", ""飞"", ""鲱""]"
7,13,fu1,7,"[""呋"", ""夫"", ""孵"", ""敷"", ""肤"", ""跗"", ""鄜""]"
7,14,gan1,7,"[""杆"", ""柑"", ""甘"", ""竿"", ""肝"", ""苷"", ""酐""]"
7,15,gang1,7,"[""冈"", ""刚"", ""杠"", ""纲"", ""缸"", ""肛"", ""钢""]"
7,16,jiang1,7,"[""僵"", ""姜"", ""将"", ""江"", ""浆"", ""疆"", ""鳉""]"
7,17,jin1,7,"[""今"", ""巾"", ""斤"", ""津"", ""筋"", ""襟"", ""金""]"
7,18,jing3,7,"[""井"", ""憬"", ""景"", ""璟"", ""警"", ""阱"", ""颈""]"
7,19,jun4,7,"[""俊"", ""峻"", ""浚"", ""濬"", ""竣"", ""郡"", ""骏""]"
7,20,kai3,7,"[""凯"", ""嘅"", ""恺"", ""慨"", ""楷"", ""铠"", ""闿""]"
7,21,lie4,7,"[""列"", ""劣"", ""捩"", ""烈"", ""猎"", ""裂"", ""鬣""]"
7,22,long2,7,"[""咙"", ""泷"", ""珑"", ""笼"", ""聋"", ""隆"", ""龙""]"
7,23,luan2,7,"[""孪"", ""峦"", ""挛"", ""栾"", ""滦"", ""銮"", ""鸾""]"
7,24,luo4,7,"[""洛"", ""漯"", ""珞"", ""络"", ""落"", ""雒"", ""骆""]"
7,25,lv3,7,"[""侣"", ""吕"", ""屡"", ""履"", ""旅"", ""缕"", ""铝""]"
7,26,pu2,7,"[""匍"", ""濮"", ""璞"", ""莆"", ""菩"", ""葡"", ""蒲""]"
7,27,pu3,7,"[""圃"", ""埔"", ""普"", ""朴"", ""浦"", ""溥"", ""谱""]"
7,28,qi3,7,"[""乞"", ""企"", ""启"", ""岂"", ""杞"", ""绮"", ""起""]"
7,29,qian4,7,"[""倩"", ""堑"", ""嵌"", ""欠"", ""歉"", ""茜"", ""蒨""]"
7,30,qin2,7,"[""勤"", ""嗪"", ""擒"", ""琴"", ""禽"", ""秦"", ""芹""]"
7,31,qing1,7,"[""倾"", ""卿"", ""氢"", ""清"", ""蜻"", ""轻"", ""青""]"
7,32,qu1,7,"[""区"", ""屈"", ""岖"", ""曲"", ""趋"", ""躯"", ""驱""]"
7,33,ti4,7,"[""剃"", ""嚏"", ""悌"", ""惕"", ""替"", ""涕"", ""薙""]"
7,34,tian2,7,"[""填"", ""恬"", ""甜"", ""田"", ""畑"", ""畠"", ""阗""]"
7,35,ting2,7,"[""亭"", ""停"", ""婷"", ""庭"", ""廷"", ""蜓"", ""霆""]"
7,36,tu2,7,"[""图"", ""屠"", ""徒"", ""涂"", ""荼"", ""菟"", ""途""]"
7,37,wei1,7,"[""危"", ""威"", ""巍"", ""微"", ""萎"", ""薇"", ""隈""]"
7,38,xiao4,7,"[""咲"", ""啸"", ""孝"", ""效"", ""校"", ""笑"", ""肖""]"
7,39,xiu4,7,"[""嗅"", ""溴"", ""琇"", ""秀"", ""绣"", ""袖"", ""锈""]"
7,40,xuan1,7,"[""喧"", ""宣"", ""暄"", ""煊"", ""瑄"", ""萱"", ""轩""]"
7,41,yin1,7,"[""因"", ""姻"", ""殷"", ""茵"", ""荫"", ""阴"", ""音""]"
7,42,yong1,7,"[""佣"", ""墉"", ""庸"", ""拥"", ""邕"", ""镛"", ""雍""]"
7,43,yun2,7,"[""云"", ""匀"", ""昀"", ""筠"", ""纭"", ""芸"", ""郧""]"
7,44,zha4,7,"[""乍"", ""咤"", ""柞"", ""栅"", ""榨"", ""炸"", ""诈""]"
7,45,zhang4,7,"[""丈"", ""仗"", ""帐"", ""杖"", ""胀"", ""账"", ""障""]"
7,46,zhao4,7,"[""兆"", ""召"", ""照"", ""罩"", ""肇"", ""诏"", ""赵""]"
7,47,zhen4,7,"[""圳"", ""振"", ""朕"", ""赈"", ""镇"", ""阵"", ""震""]"
7,48,zhuo2,7,"[""卓"", ""啄"", ""擢"", ""浊"", ""灼"", ""酌"", ""镯""]"
8,1,bin1,8,"[""宾"", ""彬"", ""斌"", ""槟"", ""滨"", ""濒"", ""缤"", ""邠""]"
8,2,bo1,8,"[""剥"", ""拨"", ""播"", ""波"", ""玻"", ""砵"", ""菠"", ""钵""]"
8,3,bu4,8,"[""不"", ""埗"", ""埠"", ""布"", ""廍"", ""步"", ""簿"", ""部""]"
8,4,chi4,8,"[""勅"", ""叱"", ""敕"", ""斥"", ""炽"", ""翅"", ""赤"", ""饬""]"
8,5,chu2,8,"[""刍"", ""厨"", ""橱"", ""滁"", ""蜍"", ""锄"", ""除"", ""雏""]"
8,6,ci2,8,"[""慈"", ""瓷"", ""磁"", ""祠"", ""茨"", ""词"", ""辞"", ""雌""]"
8,7,di2,8,"[""嫡"", ""敌"", ""涤"", ""狄"", ""笛"", ""翟"", ""荻"", ""迪""]"
8,8,dian4,8,"[""佃"", ""垫"", ""奠"", ""店"", ""殿"", ""淀"", ""玷"", ""电""]"
8,9,fu3,8,"[""俯"", ""府"", ""抚"", ""斧"", ""甫"", ""腐"", ""辅"", ""釜""]"
8,10,gu1,8,"[""估"", ""咕"", ""姑"", ""孤"", ""沽"", ""箍"", ""菇"", ""辜""]"
8,11,gu3,8,"[""古"", ""股"", ""蛊"", ""谷"", ""钴"", ""骨"", ""鹘"", ""鼓""]"
8,12,hu4,8,"[""互"", ""户"", ""扈"", ""护"", ""沪"", ""祜"", ""笏"", ""鹱""]"
8,13,jia1,8,"[""佳"", ""加"", ""嘉"", ""夹"", ""家"", ""珈"", ""茄"", ""迦""]"
8,14,jiao4,8,"[""叫"", ""教"", ""滘"", ""窖"", ""轿"", ""较"", ""酵"", ""醮""]"
8,15,kui2,8,"[""夔"", ""奎"", ""揆"", ""睽"", ""葵"", ""蝰"", ""逵"", ""魁""]"
8,16,kun1,8,"[""坤"", ""堃"", ""昆"", ""琨"", ""裈"", ""醌"", ""锟"", ""鲲""]"
8,17,lang2,8,"[""廊"", ""榔"", ""狼"", ""琅"", ""瑯"", ""螂"", ""郎"", ""阆""]"
8,18,liao2,8,"[""僚"", ""寥"", ""寮"", ""疗"", ""聊"", ""藔"", ""辽"", ""鹩""]"
8,19,lu2,8,"[""卢"", ""庐"", ""泸"", ""炉"", ""胪"", ""芦"", ""颅"", ""鲈""]"
8,20,mo2,8,"[""摩"", ""摹"", ""模"", ""磨"", ""膜"", ""蘑"", ""谟"", ""魔""]"
8,21,peng2,8,"[""彭"", ""朋"", ""棚"", ""硼"", ""篷"", ""膨"", ""蓬"", ""鹏""]"
8,22,pi1,8,"[""丕"", ""劈"", ""坯"", ""批"", ""披"", ""邳"", ""铍"", ""霹""]"
8,23,pi2,8,"[""啤"", ""埤"", ""毗"", ""毘"", ""琵"", ""疲"", ""皮"", ""脾""]"
8,24,ping2,8,"[""凭"", ""坪"", ""屏"", ""平"", ""瓶"", ""苹"", ""萍"", ""评""]"
8,25,qi1,8,"[""七"", ""凄"", ""妻"", ""戚"", ""期"", ""栖"", ""欺"", ""漆""]"
8,26,sha1,8,"[""刹"", ""杀"", ""沙"", ""煞"", ""砂"", ""纱"", ""莎"", ""鲨""]"
8,27,shan1,8,"[""删"", ""姗"", ""山"", ""杉"", ""煽"", ""珊"", ""衫"", ""钐""]"
8,28,shan4,8,"[""善"", ""扇"", ""擅"", ""汕"", ""缮"", ""膳"", ""赡"", ""鳝""]"
8,29,shi1,8,"[""失"", ""尸"", ""师"", ""施"", ""湿"", ""狮"", ""虱"", ""诗""]"
8,30,shi4 de,8,"[""世的"", ""事的"", ""士的"", ""室的"", ""市的"", ""式的"", ""是的"", ""氏的""]"
8,31,shou4,8,"[""兽"", ""受"", ""售"", ""寿"", ""授"", ""狩"", ""瘦"", ""绶""]"
8,32,shu3,8,"[""属"", ""暑"", ""曙"", ""署"", ""薯"", ""蜀"", ""黍"", ""鼠""]"
8,33,si1,8,"[""丝"", ""厮"", ""司"", ""思"", ""撕"", ""斯"", ""私"", ""锶""]"
8,34,su4,8,"[""塑"", ""宿"", ""溯"", ""粟"", ""素"", ""肃"", ""诉"", ""速""]"
8,35,sui4,8,"[""岁"", ""歳"", ""燧"", ""碎"", ""穗"", ""遂"", ""邃"", ""隧""]"
8,36,tan2,8,"[""坛"", ""昙"", ""檀"", ""潭"", ""痰"", ""覃"", ""谈"", ""谭""]"
8,37,tang2,8,"[""唐"", ""堂"", ""塘"", ""棠"", ""瑭"", ""糖"", ""膛"", ""螳""]"
8,38,tuo2,8,"[""佗"", ""坨"", ""沱"", ""陀"", ""驒"", ""驮"", ""驼"", ""鸵""]"
8,39,wan3,8,"[""婉"", ""宛"", ""挽"", ""晚"", ""琬"", ""皖"", ""碗"", ""绾""]"
8,40,wu1,8,"[""乌"", ""呜"", ""屋"", ""巫"", ""污"", ""诬"", ""邬"", ""钨""]"
8,41,wu2,8,"[""吴"", ""吾"", ""唔"", ""无"", ""梧"", ""毋"", ""芜"", ""蜈""]"
8,42,xian1,8,"[""仙"", ""先"", ""掀"", ""暹"", ""氙"", ""纤"", ""酰"", ""鲜""]"
8,43,yan1,8,"[""嫣"", ""淹"", ""湮"", ""烟"", ""焉"", ""腌"", ""鄢"", ""阉""]"
8,44,yi3,8,"[""乙"", ""以"", ""倚"", ""已"", ""椅"", ""矣"", ""蚁"", ""钇""]"
8,45,yun4,8,"[""孕"", ""恽"", ""蕴"", ""运"", ""郓"", ""酝"", ""韫"", ""韵""]"
9,1,chen2,9,"[""宸"", ""尘"", ""忱"", ""晨"", ""沉"", ""臣"", ""谌"", ""辰"", ""陈""]"
9,2,dan4,9,"[""但"", ""弹"", ""惮"", ""旦"", ""氮"", ""淡"", ""澹"", ""蛋"", ""诞""]"
9,3,e2,9,"[""俄"", ""娥"", ""峨"", ""莪"", ""蛾"", ""讹"", ""锇"", ""额"", ""鹅""]"
9,4,ge1,9,"[""仡"", ""割"", ""咯"", ""哥"", ""戈"", ""搁"", ""歌"", ""纥"", ""鸽""]"
9,5,hong2,9,"[""宏"", ""弘"", ""泓"", ""洪"", ""红"", ""虹"", ""闳"", ""鸿"", ""𫚉""]"
9,6,huan4,9,"[""唤"", ""奂"", ""宦"", ""幻"", ""患"", ""换"", ""浣"", ""涣"", ""焕""]"
9,7,hui1,9,"[""徽"", ""恢"", ""挥"", ""晖"", ""灰"", ""珲"", ""诙"", ""辉"", ""麾""]"
9,8,jie4,9,"[""介"", ""借"", ""堺"", ""届"", ""戒"", ""玠"", ""界"", ""芥"", ""诫""]"
9,9,jin3,9,"[""仅"", ""堇"", ""尽"", ""槿"", ""瑾"", ""紧"", ""谨"", ""锦"", ""馑""]"
9,10,lan2,9,"[""兰"", ""婪"", ""岚"", ""拦"", ""栏"", ""澜"", ""篮"", ""蓝"", ""阑""]"
9,11,li3,9,"[""俚"", ""李"", ""浬"", ""澧"", ""理"", ""礼"", ""里"", ""锂"", ""鲤""]"
9,12,lian2,9,"[""帘"", ""廉"", ""怜"", ""涟"", ""濂"", ""联"", ""莲"", ""连"", ""镰""]"
9,13,mi4,9,"[""嘧"", ""密"", ""幂"", ""泌"", ""秘"", ""糸"", ""蜜"", ""觅"", ""谧""]"
9,14,qian1,9,"[""佥"", ""千"", ""牵"", ""签"", ""谦"", ""迁"", ""铅"", ""阡"", ""骞""]"
9,15,qian2,9,"[""乾"", ""前"", ""墘"", ""潜"", ""虔"", ""钤"", ""钱"", ""钳"", ""黔""]"
9,16,quan2,9,"[""全"", ""拳"", ""权"", ""泉"", ""痊"", ""荃"", ""诠"", ""醛"", ""铨""]"
9,17,she4,9,"[""射"", ""慑"", ""摄"", ""歙"", ""涉"", ""社"", ""设"", ""赦"", ""麝""]"
9,18,si4,9,"[""嗣"", ""四"", ""寺"", ""巳"", ""汜"", ""泗"", ""祀"", ""肆"", ""饲""]"
9,19,wu3,9,"[""五"", ""伍"", ""侮"", ""午"", ""庑"", ""忤"", ""武"", ""舞"", ""鹉""]"
9,20,xian2,9,"[""䲗"", ""咸"", ""娴"", ""嫌"", ""弦"", ""舷"", ""衔"", ""贤"", ""闲""]"
9,21,xiang1,9,"[""乡"", ""厢"", ""湘"", ""相"", ""箱"", ""襄"", ""镶"", ""香"", ""骧""]"
9,22,xu1,9,"[""吁"", ""嘘"", ""墟"", ""戌"", ""胥"", ""虚"", ""需"", ""须"", ""顼""]"
9,23,xun4,9,"[""巽"", ""殉"", ""汛"", ""蕈"", ""训"", ""讯"", ""迅"", ""逊"", ""驯""]"
9,24,yang2,9,"[""佯"", ""扬"", ""旸"", ""杨"", ""洋"", ""炀"", ""疡"", ""羊"", ""阳""]"
9,25,yue4,9,"[""岳"", ""悦"", ""月"", ""樾"", ""粤"", ""越"", ""跃"", ""钺"", ""阅""]"
9,26,zi1,9,"[""兹"", ""咨"", ""姿"", ""孜"", ""淄"", ""滋"", ""谘"", ""资"", ""辎""]"
10,1,bian4,10,"[""便"", ""卞"", ""变"", ""弁"", ""汴"", ""苄"", ""辨"", ""辩"", ""辫"", ""遍""]"
10,2,dai4,10,"[""代"", ""岱"", ""带"", ""待"", ""怠"", ""戴"", ""殆"", ""袋"", ""贷"", ""黛""]"
10,3,feng1,10,"[""丰"", ""封"", ""峰"", ""枫"", ""烽"", ""疯"", ""砜"", ""蜂"", ""锋"", ""风""]"
10,4,han4,10,"[""悍"", ""憾"", ""捍"", ""撼"", ""旱"", ""汉"", ""汗"", ""瀚"", ""焊"", ""翰""]"
10,5,jin4,10,"[""劲"", ""晋"", ""浸"", ""烬"", ""禁"", ""缙"", ""觐"", ""近"", ""进"", ""靳""]"
10,6,jiu4,10,"[""厩"", ""咎"", ""就"", ""救"", ""旧"", ""柩"", ""疚"", ""臼"", ""舅"", ""鹫""]"
10,7,liu2,10,"[""刘"", ""榴"", ""流"", ""浏"", ""琉"", ""瑠"", ""留"", ""瘤"", ""硫"", ""馏""]"
10,8,mi2,10,"[""弥"", ""猕"", ""祢"", ""糜"", ""縻"", ""谜"", ""迷"", ""醚"", ""靡"", ""麋""]"
10,9,shen1,10,"[""伸"", ""娠"", ""深"", ""燊"", ""申"", ""砷"", ""绅"", ""莘"", ""身"", ""鯓""]"
10,10,shi2,10,"[""十"", ""实"", ""寔"", ""拾"", ""时"", ""石"", ""蚀"", ""识"", ""辻"", ""食""]"
10,11,tong2,10,"[""佟"", ""僮"", ""同"", ""彤"", ""桐"", ""潼"", ""瞳"", ""童"", ""酮"", ""铜""]"
10,12,wei2,10,"[""唯"", ""围"", ""圩"", ""帷"", ""惟"", ""桅"", ""潍"", ""维"", ""违"", ""韦""]"
10,13,xie2,10,"[""偕"", ""协"", ""挟"", ""携"", ""斜"", ""胁"", ""脇"", ""谐"", ""邪"", ""鞋""]"
10,14,yan3,10,"[""俨"", ""偃"", ""兖"", ""奄"", ""掩"", ""演"", ""琰"", ""眼"", ""衍"", ""鼹""]"
10,15,yao2,10,"[""姚"", ""尧"", ""摇"", ""瑶"", ""窑"", ""繇"", ""肴"", ""谣"", ""遥"", ""鳐""]"
10,16,yong3,10,"[""俑"", ""勇"", ""咏"", ""恿"", ""永"", ""泳"", ""涌"", ""甬"", ""蛹"", ""踊""]"
10,17,zhi2,10,"[""侄"", ""值"", ""埴"", ""姪"", ""执"", ""植"", ""殖"", ""直"", ""职"", ""跖""]"
10,18,zhi3,10,"[""只"", ""址"", ""指"", ""旨"", ""止"", ""祉"", ""纸"", ""芷"", ""趾"", ""酯""]"
11,1,di4,11,"[""地"", ""娣"", ""帝"", ""弟"", ""棣"", ""碲"", ""第"", ""缔"", ""蒂"", ""谛"", ""递""]"
11,2,huang2,11,"[""凰"", ""惶"", ""潢"", ""煌"", ""璜"", ""皇"", ""磺"", ""簧"", ""蝗"", ""隍"", ""黄""]"
11,3,mo4,11,"[""墨"", ""寞"", ""末"", ""殁"", ""沫"", ""漠"", ""茉"", ""莫"", ""陌"", ""靺"", ""默""]"
11,4,qi4,11,"[""器"", ""契"", ""弃"", ""憩"", ""气"", ""汽"", ""泣"", ""砌"", ""葺"", ""讫"", ""迄""]"
11,5,rong2,11,"[""容"", ""戎"", ""榕"", ""溶"", ""熔"", ""绒"", ""荣"", ""蓉"", ""蝾"", ""融"", ""镕""]"
11,6,wei3,11,"[""伟"", ""伪"", ""委"", ""尾"", ""炜"", ""猥"", ""玮"", ""纬"", ""艉"", ""苇"", ""𬀩""]"
11,7,wu4,11,"[""兀"", ""务"", ""勿"", ""坞"", ""婺"", ""悟"", ""戊"", ""晤"", ""物"", ""误"", ""雾""]"
11,8,xia2,11,"[""侠"", ""匣"", ""峡"", ""暇"", ""狭"", ""瑕"", ""硖"", ""舺"", ""辖"", ""遐"", ""霞""]"
11,9,xun2,11,"[""寻"", ""巡"", ""循"", ""旬"", ""洵"", ""浔"", ""珣"", ""荀"", ""荨"", ""询"", ""鲟""]"
11,10,ye4,11,"[""业"", ""叶"", ""夜"", ""晔"", ""曳"", ""液"", ""烨"", ""腋"", ""谒"", ""邺"", ""页""]"
11,11,yi1,11,"[""一"", ""伊"", ""依"", ""医"", ""咿"", ""壹"", ""揖"", ""漪"", ""祎"", ""衣"", ""黟""]"
11,12,ying2,11,"[""嬴"", ""楹"", ""瀛"", ""盈"", ""荧"", ""莹"", ""萤"", ""营"", ""蝇"", ""赢"", ""迎""]"
11,13,you2,11,"[""尤"", ""油"", ""游"", ""犹"", ""猷"", ""由"", ""疣"", ""邮"", ""铀"", ""鱿"", ""鲉""]"
11,14,you4,11,"[""佑"", ""侑"", ""又"", ""右"", ""宥"", ""幼"", ""柚"", ""祐"", ""诱"", ""釉"", ""鼬""]"
11,15,yu3,11,"[""与"", ""予"", ""俣"", ""宇"", ""屿"", ""庾"", ""瑀"", ""禹"", ""羽"", ""语"", ""雨""]"
11,16,zhi1,11,"[""之"", ""支"", ""枝"", ""汁"", ""知"", ""祗"", ""织"", ""肢"", ""脂"", ""芝"", ""蜘""]"
11,17,zhu4,11,"[""住"", ""助"", ""柱"", ""注"", ""祝"", ""筑"", ""苎"", ""著"", ""贮"", ""铸"", ""驻""]"
12,1,gong1,12,"[""供"", ""公"", ""功"", ""宫"", ""工"", ""弓"", ""恭"", ""攻"", ""肱"", ""蚣"", ""躬"", ""龚""]"
12,2,gui1,12,"[""傀"", ""圭"", ""归"", ""槻"", ""珪"", ""瑰"", ""皈"", ""硅"", ""规"", ""闺"", ""鲑"", ""龟""]"
12,3,hu2,12,"[""壶"", ""弧"", ""斛"", ""湖"", ""狐"", ""瑚"", ""糊"", ""胡"", ""葫"", ""蝴"", ""醐"", ""鹕""]"
12,4,jian3,12,"[""俭"", ""减"", ""剪"", ""拣"", ""捡"", ""柬"", ""检"", ""碱"", ""简"", ""翦"", ""茧"", ""蹇""]"
12,5,mu4,12,"[""募"", ""墓"", ""幕"", ""慕"", ""暮"", ""木"", ""沐"", ""牧"", ""目"", ""睦"", ""穆"", ""钼""]"
12,6,shu1,12,"[""书"", ""叔"", ""抒"", ""枢"", ""梳"", ""殊"", ""淑"", ""疏"", ""纾"", ""舒"", ""蔬"", ""输""]"
12,7,shu4,12,"[""墅"", ""庶"", ""恕"", ""戍"", ""数"", ""术"", ""束"", ""树"", ""漱"", ""澍"", ""竖"", ""述""]"
12,8,xian4,12,"[""县"", ""宪"", ""岘"", ""献"", ""现"", ""线"", ""羡"", ""腺"", ""限"", ""陷"", ""霰"", ""馅""]"
12,9,xie4,12,"[""亵"", ""卸"", ""屑"", ""廨"", ""懈"", ""械"", ""榭"", ""泄"", ""泻"", ""燮"", ""蟹"", ""谢""]"
12,10,ying1,12,"[""婴"", ""应"", ""応"", ""樱"", ""瑛"", ""缨"", ""罂"", ""膺"", ""英"", ""莺"", ""鹦"", ""鹰""]"
12,11,zhu1,12,"[""侏"", ""朱"", ""株"", ""洙"", ""猪"", ""珠"", ""茱"", ""蛛"", ""诛"", ""诸"", ""邾"", ""铢""]"
13,1,bei4,13,"[""倍"", ""备"", ""孛"", ""悖"", ""惫"", ""焙"", ""碚"", ""背"", ""蓓"", ""被"", ""贝"", ""辈"", ""钡""]"
13,2,bo2,13,"[""亳"", ""伯"", ""勃"", ""博"", ""帛"", ""搏"", ""渤"", ""箔"", ""脖"", ""舶"", ""钹"", ""铂"", ""驳""]"
13,3,cheng2,13,"[""丞"", ""乘"", ""呈"", ""城"", ""埕"", ""惩"", ""成"", ""承"", ""晟"", ""橙"", ""澄"", ""程"", ""诚""]"
13,4,jian1,13,"[""兼"", ""坚"", ""奸"", ""尖"", ""歼"", ""煎"", ""犍"", ""监"", ""笺"", ""肩"", ""艰"", ""菅"", ""间""]"
13,5,jiao1,13,"[""交"", ""娇"", ""椒"", ""浇"", ""焦"", ""礁"", ""胶"", ""蕉"", ""蛟"", ""跤"", ""郊"", ""骄"", ""鲛""]"
13,6,jiao3,13,"[""佼"", ""侥"", ""剿"", ""搅"", ""狡"", ""皎"", ""矫"", ""绞"", ""缴"", ""脚"", ""角"", ""铰"", ""饺""]"
13,7,jie2,13,"[""劫"", ""婕"", ""截"", ""拮"", ""捷"", ""杰"", ""洁"", ""睫"", ""竭"", ""结"", ""羯"", ""节"", ""颉""]"
13,8,jing1,13,"[""京"", ""惊"", ""旌"", ""晶"", ""泾"", ""睛"", ""精"", ""经"", ""腈"", ""茎"", ""荆"", ""菁"", ""鲸""]"
13,9,jing4,13,"[""净"", ""境"", ""径"", ""敬"", ""痉"", ""竞"", ""竟"", ""胫"", ""迳"", ""镜"", ""靓"", ""靖"", ""静""]"
13,10,jue2,13,"[""傕"", ""决"", ""厥"", ""嚼"", ""抉"", ""掘"", ""爵"", ""獗"", ""珏"", ""绝"", ""蕨"", ""觉"", ""诀""]"
13,11,lin2,13,"[""临"", ""啉"", ""林"", ""淋"", ""琳"", ""璘"", ""磷"", ""遴"", ""邻"", ""霖"", ""鳞"", ""麟"", ""𬘭""]"
13,12,lu4,13,"[""录"", ""戮"", ""潞"", ""璐"", ""碌"", ""禄"", ""赂"", ""路"", ""陆"", ""露"", ""鹭"", ""鹿"", ""麓""]"
13,13,mei2,13,"[""媒"", ""枚"", ""梅"", ""楣"", ""没"", ""湄"", ""煤"", ""玫"", ""眉"", ""莓"", ""酶"", ""霉"", ""鹛""]"
13,14,xin1,13,"[""䜣"", ""心"", ""忻"", ""新"", ""昕"", ""欣"", ""歆"", ""芯"", ""薪"", ""辛"", ""鑫"", ""锌"", ""馨""]"
13,15,zhen1,13,"[""侦"", ""帧"", ""桢"", ""榛"", ""珍"", ""甄"", ""真"", ""祯"", ""箴"", ""臻"", ""蓁"", ""贞"", ""针""]"
14,1,e4,14,"[""厄"", ""噩"", ""垩"", ""恶"", ""扼"", ""腭"", ""萼"", ""轭"", ""遏"", ""鄂"", ""锷"", ""颚"", ""饿"", ""鳄""]"
14,2,li2,14,"[""厘"", ""喱"", ""梨"", ""漓"", ""犁"", ""狸"", ""璃"", ""离"", ""篱"", ""罹"", ""藜"", ""蠡"", ""骊"", ""黎""]"
14,3,xiao1,14,"[""哮"", ""嚣"", ""宵"", ""枭"", ""消"", ""潇"", ""硝"", ""箫"", ""萧"", ""逍"", ""销"", ""霄"", ""骁"", ""鸮""]"
14,4,xu4,14,"[""勖"", ""叙"", ""婿"", ""序"", ""恤"", ""敍"", ""旭"", ""溆"", ""煦"", ""絮"", ""绪"", ""续"", ""蓄"", ""酗""]"
14,5,yan4,14,"[""厌"", ""咽"", ""唁"", ""堰"", ""宴"", ""彦"", ""晏"", ""焰"", ""燕"", ""砚"", ""艳"", ""谚"", ""雁"", ""验""]"
14,6,yi2,14,"[""仪"", ""夷"", ""姨"", ""宜"", ""嶷"", ""彝"", ""怡"", ""沂"", ""疑"", ""移"", ""胰"", ""贻"", ""遗"", ""颐""]"
15,1,he2,15,"[""何"", ""劾"", ""合"", ""和"", ""核"", ""河"", ""涸"", ""盒"", ""禾"", ""荷"", ""菏"", ""阂"", ""阖"", ""鞨"", ""颌""]"
15,2,hui4,15,"[""会"", ""卉"", ""喙"", ""彗"", ""惠"", ""慧"", ""晦"", ""汇"", ""秽"", ""绘"", ""荟"", ""蕙"", ""讳"", ""诲"", ""贿""]"
15,3,ling2,15,"[""〇"", ""伶"", ""凌"", ""灵"", ""玲"", ""绫"", ""羚"", ""翎"", ""聆"", ""苓"", ""菱"", ""铃"", ""陵"", ""零"", ""龄""]"
15,4,yan2,15,"[""严"", ""妍"", ""岩"", ""延"", ""檐"", ""沿"", ""炎"", ""盐"", ""研"", ""筵"", ""簷"", ""言"", ""闫"", ""阎"", ""颜""]"
15,5,yuan2,15,"[""元"", ""原"", ""员"", ""园"", ""圆"", ""垣"", ""援"", ""沅"", ""源"", ""猿"", ""縁"", ""缘"", ""螈"", ""袁"", ""辕""]"
17,1,ju4,17,"[""俱"", ""具"", ""剧"", ""句"", ""巨"", ""惧"", ""拒"", ""据"", ""炬"", ""聚"", ""苣"", ""距"", ""踞"", ""遽"", ""钜"", ""锯"", ""飓""]"
17,2,wei4,17,"[""为"", ""位"", ""卫"", ""味"", ""喂"", ""尉"", ""慰"", ""未"", ""渭"", ""猬"", ""畏"", ""胃"", ""蔚"", ""衞"", ""谓"", ""魏"", ""鳚""]"
18,1,jian4,18,"[""件"", ""健"", ""僭"", ""剑"", ""建"", ""涧"", ""渐"", ""溅"", ""箭"", ""腱"", ""舰"", ""荐"", ""见"", ""谏"", ""贱"", ""践"", ""鉴"", ""键""]"
19,1,fu2,19,"[""伏"", ""佛"", ""俘"", ""匐"", ""孚"", ""幅"", ""弗"", ""扶"", ""拂"", ""服"", ""氟"", ""浮"", ""涪"", ""福"", ""符"", ""芙"", ""苻"", ""蝠"", ""辐""]"
20,1,bi4,20,"[""哔"", ""壁"", ""婢"", ""币"", ""庇"", ""弊"", ""弼"", ""必"", ""毕"", ""毙"", ""璧"", ""碧"", ""臂"", ""苾"", ""蔽"", ""裨"", ""避"", ""铋"", ""闭"", ""陛""]"
20,2,fu4,20,"[""付"", ""傅"", ""副"", ""咐"", ""复"", ""妇"", ""富"", ""父"", ""缚"", ""腹"", ""蝮"", ""覆"", ""讣"", ""负"", ""赋"", ""赴"", ""阜"", ""附"", ""馥"", ""驸""]"
21,1,yu2,21,"[""于"", ""余"", ""俞"", ""妤"", ""娱"", ""愉"", ""愚"", ""於"", ""榆"", ""渔"", ""渝"", ""瑜"", ""盂"", ""禺"", ""舆"", ""虞"", ""觎"", ""逾"", ""隅"", ""馀"", ""鱼""]"
22,1,ji1,22,"[""乩"", ""击"", ""圾"", ""基"", ""姬"", ""撃"", ""机"", ""激"", ""玑"", ""畸"", ""畿"", ""矶"", ""积"", ""稽"", ""箕"", ""缉"", ""羁"", ""肌"", ""讥"", ""跻"", ""饥"", ""鸡""]"
22,2,ji2,22,"[""亟"", ""佶"", ""即"", ""及"", ""吉"", ""嫉"", ""岌"", ""急"", ""极"", ""棘"", ""楫"", ""汲"", ""疾"", ""瘠"", ""笈"", ""籍"", ""级"", ""脊"", ""藉"", ""诘"", ""辑"", ""集""]"
22,3,zhi4,22,"[""制"", ""峙"", ""帜"", ""志"", ""挚"", ""掷"", ""智"", ""栉"", ""治"", ""滞"", ""炙"", ""秩"", ""稚"", ""窒"", ""置"", ""至"", ""致"", ""蛭"", ""质"", ""郅"", ""陟"", ""雉""]"
26,1,qi2,26,"[""俟"", ""其"", ""圻"", ""埼"", ""奇"", ""岐"", ""崎"", ""旗"", ""棋"", ""歧"", ""淇"", ""琦"", ""琪"", ""碁"", ""祁"", ""祇"", ""祈"", ""祺"", ""綦"", ""耆"", ""脐"", ""蕲"", ""骑"", ""鳍"", ""麒"", ""齐""]"
27,1,ji4,27,"[""伎"", ""冀"", ""剂"", ""妓"", ""季"", ""寂"", ""寄"", ""忌"", ""技"", ""既"", ""暨"", ""济"", ""祭"", ""稷"", ""纪"", ""继"", ""绩"", ""蓟"", ""觊"", ""计"", ""记"", ""迹"", ""际"", ""霁"", ""骥"", ""髻"", ""鲫""]"
27,2,shi4,27,"[""世"", ""事"", ""仕"", ""似"", ""侍"", ""势"", ""嗜"", ""噬"", ""士"", ""室"", ""市"", ""式"", ""弑"", ""恃"", ""是"", ""柿"", ""氏"", ""示"", ""视"", ""誓"", ""试"", ""谥"", ""轼"", ""适"", ""逝"", ""释"", ""饰""]"
27,3,yu4,27,"[""喻"", ""域"", ""堉"", ""寓"", ""峪"", ""御"", ""愈"", ""昱"", ""欲"", ""毓"", ""浴"", ""煜"", ""狱"", ""玉"", ""聿"", ""育"", ""芋"", ""裕"", ""誉"", ""谕"", ""豫"", ""遇"", ""郁"", ""钰"", ""阈"", ""预"", ""驭""]"
30,1,li4,30,"[""丽"", ""例"", ""俐"", ""俪"", ""利"", ""力"", ""励"", ""历"", ""厉"", ""吏"", ""坜"", ""栃"", ""栎"", ""栗"", ""歴"", ""沥"", ""溧"", ""痢"", ""砺"", ""砾"", ""立"", ""笠"", ""粒"", ""脷"", ""荔"", ""莅"", ""莉"", ""蛎"", ""隶"", ""雳""]"
32,1,xi1,32,"[""僖"", ""兮"", ""吸"", ""嘻"", ""夕"", ""奚"", ""嬉"", ""希"", ""息"", ""悉"", ""惜"", ""昔"", ""晰"", ""曦"", ""析"", ""汐"", ""溪"", ""烯"", ""熄"", ""熙"", ""熹"", ""牺"", ""犀"", ""硒"", ""稀"", ""羲"", ""膝"", ""蜥"", ""西"", ""谿"", ""醯"", ""锡""]"
41,1,yi4,41,"[""乂"", ""义"", ""亦"", ""亿"", ""佚"", ""刈"", ""奕"", ""屹"", ""异"", ""弈"", ""弋"", ""役"", ""忆"", ""意"", ""懿"", ""抑"", ""挹"", ""易"", ""毅"", ""溢"", ""疫"", ""益"", ""绎"", ""缢"", ""羿"", ""翊"", ""翌"", ""翼"", ""肄"", ""艺"", ""蜴"", ""裔"", ""议"", ""译"", ""诣"", ""谊"", ""轶"", ""逸"", ""邑"", ""驿"", ""鮨""]"
