tokenizer,sample_group,token_id,clean_token,auto_label,manual_label,reason,unit_count,comment
custom_chinese_origin_64k,SV,17234,门将,SV,SV,CEDICT hit,2,
custom_chinese_origin_64k,SV,34924,放逐,SV,SV,CEDICT hit,2,
custom_chinese_origin_64k,SV,26283,罪恶,SV,SV,CEDICT hit,2,
custom_chinese_origin_64k,SV,53101,挹,SV,SV,CEDICT hit,1,
custom_chinese_origin_64k,SV,3364,句,SV,SV,CEDICT hit,1,
custom_chinese_origin_64k,SV,25831,详见,SV,SV,CEDICT hit,2,
custom_chinese_origin_64k,SV,41575,两极,SV,SV,CEDICT hit,2,
custom_chinese_origin_64k,SV,1440,厅,SV,SV,CEDICT hit,1,
custom_chinese_origin_64k,SV,21294,30万,SV,SV,complete numeric/time expression,3,
custom_chinese_origin_64k,SV,63999,结构性,SV,SV,CEDICT hit,3,
custom_chinese_origin_64k,SV,21695,史书,SV,SV,CEDICT hit,2,
custom_chinese_origin_64k,SV,48637,其他国家的,SV,SV,CEDICT hit,5,
custom_chinese_origin_64k,SV,30469,慷慨,SV,SV,CEDICT hit,2,
custom_chinese_origin_64k,SV,3536,梯,SV,SV,CEDICT hit,1,
custom_chinese_origin_64k,SV,26482,马祖,SV,SV,CEDICT hit,2,
custom_chinese_origin_64k,SV,6124,互相,SV,SV,CEDICT hit,2,
custom_chinese_origin_64k,SV,35896,荣民,SV,SV,CEDICT hit,2,
custom_chinese_origin_64k,SV,13118,耿,SV,SV,CEDICT hit,1,
custom_chinese_origin_64k,SV,4825,加强,SV,SV,CEDICT hit,2,
custom_chinese_origin_64k,SV,5327,淘汰,SV,SV,CEDICT hit,2,
custom_chinese_origin_64k,SV,6337,邱,SV,SV,CEDICT hit,1,
custom_chinese_origin_64k,SV,21848,雷恩,SV,SV,CEDICT hit,2,
custom_chinese_origin_64k,SV,45524,访问中,SV,SV,CEDICT hit,3,
custom_chinese_origin_64k,SV,15376,养殖,SV,SV,CEDICT hit,2,
custom_chinese_origin_64k,SV,27891,轴心国,SV,SV,CEDICT hit,3,
custom_chinese_origin_64k,SV,4116,洗,SV,SV,CEDICT hit,1,
custom_chinese_origin_64k,SV,1348,城市,SV,SV,CEDICT hit,2,
custom_chinese_origin_64k,SV,22996,截然,SV,SV,CEDICT hit,2,
custom_chinese_origin_64k,SV,30385,病变,SV,SV,CEDICT hit,2,
custom_chinese_origin_64k,SV,1444,照,SV,SV,CEDICT hit,1,
custom_chinese_origin_64k,SV,54211,批量生产,SV,SV,CEDICT hit,4,
custom_chinese_origin_64k,SV,7131,代替,SV,SV,CEDICT hit,2,
custom_chinese_origin_64k,SV,6492,东亚,SV,SV,CEDICT hit,2,
custom_chinese_origin_64k,SV,1401,思,SV,SV,CEDICT hit,1,
custom_chinese_origin_64k,SV,2418,竹,SV,SV,CEDICT hit,1,
custom_chinese_origin_64k,SV,5830,遥,SV,SV,CEDICT hit,1,
custom_chinese_origin_64k,SV,34572,红楼梦,SV,SV,CEDICT hit,3,
custom_chinese_origin_64k,SV,51732,获得,SV,SV,CEDICT hit,2,
custom_chinese_origin_64k,SV,55402,阶级斗争,SV,SV,CEDICT hit,4,
custom_chinese_origin_64k,SV,42018,公园站,SV,SV,CEDICT hit,3,
custom_chinese_origin_64k,SV,52257,诺贝尔文学奖,SV,SV,CEDICT hit,6,
custom_chinese_origin_64k,SV,59352,坯,SV,SV,CEDICT hit,1,
custom_chinese_origin_64k,SV,44424,咸丰,SV,SV,CEDICT hit,2,
custom_chinese_origin_64k,SV,15580,篇文章,SV,SV,CEDICT hit,3,
custom_chinese_origin_64k,SV,2444,扬,SV,SV,CEDICT hit,1,
custom_chinese_origin_64k,SV,26414,商业中心,SV,SV,CEDICT hit,4,
custom_chinese_origin_64k,SV,42399,穿戴,SV,SV,CEDICT hit,2,
custom_chinese_origin_64k,SV,28410,散热,SV,SV,CEDICT hit,2,
custom_chinese_origin_64k,SV,10571,楠,SV,SV,CEDICT hit,1,
custom_chinese_origin_64k,SV,31376,据报,SV,SV,CEDICT hit,2,
custom_chinese_origin_64k,SV,2345,贡,SV,SV,CEDICT hit,1,
custom_chinese_origin_64k,SV,60662,1572年,SV,SV,complete numeric/time expression,5,
custom_chinese_origin_64k,SV,7255,赛车,SV,SV,CEDICT hit,2,
custom_chinese_origin_64k,SV,1769,特别,SV,SV,CEDICT hit,2,
custom_chinese_origin_64k,SV,13966,孙权,SV,SV,CEDICT hit,2,
custom_chinese_origin_64k,SV,1173,恩,SV,SV,CEDICT hit,1,
custom_chinese_origin_64k,SV,6149,老师,SV,SV,CEDICT hit,2,
custom_chinese_origin_64k,SV,6073,吸收,SV,SV,CEDICT hit,2,
custom_chinese_origin_64k,SV,44344,满意度,SV,SV,CEDICT hit,3,
custom_chinese_origin_64k,SV,19785,订阅,SV,SV,CEDICT hit,2,
custom_chinese_origin_64k,SV,1180,极,SV,SV,CEDICT hit,1,
custom_chinese_origin_64k,SV,30225,引领,SV,SV,CEDICT hit,2,
custom_chinese_origin_64k,SV,9963,安打,SV,SV,CEDICT hit,2,
custom_chinese_origin_64k,SV,23849,钼,SV,SV,CEDICT hit,1,
custom_chinese_origin_64k,SV,28908,醒来,SV,SV,CEDICT hit,2,
custom_chinese_origin_64k,SV,19574,歌声,SV,SV,CEDICT hit,2,
custom_chinese_origin_64k,SV,16259,最先,SV,SV,CEDICT hit,2,
custom_chinese_origin_64k,SV,20639,到期,SV,SV,CEDICT hit,2,
custom_chinese_origin_64k,SV,18952,文化部,SV,SV,CEDICT hit,3,
custom_chinese_origin_64k,SV,40180,公文,SV,SV,CEDICT hit,2,
custom_chinese_origin_64k,SV,27036,死亡率,SV,SV,CEDICT hit,3,
custom_chinese_origin_64k,SV,45749,内湖,SV,SV,CEDICT hit,2,
custom_chinese_origin_64k,SV,3805,一同,SV,SV,CEDICT hit,2,
custom_chinese_origin_64k,SV,5693,这里,SV,SV,CEDICT hit,2,
custom_chinese_origin_64k,SV,13815,奉天,SV,SV,CEDICT hit,2,
custom_chinese_origin_64k,SV,19917,营销,SV,SV,CEDICT hit,2,
custom_chinese_origin_64k,SV,15054,不易,SV,SV,CEDICT hit,2,
custom_chinese_origin_64k,SV,48004,不二,SV,SV,CEDICT hit,2,
custom_chinese_origin_64k,SV,11726,排序,SV,SV,CEDICT hit,2,
custom_chinese_origin_64k,SV,27544,另行,SV,SV,CEDICT hit,2,
custom_chinese_origin_64k,SV,28108,兵工厂,SV,SV,CEDICT hit,3,
custom_chinese_origin_64k,SV,42019,激化,SV,SV,CEDICT hit,2,
custom_chinese_origin_64k,SV,53504,剪接,SV,SV,CEDICT hit,2,
custom_chinese_origin_64k,SV,49317,操作员,SV,SV,CEDICT hit,3,
custom_chinese_origin_64k,SV,49316,舒服,SV,SV,CEDICT hit,2,
custom_chinese_origin_64k,SV,58304,蜜月,SV,SV,CEDICT hit,2,
custom_chinese_origin_64k,SV,25004,新店,SV,SV,CEDICT hit,2,
custom_chinese_origin_64k,SV,28349,里加,SV,SV,CEDICT hit,2,
custom_chinese_origin_64k,SV,5487,耐,SV,SV,CEDICT hit,1,
custom_chinese_origin_64k,SV,30957,卅,SV,SV,CEDICT hit,1,
custom_chinese_origin_64k,SV,52226,溃散,SV,SV,CEDICT hit,2,
custom_chinese_origin_64k,SV,24832,均衡,SV,SV,CEDICT hit,2,
custom_chinese_origin_64k,SV,8211,11年,SV,SV,complete numeric/time expression,3,
custom_chinese_origin_64k,SV,35162,排版,SV,SV,CEDICT hit,2,
custom_chinese_origin_64k,SV,18188,蕨,SV,SV,CEDICT hit,1,
custom_chinese_origin_64k,SV,49544,军工,SV,SV,CEDICT hit,2,
custom_chinese_origin_64k,SV,2753,粉,SV,SV,CEDICT hit,1,
custom_chinese_origin_64k,SV,14325,舵,SV,SV,CEDICT hit,1,
custom_chinese_origin_64k,SV,5545,盆,SV,SV,CEDICT hit,1,
custom_chinese_origin_64k,SV,48049,机师,SV,SV,CEDICT hit,2,
custom_chinese_origin_64k,WV,32524,当时有,WV,WV,known unit plus predicate/function suffix,3,
custom_chinese_origin_64k,WV,11851,王国的,WV,WV,content unit plus grammatical particle,3,
custom_chinese_origin_64k,WV,21541,至2023年,WV,WV,decomposable into known Chinese units,6,
custom_chinese_origin_64k,WV,25137,成为当时,WV,WV,decomposable into known Chinese units,4,
custom_chinese_origin_64k,WV,7443,于2007年,WV,WV,function/predicate prefix plus known unit,6,
custom_chinese_origin_64k,WV,39649,车站位于,WV,WV,known unit plus predicate/function suffix,4,
custom_chinese_origin_64k,WV,50903,墓前,WV,WV,content unit plus locative/range suffix,2,
custom_chinese_origin_64k,WV,21889,乘车人次,WV,WV,decomposable into known Chinese units,4,
custom_chinese_origin_64k,WV,58180,37平方公里,WV,WV,decomposable into known Chinese units,6,
custom_chinese_origin_64k,WV,4520,陆地面积为,WV,WV,known unit plus predicate/function suffix,5,
custom_chinese_origin_64k,WV,54744,一定程度的,WV,WV,decomposable into known Chinese units,5,
custom_chinese_origin_64k,WV,62425,俄亥俄州立大学,WV,WV,decomposable into known Chinese units,7,
custom_chinese_origin_64k,WV,41445,1日平均上车人次,WV,WV,decomposable into known Chinese units,8,
custom_chinese_origin_64k,WV,21012,占了,WV,WV,content unit plus grammatical particle,2,
custom_chinese_origin_64k,WV,19707,负责管理,WV,WV,decomposable into known Chinese units,4,
custom_chinese_origin_64k,WV,35624,作为目标,WV,WV,decomposable into known Chinese units,4,
custom_chinese_origin_64k,WV,46425,在其著作,WV,WV,function/predicate prefix plus known unit,4,
custom_chinese_origin_64k,WV,36976,的创始人,WV,WV,function/predicate prefix plus known unit,4,
custom_chinese_origin_64k,WV,16139,纳的,WV,WV,content unit plus grammatical particle,2,
custom_chinese_origin_64k,WV,37985,在1977年,WV,WV,function/predicate prefix plus known unit,6,
custom_chinese_origin_64k,WV,61992,台湾由,WV,WV,decomposable into known Chinese units,3,
custom_chinese_origin_64k,WV,45997,事实上的,WV,WV,content unit plus grammatical particle,4,
custom_chinese_origin_64k,WV,58647,两场比赛,WV,WV,decomposable into known Chinese units,4,
custom_chinese_origin_64k,WV,9596,古老的,WV,WV,content unit plus grammatical particle,3,
custom_chinese_origin_64k,WV,53043,是其中,WV,WV,function/predicate prefix plus known unit,3,
custom_chinese_origin_64k,WV,24432,网站的,WV,WV,content unit plus grammatical particle,3,
custom_chinese_origin_64k,WV,20708,可做为,WV,WV,decomposable into known Chinese units,3,
custom_chinese_origin_64k,WV,50448,暂停营业,WV,WV,decomposable into known Chinese units,4,
custom_chinese_origin_64k,WV,29935,他们也,WV,WV,decomposable into known Chinese units,3,
custom_chinese_origin_64k,WV,48502,区间的,WV,WV,content unit plus grammatical particle,3,
custom_chinese_origin_64k,WV,12975,技术的,WV,WV,content unit plus grammatical particle,3,
custom_chinese_origin_64k,WV,9704,和中,WV,WV,content unit plus locative/range suffix,2,
custom_chinese_origin_64k,WV,43559,制片公司,WV,WV,decomposable into known Chinese units,4,
custom_chinese_origin_64k,WV,63249,有所下降,WV,WV,decomposable into known Chinese units,4,
custom_chinese_origin_64k,WV,63191,国防大学,WV,WV,decomposable into known Chinese units,4,
custom_chinese_origin_64k,WV,14728,亿港元,WV,WV,decomposable into known Chinese units,3,
custom_chinese_origin_64k,WV,32417,完美的,WV,WV,content unit plus grammatical particle,3,
custom_chinese_origin_64k,WV,15200,5月10日,WV,WV,decomposable into known Chinese units,5,
custom_chinese_origin_64k,WV,18094,为前,WV,WV,content unit plus locative/range suffix,2,
custom_chinese_origin_64k,WV,45679,为保护,WV,WV,function/predicate prefix plus known unit,3,
custom_chinese_origin_64k,WV,51748,的分子,WV,WV,function/predicate prefix plus known unit,3,
custom_chinese_origin_64k,WV,53327,举行婚礼,WV,WV,decomposable into known Chinese units,4,
custom_chinese_origin_64k,WV,58802,发展中心,WV,WV,decomposable into known Chinese units,4,
custom_chinese_origin_64k,WV,55737,城区的,WV,WV,content unit plus grammatical particle,3,
custom_chinese_origin_64k,WV,57019,以符合,WV,WV,decomposable into known Chinese units,3,
custom_chinese_origin_64k,WV,41353,共同组成,WV,WV,decomposable into known Chinese units,4,
custom_chinese_origin_64k,WV,63464,剥夺政治权利终身,WV,WV,decomposable into known Chinese units,8,
custom_chinese_origin_64k,WV,25960,票房收入,WV,WV,decomposable into known Chinese units,4,
custom_chinese_origin_64k,WV,38295,生长于海拔3,WV,WV,decomposable into known Chinese units,6,
custom_chinese_origin_64k,WV,49491,的发射,WV,WV,function/predicate prefix plus known unit,3,
custom_chinese_origin_64k,WV,53857,育有两,WV,WV,decomposable into known Chinese units,3,
custom_chinese_origin_64k,WV,61491,荆州刺史,WV,WV,decomposable into known Chinese units,4,
custom_chinese_origin_64k,WV,63575,在日常,WV,WV,function/predicate prefix plus known unit,3,
custom_chinese_origin_64k,WV,19100,并进行,WV,WV,decomposable into known Chinese units,3,
custom_chinese_origin_64k,WV,41066,本科专业,WV,WV,decomposable into known Chinese units,4,
custom_chinese_origin_64k,WV,61795,被怀疑,WV,WV,decomposable into known Chinese units,3,
custom_chinese_origin_64k,WV,54691,参赛名额,WV,WV,decomposable into known Chinese units,4,
custom_chinese_origin_64k,WV,56163,先头位置,WV,WV,decomposable into known Chinese units,4,
custom_chinese_origin_64k,WV,20569,的物种,WV,WV,function/predicate prefix plus known unit,3,
custom_chinese_origin_64k,WV,52275,奇幻小说,WV,WV,decomposable into known Chinese units,4,
custom_chinese_origin_64k,WV,25688,文化资产,WV,WV,decomposable into known Chinese units,4,
custom_chinese_origin_64k,WV,56281,和2014年,WV,WV,function/predicate prefix plus known unit,6,
custom_chinese_origin_64k,WV,33601,感染的,WV,WV,content unit plus grammatical particle,3,
custom_chinese_origin_64k,WV,39519,的操作,WV,WV,function/predicate prefix plus known unit,3,
custom_chinese_origin_64k,WV,43515,拒绝承认,WV,WV,decomposable into known Chinese units,4,
custom_chinese_origin_64k,WV,16411,3月17日,WV,WV,decomposable into known Chinese units,5,
custom_chinese_origin_64k,WV,17856,栖息在底层水域,WV,WV,decomposable into known Chinese units,7,
custom_chinese_origin_64k,WV,57733,在周,WV,WV,function/predicate prefix plus known unit,2,
custom_chinese_origin_64k,WV,20220,防空系统,WV,WV,decomposable into known Chinese units,4,
custom_chinese_origin_64k,WV,46745,深得,WV,WV,content unit plus grammatical particle,2,
custom_chinese_origin_64k,WV,63570,在发现,WV,WV,function/predicate prefix plus known unit,3,
custom_chinese_origin_64k,WV,17366,的颜色,WV,WV,function/predicate prefix plus known unit,3,
custom_chinese_origin_64k,WV,61197,同时与,WV,WV,decomposable into known Chinese units,3,
custom_chinese_origin_64k,WV,43922,殖民时期,WV,WV,decomposable into known Chinese units,4,
custom_chinese_origin_64k,WV,44036,的重点,WV,WV,function/predicate prefix plus known unit,3,
custom_chinese_origin_64k,WV,50026,的结束,WV,WV,function/predicate prefix plus known unit,3,
custom_chinese_origin_64k,WV,17767,7月25日,WV,WV,decomposable into known Chinese units,5,
custom_chinese_origin_64k,WV,53515,后方位置,WV,WV,decomposable into known Chinese units,4,
custom_chinese_origin_64k,WV,59133,独裁统治,WV,WV,decomposable into known Chinese units,4,
custom_chinese_origin_64k,WV,42467,遭遇了,WV,WV,content unit plus grammatical particle,3,
custom_chinese_origin_64k,WV,31958,宣布为,WV,WV,known unit plus predicate/function suffix,3,
custom_chinese_origin_64k,WV,53549,否决了,WV,WV,content unit plus grammatical particle,3,
custom_chinese_origin_64k,WV,42725,德国空军,WV,WV,decomposable into known Chinese units,4,
custom_chinese_origin_64k,WV,50075,并于2014年,WV,WV,decomposable into known Chinese units,7,
custom_chinese_origin_64k,WV,51154,的民主,WV,WV,function/predicate prefix plus known unit,3,
custom_chinese_origin_64k,WV,57819,至凌晨,WV,WV,decomposable into known Chinese units,3,
custom_chinese_origin_64k,WV,18486,5月11日,WV,WV,decomposable into known Chinese units,5,
custom_chinese_origin_64k,WV,44643,非常接近,WV,WV,decomposable into known Chinese units,4,
custom_chinese_origin_64k,WV,11705,但被,WV,WV,decomposable into known Chinese units,2,
custom_chinese_origin_64k,WV,5664,升为,WV,WV,known unit plus predicate/function suffix,2,
custom_chinese_origin_64k,WV,25268,公布时间为,WV,WV,known unit plus predicate/function suffix,5,
custom_chinese_origin_64k,WV,61609,生理学或,WV,WV,decomposable into known Chinese units,4,
custom_chinese_origin_64k,WV,55036,这为,WV,WV,known unit plus predicate/function suffix,2,
custom_chinese_origin_64k,WV,58198,32平方公里,WV,WV,decomposable into known Chinese units,6,
custom_chinese_origin_64k,WV,22873,至2020年,WV,WV,decomposable into known Chinese units,6,
custom_chinese_origin_64k,WV,9551,的要求,WV,WV,function/predicate prefix plus known unit,3,
custom_chinese_origin_64k,WV,59579,计划委员会,WV,WV,decomposable into known Chinese units,5,
custom_chinese_origin_64k,WV,46249,开始进入,WV,WV,decomposable into known Chinese units,4,
custom_chinese_origin_64k,WV,33303,美国在,WV,WV,decomposable into known Chinese units,3,
custom_chinese_origin_64k,WV,24474,及国际,WV,WV,function/predicate prefix plus known unit,3,
custom_chinese_origin_64k,IV,38974,化与,IV,IV,"not a dictionary unit, licensed phrase, or known morpheme",2,
custom_chinese_origin_64k,IV,50850,末脚,IV,IV,"not a dictionary unit, licensed phrase, or known morpheme",2,
custom_chinese_origin_64k,IV,41104,布良斯克,IV,IV,"not a dictionary unit, licensed phrase, or known morpheme",4,
custom_chinese_origin_64k,IV,57595,瓦兹河谷,IV,IV,"not a dictionary unit, licensed phrase, or known morpheme",4,
custom_chinese_origin_64k,IV,30710,雷丁,IV,IV,"not a dictionary unit, licensed phrase, or known morpheme",2,
custom_chinese_origin_64k,IV,45238,大改正,IV,IV,"not a dictionary unit, licensed phrase, or known morpheme",3,
custom_chinese_origin_64k,IV,62518,庆应义塾,IV,IV,"not a dictionary unit, licensed phrase, or known morpheme",4,
custom_chinese_origin_64k,IV,61568,相容性,IV,IV,"not a dictionary unit, licensed phrase, or known morpheme",3,
custom_chinese_origin_64k,IV,34639,建城,IV,IV,"not a dictionary unit, licensed phrase, or known morpheme",2,
custom_chinese_origin_64k,IV,42766,也有部分,IV,IV,"not a dictionary unit, licensed phrase, or known morpheme",4,
custom_chinese_origin_64k,IV,12567,波利,IV,IV,proper substring of a longer dictionary word,2,
custom_chinese_origin_64k,IV,8763,表现出,IV,IV,"not a dictionary unit, licensed phrase, or known morpheme",3,
custom_chinese_origin_64k,IV,12249,斯特拉,IV,IV,proper substring of a longer dictionary word,3,
custom_chinese_origin_64k,IV,40569,务大臣,IV,IV,proper substring of a longer dictionary word,3,
custom_chinese_origin_64k,IV,18960,散骑,IV,IV,"not a dictionary unit, licensed phrase, or known morpheme",2,
custom_chinese_origin_64k,IV,47185,17米,IV,IV,"not a dictionary unit, licensed phrase, or known morpheme",3,
custom_chinese_origin_64k,IV,3541,哈尔,IV,IV,proper substring of a longer dictionary word,2,
custom_chinese_origin_64k,IV,56802,仍在继续,IV,IV,"not a dictionary unit, licensed phrase, or known morpheme",4,
custom_chinese_origin_64k,IV,21487,韦斯特,IV,IV,"not a dictionary unit, licensed phrase, or known morpheme",3,
custom_chinese_origin_64k,IV,30368,石敬,IV,IV,"not a dictionary unit, licensed phrase, or known morpheme",2,
custom_chinese_origin_64k,IV,7092,印第,IV,IV,proper substring of a longer dictionary word,2,
custom_chinese_origin_64k,IV,6584,这场,IV,IV,"not a dictionary unit, licensed phrase, or known morpheme",2,
custom_chinese_origin_64k,IV,11419,他的父亲,IV,IV,"not a dictionary unit, licensed phrase, or known morpheme",4,
custom_chinese_origin_64k,IV,35650,吴佩,IV,IV,"not a dictionary unit, licensed phrase, or known morpheme",2,
custom_chinese_origin_64k,IV,59533,致胜,IV,IV,"not a dictionary unit, licensed phrase, or known morpheme",2,
custom_chinese_origin_64k,IV,43594,天启元年,IV,IV,"not a dictionary unit, licensed phrase, or known morpheme",4,
custom_chinese_origin_64k,IV,27603,该属共有,IV,IV,"not a dictionary unit, licensed phrase, or known morpheme",4,
custom_chinese_origin_64k,IV,60312,京阪,IV,IV,"not a dictionary unit, licensed phrase, or known morpheme",2,
custom_chinese_origin_64k,IV,4573,埃尔,IV,IV,proper substring of a longer dictionary word,2,
custom_chinese_origin_64k,IV,32653,共建,IV,IV,proper substring of a longer dictionary word,2,
custom_chinese_origin_64k,IV,41569,性偏离,IV,IV,"not a dictionary unit, licensed phrase, or known morpheme",3,
custom_chinese_origin_64k,IV,19383,也让,IV,IV,"not a dictionary unit, licensed phrase, or known morpheme",2,
custom_chinese_origin_64k,IV,29975,去世时,IV,IV,"not a dictionary unit, licensed phrase, or known morpheme",3,
custom_chinese_origin_64k,IV,24147,等地的,IV,IV,"not a dictionary unit, licensed phrase, or known morpheme",3,
custom_chinese_origin_64k,IV,43839,油尖,IV,IV,proper substring of a longer dictionary word,2,
custom_chinese_origin_64k,IV,50676,所派出的,IV,IV,"not a dictionary unit, licensed phrase, or known morpheme",4,
custom_chinese_origin_64k,IV,43493,扎西,IV,IV,"not a dictionary unit, licensed phrase, or known morpheme",2,
custom_chinese_origin_64k,IV,21116,她对,IV,IV,"not a dictionary unit, licensed phrase, or known morpheme",2,
custom_chinese_origin_64k,IV,26874,莱曼,IV,IV,proper substring of a longer dictionary word,2,
custom_chinese_origin_64k,IV,56894,史提芬,IV,IV,"not a dictionary unit, licensed phrase, or known morpheme",3,
custom_chinese_origin_64k,IV,10179,比2,IV,IV,"not a dictionary unit, licensed phrase, or known morpheme",2,
custom_chinese_origin_64k,IV,29705,他发现,IV,IV,"not a dictionary unit, licensed phrase, or known morpheme",3,
custom_chinese_origin_64k,IV,16494,句丽,IV,IV,proper substring of a longer dictionary word,2,
custom_chinese_origin_64k,IV,19226,都由,IV,IV,"not a dictionary unit, licensed phrase, or known morpheme",2,
custom_chinese_origin_64k,IV,42774,攻击性,IV,IV,proper substring of a longer dictionary word,3,
custom_chinese_origin_64k,IV,46722,均来自,IV,IV,"not a dictionary unit, licensed phrase, or known morpheme",3,
custom_chinese_origin_64k,IV,29128,多拉,IV,IV,proper substring of a longer dictionary word,2,
custom_chinese_origin_64k,IV,38804,指挥所,IV,IV,"not a dictionary unit, licensed phrase, or known morpheme",3,
custom_chinese_origin_64k,IV,29808,浦县,IV,IV,proper substring of a longer dictionary word,2,
custom_chinese_origin_64k,IV,62298,拉丁裔,IV,IV,"not a dictionary unit, licensed phrase, or known morpheme",3,
custom_chinese_origin_64k,IV,45415,底把,IV,IV,"not a dictionary unit, licensed phrase, or known morpheme",2,
custom_chinese_origin_64k,IV,37283,最强的,IV,IV,"not a dictionary unit, licensed phrase, or known morpheme",3,
custom_chinese_origin_64k,IV,62799,布阵,IV,IV,"not a dictionary unit, licensed phrase, or known morpheme",2,
custom_chinese_origin_64k,IV,22730,田区,IV,IV,proper substring of a longer dictionary word,2,
custom_chinese_origin_64k,IV,44157,纳在,IV,IV,"not a dictionary unit, licensed phrase, or known morpheme",2,
custom_chinese_origin_64k,IV,47233,杜拉,IV,IV,proper substring of a longer dictionary word,2,
custom_chinese_origin_64k,IV,63404,启德邮轮码头,IV,IV,"not a dictionary unit, licensed phrase, or known morpheme",6,
custom_chinese_origin_64k,IV,13576,泰罗,IV,IV,proper substring of a longer dictionary word,2,
custom_chinese_origin_64k,IV,53314,望厦,IV,IV,"not a dictionary unit, licensed phrase, or known morpheme",2,
custom_chinese_origin_64k,IV,46214,格里斯,IV,IV,proper substring of a longer dictionary word,3,
custom_chinese_origin_64k,IV,54478,例确诊病例,IV,IV,"not a dictionary unit, licensed phrase, or known morpheme",5,
custom_chinese_origin_64k,IV,43027,派发,IV,IV,"not a dictionary unit, licensed phrase, or known morpheme",2,
custom_chinese_origin_64k,IV,45682,一见,IV,IV,proper substring of a longer dictionary word,2,
custom_chinese_origin_64k,IV,18395,臀鳍软条,IV,IV,"not a dictionary unit, licensed phrase, or known morpheme",4,
custom_chinese_origin_64k,IV,15676,之久,IV,IV,proper substring of a longer dictionary word,2,
custom_chinese_origin_64k,IV,7248,立陶,IV,IV,proper substring of a longer dictionary word,2,
custom_chinese_origin_64k,IV,43913,500米的地区,IV,IV,"not a dictionary unit, licensed phrase, or known morpheme",7,
custom_chinese_origin_64k,IV,28660,台吉,IV,IV,"not a dictionary unit, licensed phrase, or known morpheme",2,
custom_chinese_origin_64k,IV,55291,也有不少,IV,IV,"not a dictionary unit, licensed phrase, or known morpheme",4,
custom_chinese_origin_64k,IV,51986,塞班,IV,IV,"not a dictionary unit, licensed phrase, or known morpheme",2,
custom_chinese_origin_64k,IV,16815,翡翠台,IV,IV,"not a dictionary unit, licensed phrase, or known morpheme",3,
custom_chinese_origin_64k,IV,33736,总科,IV,IV,proper substring of a longer dictionary word,2,
custom_chinese_origin_64k,IV,49860,氢离子,IV,IV,"not a dictionary unit, licensed phrase, or known morpheme",3,
custom_chinese_origin_64k,IV,33506,议大夫,IV,IV,"not a dictionary unit, licensed phrase, or known morpheme",3,
custom_chinese_origin_64k,IV,46591,并经,IV,IV,"not a dictionary unit, licensed phrase, or known morpheme",2,
custom_chinese_origin_64k,IV,36791,达特,IV,IV,proper substring of a longer dictionary word,2,
custom_chinese_origin_64k,IV,58056,赫歇尔,IV,IV,"not a dictionary unit, licensed phrase, or known morpheme",3,
custom_chinese_origin_64k,IV,49251,肯雅,IV,IV,proper substring of a longer dictionary word,2,
custom_chinese_origin_64k,IV,48241,扎比,IV,IV,proper substring of a longer dictionary word,2,
custom_chinese_origin_64k,IV,11638,有很多,IV,IV,"not a dictionary unit, licensed phrase, or known morpheme",3,
custom_chinese_origin_64k,IV,50998,120米,IV,IV,"not a dictionary unit, licensed phrase, or known morpheme",4,
custom_chinese_origin_64k,IV,8927,而该地的平均海拔高度为,IV,IV,"not a dictionary unit, licensed phrase, or known morpheme",11,
custom_chinese_origin_64k,IV,52509,达鲁,IV,IV,proper substring of a longer dictionary word,2,
custom_chinese_origin_64k,IV,58375,孔泰大区索恩,IV,IV,"not a dictionary unit, licensed phrase, or known morpheme",6,
custom_chinese_origin_64k,IV,54834,最具代表性的,IV,IV,"not a dictionary unit, licensed phrase, or known morpheme",6,
custom_chinese_origin_64k,IV,60681,挤塞,IV,IV,"not a dictionary unit, licensed phrase, or known morpheme",2,
custom_chinese_origin_64k,IV,49775,22岁,IV,IV,"not a dictionary unit, licensed phrase, or known morpheme",3,
custom_chinese_origin_64k,IV,62144,适居,IV,IV,"not a dictionary unit, licensed phrase, or known morpheme",2,
custom_chinese_origin_64k,IV,25403,塞奥多利,IV,IV,"not a dictionary unit, licensed phrase, or known morpheme",4,
custom_chinese_origin_64k,IV,45310,米杜,IV,IV,"not a dictionary unit, licensed phrase, or known morpheme",2,
custom_chinese_origin_64k,IV,17880,美少女,IV,IV,"not a dictionary unit, licensed phrase, or known morpheme",3,
custom_chinese_origin_64k,IV,53268,我军,IV,IV,"not a dictionary unit, licensed phrase, or known morpheme",2,
custom_chinese_origin_64k,IV,50071,之嫌,IV,IV,"not a dictionary unit, licensed phrase, or known morpheme",2,
custom_chinese_origin_64k,IV,13214,外围赛,IV,IV,"not a dictionary unit, licensed phrase, or known morpheme",3,
custom_chinese_origin_64k,IV,9119,语和,IV,IV,"not a dictionary unit, licensed phrase, or known morpheme",2,
custom_chinese_origin_64k,IV,31267,厄斯,IV,IV,proper substring of a longer dictionary word,2,
custom_chinese_origin_64k,IV,25705,佐夫,IV,IV,proper substring of a longer dictionary word,2,
custom_chinese_origin_64k,IV,30382,早稻田,IV,IV,proper substring of a longer dictionary word,3,
custom_chinese_origin_64k,IV,39546,与B,IV,IV,mixed Latin+CJK token,2,
custom_chinese_origin_64k,IV,44986,票对,IV,IV,"not a dictionary unit, licensed phrase, or known morpheme",2,
custom_pinyin_diacritic_64k,SV,48992,luó mǎ huà,SV,SV,pinyin dictionary hit,3,
custom_pinyin_diacritic_64k,SV,57305,xiàn jì,SV,SV,pinyin dictionary hit,2,
custom_pinyin_diacritic_64k,SV,40340,mù xī,SV,SV,pinyin dictionary hit,2,
custom_pinyin_diacritic_64k,SV,26235,zhàn liè jiàn,SV,SV,pinyin dictionary hit,3,
custom_pinyin_diacritic_64k,SV,327,shà,SV,SV,pinyin dictionary hit,1,
custom_pinyin_diacritic_64k,SV,17586,duō yàng xìng,SV,SV,pinyin dictionary hit,3,
custom_pinyin_diacritic_64k,SV,9883,liǎn,SV,SV,pinyin dictionary hit,1,
custom_pinyin_diacritic_64k,SV,7229,nán jīng,SV,SV,pinyin dictionary hit,2,
custom_pinyin_diacritic_64k,SV,21417,jiāo jiè,SV,SV,pinyin dictionary hit,2,
custom_pinyin_diacritic_64k,SV,20866,jù tǐ,SV,SV,pinyin dictionary hit,2,
custom_pinyin_diacritic_64k,SV,46133,zhè me,SV,SV,pinyin dictionary hit,2,
custom_pinyin_diacritic_64k,SV,41394,xiāo yáo,SV,SV,pinyin dictionary hit,2,
custom_pinyin_diacritic_64k,SV,38430,lǐ xiāng,SV,SV,pinyin dictionary hit,2,
custom_pinyin_diacritic_64k,SV,56132,gè bié,SV,SV,pinyin dictionary hit,2,
custom_pinyin_diacritic_64k,SV,20532,yā zài,SV,SV,pinyin dictionary hit,2,
custom_pinyin_diacritic_64k,SV,425,tu,SV,SV,pinyin dictionary hit,1,
custom_pinyin_diacritic_64k,SV,49815,fèi xū,SV,SV,pinyin dictionary hit,2,
custom_pinyin_diacritic_64k,SV,42807,xiě zhēn jí,SV,SV,pinyin dictionary hit,3,
custom_pinyin_diacritic_64k,SV,13095,mào xiǎn,SV,SV,pinyin dictionary hit,2,
custom_pinyin_diacritic_64k,SV,9950,qī jiān,SV,SV,pinyin dictionary hit,2,
custom_pinyin_diacritic_64k,SV,56456,guò hé,SV,SV,pinyin dictionary hit,2,
custom_pinyin_diacritic_64k,SV,55175,fēng xíng,SV,SV,pinyin dictionary hit,2,
custom_pinyin_diacritic_64k,SV,17303,lā dīng yǔ,SV,SV,pinyin dictionary hit,3,
custom_pinyin_diacritic_64k,SV,63529,jiàn gòu,SV,SV,pinyin dictionary hit,2,
custom_pinyin_diacritic_64k,SV,55225,shǎn guāng,SV,SV,pinyin dictionary hit,0,
custom_pinyin_diacritic_64k,SV,53957,lǎo yīng,SV,SV,pinyin dictionary hit,2,
custom_pinyin_diacritic_64k,SV,37864,xī níng,SV,SV,pinyin dictionary hit,0,
custom_pinyin_diacritic_64k,SV,59469,lián xiǎng,SV,SV,pinyin dictionary hit,2,
custom_pinyin_diacritic_64k,SV,11185,duì zhōng,SV,SV,pinyin dictionary hit,2,
custom_pinyin_diacritic_64k,SV,48573,pān,SV,SV,pinyin dictionary hit,1,
custom_pinyin_diacritic_64k,SV,348,bèi,SV,SV,pinyin dictionary hit,1,
custom_pinyin_diacritic_64k,SV,5110,lí,SV,SV,pinyin dictionary hit,1,
custom_pinyin_diacritic_64k,SV,23617,wáng jiā,SV,SV,pinyin dictionary hit,2,
custom_pinyin_diacritic_64k,SV,6003,fù jìn,SV,SV,pinyin dictionary hit,2,
custom_pinyin_diacritic_64k,SV,13929,xǔ,SV,SV,pinyin dictionary hit,1,
custom_pinyin_diacritic_64k,SV,62346,lái sī tè,SV,SV,pinyin dictionary hit,3,
custom_pinyin_diacritic_64k,SV,26001,míng xīng,SV,SV,pinyin dictionary hit,2,
custom_pinyin_diacritic_64k,SV,37794,nèi yuán,SV,SV,pinyin dictionary hit,2,
custom_pinyin_diacritic_64k,SV,31363,gāi dǎng,SV,SV,pinyin dictionary hit,2,
custom_pinyin_diacritic_64k,SV,35945,guò jìng,SV,SV,pinyin dictionary hit,2,
custom_pinyin_diacritic_64k,SV,18500,gāo děng jiào yù,SV,SV,pinyin dictionary hit,4,
custom_pinyin_diacritic_64k,SV,61091,shēn kōng,SV,SV,pinyin dictionary hit,2,
custom_pinyin_diacritic_64k,SV,2998,pí,SV,SV,pinyin dictionary hit,1,
custom_pinyin_diacritic_64k,SV,18393,néng liàng,SV,SV,pinyin dictionary hit,2,
custom_pinyin_diacritic_64k,SV,30937,xià yǐ,SV,SV,pinyin dictionary hit,2,
custom_pinyin_diacritic_64k,SV,16099,tí qín,SV,SV,pinyin dictionary hit,2,
custom_pinyin_diacritic_64k,SV,41573,yuē,SV,SV,pinyin dictionary hit,1,
custom_pinyin_diacritic_64k,SV,45523,yuàn,SV,SV,pinyin dictionary hit,1,
custom_pinyin_diacritic_64k,SV,11490,guān zhèng,SV,SV,pinyin dictionary hit,2,
custom_pinyin_diacritic_64k,SV,18623,dì miàn,SV,SV,pinyin dictionary hit,2,
custom_pinyin_diacritic_64k,SV,13254,shuǐ kù,SV,SV,pinyin dictionary hit,2,
custom_pinyin_diacritic_64k,SV,9757,àn shì,SV,SV,pinyin dictionary hit,2,
custom_pinyin_diacritic_64k,SV,32000,nì zhuǎn,SV,SV,pinyin dictionary hit,2,
custom_pinyin_diacritic_64k,SV,31537,píng héng,SV,SV,pinyin dictionary hit,2,
custom_pinyin_diacritic_64k,SV,15839,yì fāng miàn,SV,SV,pinyin dictionary hit,3,
custom_pinyin_diacritic_64k,SV,24344,měi rén,SV,SV,pinyin dictionary hit,2,
custom_pinyin_diacritic_64k,SV,34922,ǒu xiàng,SV,SV,pinyin dictionary hit,2,
custom_pinyin_diacritic_64k,SV,6562,dà shà,SV,SV,pinyin dictionary hit,2,
custom_pinyin_diacritic_64k,SV,62204,zēng qiáng,SV,SV,pinyin dictionary hit,2,
custom_pinyin_diacritic_64k,SV,44867,dà mǎn guàn,SV,SV,pinyin dictionary hit,0,
custom_pinyin_diacritic_64k,SV,56961,hòu lái,SV,SV,pinyin dictionary hit,2,
custom_pinyin_diacritic_64k,SV,13594,pín dào,SV,SV,pinyin dictionary hit,2,
custom_pinyin_diacritic_64k,SV,27697,lǐng dǎo xiǎo zǔ,SV,SV,pinyin dictionary hit,4,
custom_pinyin_diacritic_64k,SV,34745,hōng dòng,SV,SV,pinyin dictionary hit,2,
custom_pinyin_diacritic_64k,SV,15267,gàn,SV,SV,pinyin dictionary hit,1,
custom_pinyin_diacritic_64k,SV,38718,hǎi zhàn zhōng,SV,SV,pinyin dictionary hit,3,
custom_pinyin_diacritic_64k,SV,43613,fù chóu zhě,SV,SV,pinyin dictionary hit,3,
custom_pinyin_diacritic_64k,SV,21940,tì dài,SV,SV,pinyin dictionary hit,2,
custom_pinyin_diacritic_64k,SV,14592,běi jīng dà xué,SV,SV,pinyin dictionary hit,4,
custom_pinyin_diacritic_64k,SV,13174,jié hé,SV,SV,pinyin dictionary hit,2,
custom_pinyin_diacritic_64k,SV,61754,fù yuàn zhǎng,SV,SV,pinyin dictionary hit,3,
custom_pinyin_diacritic_64k,SV,34791,jiāng hú,SV,SV,pinyin dictionary hit,2,
custom_pinyin_diacritic_64k,SV,50348,gāng bǎn,SV,SV,pinyin dictionary hit,2,
custom_pinyin_diacritic_64k,SV,34122,bù zhōng,SV,SV,pinyin dictionary hit,2,
custom_pinyin_diacritic_64k,SV,63679,lín kěn,SV,SV,pinyin dictionary hit,2,
custom_pinyin_diacritic_64k,SV,2177,zāng,SV,SV,pinyin dictionary hit,1,
custom_pinyin_diacritic_64k,SV,9381,wú ěr,SV,SV,pinyin dictionary hit,2,
custom_pinyin_diacritic_64k,SV,46591,fáng wù,SV,SV,pinyin dictionary hit,2,
custom_pinyin_diacritic_64k,SV,51241,jí 5,SV,SV,pinyin dictionary hit with digits,1,
custom_pinyin_diacritic_64k,SV,47703,jīn yǔ,SV,SV,pinyin dictionary hit,2,
custom_pinyin_diacritic_64k,SV,42417,jià bēng,SV,SV,pinyin dictionary hit,2,
custom_pinyin_diacritic_64k,SV,40296,yǎ jiā dá,SV,SV,pinyin dictionary hit,3,
custom_pinyin_diacritic_64k,SV,12045,xùn hào,SV,SV,pinyin dictionary hit,2,
custom_pinyin_diacritic_64k,SV,44639,tú xiàng,SV,SV,pinyin dictionary hit,2,
custom_pinyin_diacritic_64k,SV,3894,shí jì,SV,SV,pinyin dictionary hit,2,
custom_pinyin_diacritic_64k,SV,12215,nǚ zǐ,SV,SV,pinyin dictionary hit,2,
custom_pinyin_diacritic_64k,SV,9541,shāng pǐn,SV,SV,pinyin dictionary hit,2,
custom_pinyin_diacritic_64k,SV,24387,jìng hé,SV,SV,pinyin dictionary hit,2,
custom_pinyin_diacritic_64k,SV,51774,niàng zào,SV,SV,pinyin dictionary hit,2,
custom_pinyin_diacritic_64k,SV,21293,mài dí,SV,SV,pinyin dictionary hit,2,
custom_pinyin_diacritic_64k,SV,37282,wan,SV,SV,pinyin dictionary hit,1,
custom_pinyin_diacritic_64k,SV,20372,wén yì fù xīng,SV,SV,pinyin dictionary hit,4,
custom_pinyin_diacritic_64k,SV,52306,láo gǎi,SV,SV,pinyin dictionary hit,2,
custom_pinyin_diacritic_64k,SV,34954,xiōng bù,SV,SV,pinyin dictionary hit,2,
custom_pinyin_diacritic_64k,SV,33352,yíng xiāo,SV,SV,pinyin dictionary hit,2,
custom_pinyin_diacritic_64k,SV,625,huáng,SV,SV,pinyin dictionary hit,1,
custom_pinyin_diacritic_64k,SV,18052,fù shǔ,SV,SV,pinyin dictionary hit,2,
custom_pinyin_diacritic_64k,SV,3509,zǒu,SV,SV,pinyin dictionary hit,1,
custom_pinyin_diacritic_64k,SV,15537,dì míng,SV,SV,pinyin dictionary hit,2,
custom_pinyin_diacritic_64k,SV,43600,liàng zǐ lì xué,SV,SV,pinyin dictionary hit,4,
custom_pinyin_diacritic_64k,WV,54945,kě yǐ shì wèi,WV,WV,complete syllable sequence with plausible known-unit decomposition,4,
custom_pinyin_diacritic_64k,WV,8401,hǎi bá gāo dù wèi,WV,WV,complete syllable sequence with plausible known-unit decomposition,5,
custom_pinyin_diacritic_64k,WV,26530,xué nián dù,WV,WV,complete syllable sequence with plausible known-unit decomposition,3,
custom_pinyin_diacritic_64k,WV,55020,kè lā mǎ,WV,WV,complete syllable sequence with plausible known-unit decomposition,3,
custom_pinyin_diacritic_64k,WV,35956,luó kē,WV,WV,complete syllable sequence with plausible known-unit decomposition,2,
custom_pinyin_diacritic_64k,WV,23504,miàn jī yuē wèi,WV,WV,complete syllable sequence with plausible known-unit decomposition,4,
custom_pinyin_diacritic_64k,WV,60389,hěn xǐ huān,WV,WV,complete syllable sequence with plausible known-unit decomposition,3,
custom_pinyin_diacritic_64k,WV,26500,nián 6 yuè 16 rì,WV,WV,numeric expression followed by a complete measure/time unit,0,
custom_pinyin_diacritic_64k,WV,11910,de jī chǔ,WV,WV,complete syllable sequence with plausible known-unit decomposition,3,
custom_pinyin_diacritic_64k,WV,24547,sāi lā,WV,WV,complete syllable sequence with plausible known-unit decomposition,2,
custom_pinyin_diacritic_64k,WV,54759,zuì yōu xiù de,WV,WV,complete syllable sequence with plausible known-unit decomposition,4,
custom_pinyin_diacritic_64k,WV,60672,xiān tóu wèi zhì,WV,WV,complete syllable sequence with plausible known-unit decomposition,4,
custom_pinyin_diacritic_64k,WV,8072,wú xiàn diàn shì,WV,WV,complete syllable sequence with plausible known-unit decomposition,4,
custom_pinyin_diacritic_64k,WV,53489,gāo hǎi bá,WV,WV,complete syllable sequence with plausible known-unit decomposition,3,
custom_pinyin_diacritic_64k,WV,5205,shēn de,WV,WV,complete syllable sequence with plausible known-unit decomposition,2,
custom_pinyin_diacritic_64k,WV,32348,zài rì zhì,WV,WV,complete syllable sequence with plausible known-unit decomposition,3,
custom_pinyin_diacritic_64k,WV,50292,xīng xì de,WV,WV,complete syllable sequence with plausible known-unit decomposition,3,
custom_pinyin_diacritic_64k,WV,9910,1992 nián,WV,WV,numeric expression followed by a complete measure/time unit,0,
custom_pinyin_diacritic_64k,WV,15632,de yī yuán,WV,WV,complete syllable sequence with plausible known-unit decomposition,3,
custom_pinyin_diacritic_64k,WV,49796,hào jué yì,WV,WV,complete syllable sequence with plausible known-unit decomposition,3,
custom_pinyin_diacritic_64k,WV,4073,sān gè,WV,WV,complete syllable sequence with plausible known-unit decomposition,2,
custom_pinyin_diacritic_64k,WV,49752,luó tè,WV,WV,complete syllable sequence with plausible known-unit decomposition,2,
custom_pinyin_diacritic_64k,WV,27520,huò bù,WV,WV,complete syllable sequence with plausible known-unit decomposition,2,
custom_pinyin_diacritic_64k,WV,37195,shǎo liàng de,WV,WV,complete syllable sequence with plausible known-unit decomposition,3,
custom_pinyin_diacritic_64k,WV,43580,fù jìn yǒu,WV,WV,complete syllable sequence with plausible known-unit decomposition,3,
custom_pinyin_diacritic_64k,WV,38497,lēi nèi,WV,WV,complete syllable sequence with plausible known-unit decomposition,2,
custom_pinyin_diacritic_64k,WV,10974,nián 4 yuè 1 rì,WV,WV,numeric expression followed by a complete measure/time unit,3,
custom_pinyin_diacritic_64k,WV,53794,ā wéi lóng shěng,WV,WV,complete syllable sequence with plausible known-unit decomposition,4,
custom_pinyin_diacritic_64k,WV,9525,táng de,WV,WV,complete syllable sequence with plausible known-unit decomposition,2,
custom_pinyin_diacritic_64k,WV,29531,cù jìn le,WV,WV,complete syllable sequence with plausible known-unit decomposition,3,
custom_pinyin_diacritic_64k,WV,37605,fā gǎi,WV,WV,complete syllable sequence with plausible known-unit decomposition,2,
custom_pinyin_diacritic_64k,WV,7132,jié de,WV,WV,complete syllable sequence with plausible known-unit decomposition,2,
custom_pinyin_diacritic_64k,WV,33406,bàng qiú xuǎn shǒu,WV,WV,complete syllable sequence with plausible known-unit decomposition,4,
custom_pinyin_diacritic_64k,WV,29987,fēn pèi dào,WV,WV,complete syllable sequence with plausible known-unit decomposition,3,
custom_pinyin_diacritic_64k,WV,56215,shì jiàn bèi,WV,WV,complete syllable sequence with plausible known-unit decomposition,3,
custom_pinyin_diacritic_64k,WV,30745,ào běn hǎi,WV,WV,complete syllable sequence with plausible known-unit decomposition,3,
custom_pinyin_diacritic_64k,WV,25803,nián 6 yuè 26 rì,WV,WV,numeric expression followed by a complete measure/time unit,0,
custom_pinyin_diacritic_64k,WV,44443,kuān yuē,WV,WV,complete syllable sequence with plausible known-unit decomposition,2,
custom_pinyin_diacritic_64k,WV,32998,qí tā guó jiā,WV,WV,complete syllable sequence with plausible known-unit decomposition,4,
custom_pinyin_diacritic_64k,WV,27124,děng hǎi yù,WV,WV,complete syllable sequence with plausible known-unit decomposition,3,
custom_pinyin_diacritic_64k,WV,32186,bìng mìng míng wèi,WV,WV,complete syllable sequence with plausible known-unit decomposition,4,
custom_pinyin_diacritic_64k,WV,57609,kuān kuò de,WV,WV,complete syllable sequence with plausible known-unit decomposition,3,
custom_pinyin_diacritic_64k,WV,57712,háo dūn,WV,WV,complete syllable sequence with plausible known-unit decomposition,2,
custom_pinyin_diacritic_64k,WV,53694,jué dìng zài,WV,WV,complete syllable sequence with plausible known-unit decomposition,3,
custom_pinyin_diacritic_64k,WV,60556,dìng míng wèi,WV,WV,complete syllable sequence with plausible known-unit decomposition,3,
custom_pinyin_diacritic_64k,WV,30605,jiā tíng de,WV,WV,complete syllable sequence with plausible known-unit decomposition,3,
custom_pinyin_diacritic_64k,WV,39491,nuò zài,WV,WV,complete syllable sequence with plausible known-unit decomposition,2,
custom_pinyin_diacritic_64k,WV,36374,58 rén,WV,WV,numeric expression followed by a complete measure/time unit,0,
custom_pinyin_diacritic_64k,WV,4857,ào sī,WV,WV,complete syllable sequence with plausible known-unit decomposition,2,
custom_pinyin_diacritic_64k,WV,10935,zài nà,WV,WV,complete syllable sequence with plausible known-unit decomposition,2,
custom_pinyin_diacritic_64k,WV,62000,zhèng fǔ chéng lì,WV,WV,complete syllable sequence with plausible known-unit decomposition,4,
custom_pinyin_diacritic_64k,WV,57013,zū jiè de,WV,WV,complete syllable sequence with plausible known-unit decomposition,3,
custom_pinyin_diacritic_64k,WV,22881,mù qián yǐ,WV,WV,complete syllable sequence with plausible known-unit decomposition,3,
custom_pinyin_diacritic_64k,WV,29835,ér zài,WV,WV,complete syllable sequence with plausible known-unit decomposition,2,
custom_pinyin_diacritic_64k,WV,54871,jīng jì hé,WV,WV,complete syllable sequence with plausible known-unit decomposition,3,
custom_pinyin_diacritic_64k,WV,24544,nián 9 yuè 25 rì,WV,WV,numeric expression followed by a complete measure/time unit,0,
custom_pinyin_diacritic_64k,WV,31041,nián 5 yuè 21 rì,WV,WV,numeric expression followed by a complete measure/time unit,3,
custom_pinyin_diacritic_64k,WV,24461,shì nán jí zhōu de shān fēng,WV,WV,complete syllable sequence with plausible known-unit decomposition,7,
custom_pinyin_diacritic_64k,WV,58495,1910 nián,WV,WV,numeric expression followed by a complete measure/time unit,0,
custom_pinyin_diacritic_64k,WV,27081,xiǎo bù fèn,WV,WV,complete syllable sequence with plausible known-unit decomposition,3,
custom_pinyin_diacritic_64k,WV,24924,hé suān jiǎn cè,WV,WV,complete syllable sequence with plausible known-unit decomposition,4,
custom_pinyin_diacritic_64k,WV,22711,gāi shěng fèn wèi fǎ guó dōng běi bù,WV,WV,complete syllable sequence with plausible known-unit decomposition,9,
custom_pinyin_diacritic_64k,WV,52051,hā bù sī,WV,WV,complete syllable sequence with plausible known-unit decomposition,3,
custom_pinyin_diacritic_64k,WV,43682,gǎi zuò,WV,WV,complete syllable sequence with plausible known-unit decomposition,2,
custom_pinyin_diacritic_64k,WV,26808,dǎ le,WV,WV,complete syllable sequence with plausible known-unit decomposition,2,
custom_pinyin_diacritic_64k,WV,42733,zé tiān,WV,WV,complete syllable sequence with plausible known-unit decomposition,2,
custom_pinyin_diacritic_64k,WV,58351,jiā zú chéng yuán,WV,WV,complete syllable sequence with plausible known-unit decomposition,4,
custom_pinyin_diacritic_64k,WV,45510,duō mǔ shān shěng,WV,WV,complete syllable sequence with plausible known-unit decomposition,4,
custom_pinyin_diacritic_64k,WV,40103,rì qī wèi,WV,WV,complete syllable sequence with plausible known-unit decomposition,3,
custom_pinyin_diacritic_64k,WV,62108,jiǎn chá shǔ,WV,WV,complete syllable sequence with plausible known-unit decomposition,3,
custom_pinyin_diacritic_64k,WV,62115,jiàn chéng yú,WV,WV,complete syllable sequence with plausible known-unit decomposition,3,
custom_pinyin_diacritic_64k,WV,58512,běn zài,WV,WV,complete syllable sequence with plausible known-unit decomposition,2,
custom_pinyin_diacritic_64k,WV,42926,niè dí gé,WV,WV,complete syllable sequence with plausible known-unit decomposition,3,
custom_pinyin_diacritic_64k,WV,40350,kē dé,WV,WV,complete syllable sequence with plausible known-unit decomposition,2,
custom_pinyin_diacritic_64k,WV,7516,liàng wèi,WV,WV,complete syllable sequence with plausible known-unit decomposition,2,
custom_pinyin_diacritic_64k,WV,29529,kuò zhǎn zhì,WV,WV,complete syllable sequence with plausible known-unit decomposition,3,
custom_pinyin_diacritic_64k,WV,46873,tuī xíng de,WV,WV,complete syllable sequence with plausible known-unit decomposition,3,
custom_pinyin_diacritic_64k,WV,35149,le dì yí gè,WV,WV,complete syllable sequence with plausible known-unit decomposition,4,
custom_pinyin_diacritic_64k,WV,20147,zhōng wén dà xué,WV,WV,complete syllable sequence with plausible known-unit decomposition,4,
custom_pinyin_diacritic_64k,WV,10406,zài xiāng gǎng,WV,WV,complete syllable sequence with plausible known-unit decomposition,3,
custom_pinyin_diacritic_64k,WV,39114,dōng jīng dū,WV,WV,complete syllable sequence with plausible known-unit decomposition,3,
custom_pinyin_diacritic_64k,WV,18751,liè wèi dì,WV,WV,complete syllable sequence with plausible known-unit decomposition,3,
custom_pinyin_diacritic_64k,WV,37153,yí gè xīn,WV,WV,complete syllable sequence with plausible known-unit decomposition,3,
custom_pinyin_diacritic_64k,WV,43345,qiān duō,WV,WV,complete syllable sequence with plausible known-unit decomposition,2,
custom_pinyin_diacritic_64k,WV,15610,tōng guò de,WV,WV,complete syllable sequence with plausible known-unit decomposition,3,
custom_pinyin_diacritic_64k,WV,32403,rén kǒu yuē,WV,WV,complete syllable sequence with plausible known-unit decomposition,3,
custom_pinyin_diacritic_64k,WV,27431,lìng wài hái yǒu,WV,WV,complete syllable sequence with plausible known-unit decomposition,4,
custom_pinyin_diacritic_64k,WV,56066,chéng wéi qí,WV,WV,complete syllable sequence with plausible known-unit decomposition,3,
custom_pinyin_diacritic_64k,WV,23140,fū kǎ,WV,WV,complete syllable sequence with plausible known-unit decomposition,2,
custom_pinyin_diacritic_64k,WV,47021,xiān hòu yú,WV,WV,complete syllable sequence with plausible known-unit decomposition,3,
custom_pinyin_diacritic_64k,WV,63510,běn zhàn de,WV,WV,complete syllable sequence with plausible known-unit decomposition,3,
custom_pinyin_diacritic_64k,WV,31044,fā shēng biàn huà,WV,WV,complete syllable sequence with plausible known-unit decomposition,4,
custom_pinyin_diacritic_64k,WV,14107,yàn de,WV,WV,complete syllable sequence with plausible known-unit decomposition,2,
custom_pinyin_diacritic_64k,WV,19338,ěr rén,WV,WV,complete syllable sequence with plausible known-unit decomposition,2,
custom_pinyin_diacritic_64k,WV,38479,jǐn néng,WV,WV,complete syllable sequence with plausible known-unit decomposition,2,
custom_pinyin_diacritic_64k,WV,3878,gāo de,WV,WV,complete syllable sequence with plausible known-unit decomposition,2,
custom_pinyin_diacritic_64k,WV,36533,chéng jiù jiǎng,WV,WV,complete syllable sequence with plausible known-unit decomposition,3,
custom_pinyin_diacritic_64k,WV,40790,wěi yuán huì fù zhǔ xí,WV,WV,complete syllable sequence with plausible known-unit decomposition,6,
custom_pinyin_diacritic_64k,WV,19244,guó lì tái wān,WV,WV,complete syllable sequence with plausible known-unit decomposition,4,
custom_pinyin_diacritic_64k,WV,55162,gāo yuè,WV,WV,complete syllable sequence with plausible known-unit decomposition,2,
custom_pinyin_diacritic_64k,IV,39873,de dì 1,IV,IV,mixed digit+pinyin token without a complete numeric pattern,2,
custom_pinyin_diacritic_64k,IV,17841,align,IV,IV,cannot parse into complete legal pinyin syllables,0,
custom_pinyin_diacritic_64k,IV,1914,sic,IV,IV,cannot parse into complete legal pinyin syllables,0,
custom_pinyin_diacritic_64k,IV,8619,km,IV,IV,cannot parse into complete legal pinyin syllables,0,
custom_pinyin_diacritic_64k,IV,240,ián,IV,IV,cannot parse into complete legal pinyin syllables,0,
custom_pinyin_diacritic_64k,IV,63883,ransfor,IV,IV,cannot parse into complete legal pinyin syllables,0,
custom_pinyin_diacritic_64k,IV,29702,lit,IV,IV,cannot parse into complete legal pinyin syllables,0,
custom_pinyin_diacritic_64k,IV,1740,no,IV,IV,cannot parse into complete legal pinyin syllables,0,
custom_pinyin_diacritic_64k,IV,1813,ld,IV,IV,cannot parse into complete legal pinyin syllables,0,
custom_pinyin_diacritic_64k,IV,684,or,IV,IV,cannot parse into complete legal pinyin syllables,0,
custom_pinyin_diacritic_64k,IV,32083,de jì niàn,IV,IV,cannot parse into complete legal pinyin syllables,0,
custom_pinyin_diacritic_64k,IV,63708,nián   6,IV,IV,date fragment missing the leading year number,0,
custom_pinyin_diacritic_64k,IV,24368,car,IV,IV,cannot parse into complete legal pinyin syllables,0,
custom_pinyin_diacritic_64k,IV,61971,6 chǎng,IV,IV,mixed digit+pinyin token without a complete numeric pattern,0,
custom_pinyin_diacritic_64k,IV,5766,zh,IV,IV,cannot parse into complete legal pinyin syllables,0,
custom_pinyin_diacritic_64k,IV,57788,kin,IV,IV,cannot parse into complete legal pinyin syllables,0,
custom_pinyin_diacritic_64k,IV,23446,agu,IV,IV,cannot parse into complete legal pinyin syllables,0,
custom_pinyin_diacritic_64k,IV,38392,mann,IV,IV,cannot parse into complete legal pinyin syllables,0,
custom_pinyin_diacritic_64k,IV,63167,time,IV,IV,cannot parse into complete legal pinyin syllables,0,
custom_pinyin_diacritic_64k,IV,32859,vis,IV,IV,cannot parse into complete legal pinyin syllables,0,
custom_pinyin_diacritic_64k,IV,43046,ven,IV,IV,cannot parse into complete legal pinyin syllables,0,
custom_pinyin_diacritic_64k,IV,10583,qí B1900,IV,IV,mixed digit+pinyin token without a complete numeric pattern,0,
custom_pinyin_diacritic_64k,IV,2100,dio,IV,IV,cannot parse into complete legal pinyin syllables,0,
custom_pinyin_diacritic_64k,IV,63949,zation,IV,IV,cannot parse into complete legal pinyin syllables,0,
custom_pinyin_diacritic_64k,IV,38388,elo,IV,IV,cannot parse into complete legal pinyin syllables,0,
custom_pinyin_diacritic_64k,IV,54918,chāo guò 20,IV,IV,mixed digit+pinyin token without a complete numeric pattern,0,
custom_pinyin_diacritic_64k,IV,20465,ant,IV,IV,cannot parse into complete legal pinyin syllables,0,
custom_pinyin_diacritic_64k,IV,56257,tǐ zhǎng kě dá 6,IV,IV,mixed digit+pinyin token without a complete numeric pattern,0,
custom_pinyin_diacritic_64k,IV,35411,that,IV,IV,cannot parse into complete legal pinyin syllables,0,
custom_pinyin_diacritic_64k,IV,30627,so,IV,IV,cannot parse into complete legal pinyin syllables,0,
custom_pinyin_diacritic_64k,IV,25942,8 gōng fēn,IV,IV,mixed digit+pinyin token without a complete numeric pattern,0,
custom_pinyin_diacritic_64k,IV,12936,les,IV,IV,cannot parse into complete legal pinyin syllables,0,
custom_pinyin_diacritic_64k,IV,48814,yuē 150,IV,IV,mixed digit+pinyin token without a complete numeric pattern,0,
custom_pinyin_diacritic_64k,IV,51069,ks,IV,IV,cannot parse into complete legal pinyin syllables,0,
custom_pinyin_diacritic_64k,IV,5139,in,IV,IV,cannot parse into complete legal pinyin syllables,0,
custom_pinyin_diacritic_64k,IV,1333,pe,IV,IV,cannot parse into complete legal pinyin syllables,0,
custom_pinyin_diacritic_64k,IV,16190,stra,IV,IV,cannot parse into complete legal pinyin syllables,0,
custom_pinyin_diacritic_64k,IV,1485,hi,IV,IV,cannot parse into complete legal pinyin syllables,0,
custom_pinyin_diacritic_64k,IV,57963,thern,IV,IV,cannot parse into complete legal pinyin syllables,0,
custom_pinyin_diacritic_64k,IV,44366,bb,IV,IV,cannot parse into complete legal pinyin syllables,0,
custom_pinyin_diacritic_64k,IV,35704,yuē 30,IV,IV,mixed digit+pinyin token without a complete numeric pattern,0,
custom_pinyin_diacritic_64k,IV,53994,der,IV,IV,cannot parse into complete legal pinyin syllables,0,
custom_pinyin_diacritic_64k,IV,15583,7 míng,IV,IV,mixed digit+pinyin token without a complete numeric pattern,0,
custom_pinyin_diacritic_64k,IV,46894,elle,IV,IV,cannot parse into complete legal pinyin syllables,0,
custom_pinyin_diacritic_64k,IV,1855,ris,IV,IV,cannot parse into complete legal pinyin syllables,0,
custom_pinyin_diacritic_64k,IV,41507,dǎ jī lǜ wèi 2 chéng,IV,IV,mixed digit+pinyin token without a complete numeric pattern,5,
custom_pinyin_diacritic_64k,IV,47660,as,IV,IV,cannot parse into complete legal pinyin syllables,0,
custom_pinyin_diacritic_64k,IV,42509,què zhěn bìng lì 1 lì,IV,IV,mixed digit+pinyin token without a complete numeric pattern,5,
custom_pinyin_diacritic_64k,IV,36130,raw,IV,IV,cannot parse into complete legal pinyin syllables,0,
custom_pinyin_diacritic_64k,IV,52637,sān shí bā nián,IV,IV,cannot parse into complete legal pinyin syllables,0,
custom_pinyin_diacritic_64k,IV,24605,chael,IV,IV,cannot parse into complete legal pinyin syllables,0,
custom_pinyin_diacritic_64k,IV,23275,ous,IV,IV,cannot parse into complete legal pinyin syllables,0,
custom_pinyin_diacritic_64k,IV,46633,miàn jī 6,IV,IV,mixed digit+pinyin token without a complete numeric pattern,0,
custom_pinyin_diacritic_64k,IV,22087,wèi zhōng huá mín guó,IV,IV,cannot parse into complete legal pinyin syllables,0,
custom_pinyin_diacritic_64k,IV,21243,ac,IV,IV,cannot parse into complete legal pinyin syllables,0,
custom_pinyin_diacritic_64k,IV,51026,time,IV,IV,cannot parse into complete legal pinyin syllables,0,
custom_pinyin_diacritic_64k,IV,18365,in,IV,IV,cannot parse into complete legal pinyin syllables,0,
custom_pinyin_diacritic_64k,IV,15142,rin,IV,IV,cannot parse into complete legal pinyin syllables,0,
custom_pinyin_diacritic_64k,IV,27965,jié zhì 2024,IV,IV,mixed digit+pinyin token without a complete numeric pattern,0,
custom_pinyin_diacritic_64k,IV,60866,rey,IV,IV,cannot parse into complete legal pinyin syllables,0,
custom_pinyin_diacritic_64k,IV,57795,sp,IV,IV,cannot parse into complete legal pinyin syllables,0,
custom_pinyin_diacritic_64k,IV,32719,3D,IV,IV,mixed digit+pinyin token without a complete numeric pattern,0,
custom_pinyin_diacritic_64k,IV,57700,pí ěr sī,IV,IV,cannot parse into complete legal pinyin syllables,0,
custom_pinyin_diacritic_64k,IV,63947,vin,IV,IV,cannot parse into complete legal pinyin syllables,0,
custom_pinyin_diacritic_64k,IV,34108,dǎn gù,IV,IV,cannot parse into complete legal pinyin syllables,0,
custom_pinyin_diacritic_64k,IV,39303,yuē 8,IV,IV,mixed digit+pinyin token without a complete numeric pattern,0,
custom_pinyin_diacritic_64k,IV,1705,all,IV,IV,cannot parse into complete legal pinyin syllables,0,
custom_pinyin_diacritic_64k,IV,11258,yú 2013,IV,IV,incomplete time phrase like yu 2013,0,
custom_pinyin_diacritic_64k,IV,39063,chāo guò 50,IV,IV,mixed digit+pinyin token without a complete numeric pattern,0,
custom_pinyin_diacritic_64k,IV,10247,in,IV,IV,cannot parse into complete legal pinyin syllables,0,
custom_pinyin_diacritic_64k,IV,59329,matic,IV,IV,cannot parse into complete legal pinyin syllables,0,
custom_pinyin_diacritic_64k,IV,1400,ed,IV,IV,cannot parse into complete legal pinyin syllables,0,
custom_pinyin_diacritic_64k,IV,2897,formula,IV,IV,cannot parse into complete legal pinyin syllables,0,
custom_pinyin_diacritic_64k,IV,46451,ray,IV,IV,cannot parse into complete legal pinyin syllables,0,
custom_pinyin_diacritic_64k,IV,41611,cond,IV,IV,cannot parse into complete legal pinyin syllables,0,
custom_pinyin_diacritic_64k,IV,16654,tra,IV,IV,cannot parse into complete legal pinyin syllables,0,
custom_pinyin_diacritic_64k,IV,20918,yú 2004,IV,IV,incomplete time phrase like yu 2013,0,
custom_pinyin_diacritic_64k,IV,60085,ig,IV,IV,cannot parse into complete legal pinyin syllables,0,
custom_pinyin_diacritic_64k,IV,32344,del,IV,IV,cannot parse into complete legal pinyin syllables,0,
custom_pinyin_diacritic_64k,IV,58299,zǒng miàn jī 7,IV,IV,mixed digit+pinyin token without a complete numeric pattern,0,
custom_pinyin_diacritic_64k,IV,26450,des,IV,IV,cannot parse into complete legal pinyin syllables,0,
custom_pinyin_diacritic_64k,IV,56139,dì èr jiǎ dì,IV,IV,cannot parse into complete legal pinyin syllables,0,
custom_pinyin_diacritic_64k,IV,28819,2019 guān zhuàng bìng dú bìng yì qíng,IV,IV,mixed digit+pinyin token without a complete numeric pattern,0,
custom_pinyin_diacritic_64k,IV,61504,au,IV,IV,cannot parse into complete legal pinyin syllables,0,
custom_pinyin_diacritic_64k,IV,30919,cture,IV,IV,cannot parse into complete legal pinyin syllables,0,
custom_pinyin_diacritic_64k,IV,42659,tive,IV,IV,cannot parse into complete legal pinyin syllables,0,
custom_pinyin_diacritic_64k,IV,62237,dǎo shì yuè tái 1 miàn 2,IV,IV,mixed digit+pinyin token without a complete numeric pattern,5,
custom_pinyin_diacritic_64k,IV,1394,ind,IV,IV,cannot parse into complete legal pinyin syllables,0,
custom_pinyin_diacritic_64k,IV,11505,yú 2022,IV,IV,incomplete time phrase like yu 2013,0,
custom_pinyin_diacritic_64k,IV,33488,oftw,IV,IV,cannot parse into complete legal pinyin syllables,0,
custom_pinyin_diacritic_64k,IV,62097,dāng dì gòng yǒu rén kǒu 10,IV,IV,mixed digit+pinyin token without a complete numeric pattern,0,
custom_pinyin_diacritic_64k,IV,39998,U21,IV,IV,mixed digit+pinyin token without a complete numeric pattern,0,
custom_pinyin_diacritic_64k,IV,59959,20 yú,IV,IV,mixed digit+pinyin token without a complete numeric pattern,0,
custom_pinyin_diacritic_64k,IV,31139,ther,IV,IV,cannot parse into complete legal pinyin syllables,0,
custom_pinyin_diacritic_64k,IV,36058,SNH48,IV,IV,mixed digit+pinyin token without a complete numeric pattern,0,
custom_pinyin_diacritic_64k,IV,21876,pre,IV,IV,cannot parse into complete legal pinyin syllables,0,
custom_pinyin_diacritic_64k,IV,9404,ve,IV,IV,cannot parse into complete legal pinyin syllables,0,
custom_pinyin_diacritic_64k,IV,37010,xel,IV,IV,cannot parse into complete legal pinyin syllables,0,
custom_pinyin_diacritic_64k,IV,57778,7 xiàn,IV,IV,mixed digit+pinyin token without a complete numeric pattern,0,
custom_pinyin_diacritic_64k,IV,49037,ngela,IV,IV,cannot parse into complete legal pinyin syllables,0,
custom_pinyin_toned_64k,SV,2335,nan2,SV,SV,pinyin dictionary hit,1,
custom_pinyin_toned_64k,SV,44537,jue2 qi3,SV,SV,pinyin dictionary hit,2,
custom_pinyin_toned_64k,SV,50854,te4 ding4,SV,SV,pinyin dictionary hit,2,
custom_pinyin_toned_64k,SV,7111,shen1 du4,SV,SV,pinyin dictionary hit,2,
custom_pinyin_toned_64k,SV,52149,dan4 dao4 dao3 dan4,SV,SV,pinyin dictionary hit,4,
custom_pinyin_toned_64k,SV,27923,hui2 shou1,SV,SV,pinyin dictionary hit,2,
custom_pinyin_toned_64k,SV,12594,jiu3 dian4,SV,SV,pinyin dictionary hit,2,
custom_pinyin_toned_64k,SV,20487,zhong1 guo2 shi2,SV,SV,pinyin dictionary hit,3,
custom_pinyin_toned_64k,SV,33280,wang1 jing1 wei4,SV,SV,pinyin dictionary hit,3,
custom_pinyin_toned_64k,SV,28709,lian4 tong2,SV,SV,pinyin dictionary hit,2,
custom_pinyin_toned_64k,SV,45245,di4 19,SV,SV,ordinal expression such as di 1,0,
custom_pinyin_toned_64k,SV,45667,yue4 shou3,SV,SV,pinyin dictionary hit,2,
custom_pinyin_toned_64k,SV,45225,xu2 li4,SV,SV,pinyin dictionary hit,2,
custom_pinyin_toned_64k,SV,26608,lun2 tai1,SV,SV,pinyin dictionary hit,2,
custom_pinyin_toned_64k,SV,29056,mei2 jie4,SV,SV,pinyin dictionary hit,2,
custom_pinyin_toned_64k,SV,33599,chong1 man3,SV,SV,pinyin dictionary hit,2,
custom_pinyin_toned_64k,SV,35821,zai4,SV,SV,pinyin dictionary hit,1,
custom_pinyin_toned_64k,SV,16169,liao4 de,SV,SV,pinyin dictionary hit,2,
custom_pinyin_toned_64k,SV,12012,33 nian2,SV,SV,pinyin dictionary hit with digits,1,
custom_pinyin_toned_64k,SV,59229,zhou1 ji2,SV,SV,pinyin dictionary hit,2,
custom_pinyin_toned_64k,SV,11678,zhen4 wang2,SV,SV,pinyin dictionary hit,2,
custom_pinyin_toned_64k,SV,34165,bian4 liang4,SV,SV,pinyin dictionary hit,2,
custom_pinyin_toned_64k,SV,54686,wei4 ke1,SV,SV,pinyin dictionary hit,2,
custom_pinyin_toned_64k,SV,10221,fa3 lan2 xi1,SV,SV,pinyin dictionary hit,3,
custom_pinyin_toned_64k,SV,10340,wei3 tuo1,SV,SV,pinyin dictionary hit,2,
custom_pinyin_toned_64k,SV,55269,he2 pu3,SV,SV,pinyin dictionary hit,2,
custom_pinyin_toned_64k,SV,48582,gao1 zhong1,SV,SV,pinyin dictionary hit,2,
custom_pinyin_toned_64k,SV,15478,liu2 chuan2,SV,SV,pinyin dictionary hit,2,
custom_pinyin_toned_64k,SV,14465,lu4 yin1 shi4,SV,SV,pinyin dictionary hit,3,
custom_pinyin_toned_64k,SV,48107,peng2 you3,SV,SV,pinyin dictionary hit,2,
custom_pinyin_toned_64k,SV,53477,yu3 ming2,SV,SV,pinyin dictionary hit,2,
custom_pinyin_toned_64k,SV,7498,liu4 shi2,SV,SV,pinyin dictionary hit,2,
custom_pinyin_toned_64k,SV,14668,shui3 xian4,SV,SV,pinyin dictionary hit,2,
custom_pinyin_toned_64k,SV,34309,xie1 ren2,SV,SV,pinyin dictionary hit,2,
custom_pinyin_toned_64k,SV,2715,fa3 guo2,SV,SV,pinyin dictionary hit,2,
custom_pinyin_toned_64k,SV,39923,dang1 di4 ju1 min2,SV,SV,pinyin dictionary hit,4,
custom_pinyin_toned_64k,SV,12890,sheng1 yi4,SV,SV,pinyin dictionary hit,2,
custom_pinyin_toned_64k,SV,40562,nan4 min2 ying2,SV,SV,pinyin dictionary hit,3,
custom_pinyin_toned_64k,SV,61823,jue2 dou4,SV,SV,pinyin dictionary hit,2,
custom_pinyin_toned_64k,SV,24049,zhu3 gong1,SV,SV,pinyin dictionary hit,2,
custom_pinyin_toned_64k,SV,10701,pu3 la1,SV,SV,pinyin dictionary hit,2,
custom_pinyin_toned_64k,SV,36342,su4 she4,SV,SV,pinyin dictionary hit,2,
custom_pinyin_toned_64k,SV,19853,tu2 zhong1,SV,SV,pinyin dictionary hit,2,
custom_pinyin_toned_64k,SV,4259,gong4,SV,SV,pinyin dictionary hit,1,
custom_pinyin_toned_64k,SV,50876,ying1 hua1,SV,SV,pinyin dictionary hit,2,
custom_pinyin_toned_64k,SV,36582,shen1 zhi1,SV,SV,pinyin dictionary hit,2,
custom_pinyin_toned_64k,SV,45508,wei2 ye3 na4,SV,SV,pinyin dictionary hit,3,
custom_pinyin_toned_64k,SV,44775,jun1 zheng4 fu3,SV,SV,pinyin dictionary hit,3,
custom_pinyin_toned_64k,SV,17390,chu1 ban3 she4,SV,SV,pinyin dictionary hit,3,
custom_pinyin_toned_64k,SV,49444,tu3 rang3,SV,SV,pinyin dictionary hit,2,
custom_pinyin_toned_64k,SV,50947,liu2 bei4,SV,SV,pinyin dictionary hit,2,
custom_pinyin_toned_64k,SV,39621,wen2 hua4 ju2,SV,SV,pinyin dictionary hit,3,
custom_pinyin_toned_64k,SV,43037,long3 duan4,SV,SV,pinyin dictionary hit,2,
custom_pinyin_toned_64k,SV,8103,lian2 ren4,SV,SV,pinyin dictionary hit,2,
custom_pinyin_toned_64k,SV,15008,xiong1 zhang3,SV,SV,pinyin dictionary hit,2,
custom_pinyin_toned_64k,SV,23223,gao1 da2,SV,SV,pinyin dictionary hit,2,
custom_pinyin_toned_64k,SV,11471,1 jia1,SV,SV,pinyin dictionary hit with digits,1,
custom_pinyin_toned_64k,SV,52280,jiu3 zhi1,SV,SV,pinyin dictionary hit,2,
custom_pinyin_toned_64k,SV,17361,guan1 li4,SV,SV,pinyin dictionary hit,2,
custom_pinyin_toned_64k,SV,43192,lu2 ka3,SV,SV,pinyin dictionary hit,2,
custom_pinyin_toned_64k,SV,43238,dang4 an4 guan3,SV,SV,pinyin dictionary hit,3,
custom_pinyin_toned_64k,SV,35925,fen1 zheng1,SV,SV,pinyin dictionary hit,2,
custom_pinyin_toned_64k,SV,45734,bao1 guo3,SV,SV,pinyin dictionary hit,2,
custom_pinyin_toned_64k,SV,36530,pi4 ru2,SV,SV,pinyin dictionary hit,2,
custom_pinyin_toned_64k,SV,57778,luo4 shan1 ji1 shi2 bao4,SV,SV,pinyin dictionary hit,5,
custom_pinyin_toned_64k,SV,12725,zeng1 jia1,SV,SV,pinyin dictionary hit,2,
custom_pinyin_toned_64k,SV,529,jiu4,SV,SV,pinyin dictionary hit,1,
custom_pinyin_toned_64k,SV,49879,zi4 you2 mao4 yi4,SV,SV,pinyin dictionary hit,4,
custom_pinyin_toned_64k,SV,4537,qiao2 zhi4,SV,SV,pinyin dictionary hit,2,
custom_pinyin_toned_64k,SV,20339,jiang3 he2,SV,SV,pinyin dictionary hit,2,
custom_pinyin_toned_64k,SV,37129,wei2 ji1,SV,SV,pinyin dictionary hit,2,
custom_pinyin_toned_64k,SV,10999,cao2,SV,SV,pinyin dictionary hit,1,
custom_pinyin_toned_64k,SV,30670,cheng2 huang2,SV,SV,pinyin dictionary hit,2,
custom_pinyin_toned_64k,SV,59995,jin1 zhou1,SV,SV,pinyin dictionary hit,2,
custom_pinyin_toned_64k,SV,5077,tong1 guo4,SV,SV,pinyin dictionary hit,2,
custom_pinyin_toned_64k,SV,63247,jia3 xi1,SV,SV,pinyin dictionary hit,2,
custom_pinyin_toned_64k,SV,22630,an1 wei4,SV,SV,pinyin dictionary hit,2,
custom_pinyin_toned_64k,SV,23254,xiong1 di4,SV,SV,pinyin dictionary hit,2,
custom_pinyin_toned_64k,SV,32380,jiang1 yu4,SV,SV,pinyin dictionary hit,2,
custom_pinyin_toned_64k,SV,31043,ran2 liao4,SV,SV,pinyin dictionary hit,2,
custom_pinyin_toned_64k,SV,25675,fu2 lan2,SV,SV,pinyin dictionary hit,2,
custom_pinyin_toned_64k,SV,23925,pian4 wei3,SV,SV,pinyin dictionary hit,2,
custom_pinyin_toned_64k,SV,20066,shou3 ce4,SV,SV,pinyin dictionary hit,2,
custom_pinyin_toned_64k,SV,23649,qi2 lin2,SV,SV,pinyin dictionary hit,2,
custom_pinyin_toned_64k,SV,42583,tian2,SV,SV,pinyin dictionary hit,1,
custom_pinyin_toned_64k,SV,55353,yu4 ci4,SV,SV,pinyin dictionary hit,2,
custom_pinyin_toned_64k,SV,13989,te4 zhi4,SV,SV,pinyin dictionary hit,2,
custom_pinyin_toned_64k,SV,7480,li3 cheng2,SV,SV,pinyin dictionary hit,2,
custom_pinyin_toned_64k,SV,30225,min2 yong4,SV,SV,pinyin dictionary hit,2,
custom_pinyin_toned_64k,SV,38249,niu2 dun4,SV,SV,pinyin dictionary hit,2,
custom_pinyin_toned_64k,SV,23950,1 shi2,SV,SV,pinyin dictionary hit with digits,1,
custom_pinyin_toned_64k,SV,24674,an4 he2,SV,SV,pinyin dictionary hit,2,
custom_pinyin_toned_64k,SV,52363,ren2 xing4,SV,SV,pinyin dictionary hit,2,
custom_pinyin_toned_64k,SV,37128,te4 zhong3,SV,SV,pinyin dictionary hit,2,
custom_pinyin_toned_64k,SV,23552,zhong3 qun2,SV,SV,pinyin dictionary hit,2,
custom_pinyin_toned_64k,SV,36174,tian1 ti3,SV,SV,pinyin dictionary hit,2,
custom_pinyin_toned_64k,SV,17543,bao3 jia1 li4 ya4,SV,SV,pinyin dictionary hit,4,
custom_pinyin_toned_64k,SV,38653,shi4 tong2,SV,SV,pinyin dictionary hit,2,
custom_pinyin_toned_64k,SV,59244,chang3 zhi4,SV,SV,pinyin dictionary hit,2,
custom_pinyin_toned_64k,SV,44233,shang1 zhe3,SV,SV,pinyin dictionary hit,2,
custom_pinyin_toned_64k,WV,34991,zuo4 luo4 yu2,WV,WV,complete syllable sequence with plausible known-unit decomposition,3,
custom_pinyin_toned_64k,WV,58907,er4 shi2 yu2,WV,WV,complete syllable sequence with plausible known-unit decomposition,3,
custom_pinyin_toned_64k,WV,62844,zui4 gao1 quan2 li4,WV,WV,complete syllable sequence with plausible known-unit decomposition,4,
custom_pinyin_toned_64k,WV,56016,mei3 guo2 ji2,WV,WV,complete syllable sequence with plausible known-unit decomposition,3,
custom_pinyin_toned_64k,WV,53086,di4 er4 jie4,WV,WV,complete syllable sequence with plausible known-unit decomposition,3,
custom_pinyin_toned_64k,WV,62972,ka3 luo2 lin2,WV,WV,complete syllable sequence with plausible known-unit decomposition,3,
custom_pinyin_toned_64k,WV,30554,de yi1 ci4,WV,WV,complete syllable sequence with plausible known-unit decomposition,3,
custom_pinyin_toned_64k,WV,53671,1625 nian2,WV,WV,numeric expression followed by a complete measure/time unit,0,
custom_pinyin_toned_64k,WV,61975,tu3 di4 he2,WV,WV,complete syllable sequence with plausible known-unit decomposition,3,
custom_pinyin_toned_64k,WV,12160,yi4 de shi4,WV,WV,complete syllable sequence with plausible known-unit decomposition,3,
custom_pinyin_toned_64k,WV,42240,ming2 bu4,WV,WV,complete syllable sequence with plausible known-unit decomposition,2,
custom_pinyin_toned_64k,WV,35782,wei4 yu2 gai1 sheng3 zhong1 bu4,WV,WV,complete syllable sequence with plausible known-unit decomposition,6,
custom_pinyin_toned_64k,WV,19454,zhi1 lv3,WV,WV,complete syllable sequence with plausible known-unit decomposition,2,
custom_pinyin_toned_64k,WV,53661,bei3 bu4 yu3,WV,WV,complete syllable sequence with plausible known-unit decomposition,3,
custom_pinyin_toned_64k,WV,57559,de yi2 ge4 zhen4,WV,WV,complete syllable sequence with plausible known-unit decomposition,4,
custom_pinyin_toned_64k,WV,53443,wei4 ying1 guo2,WV,WV,complete syllable sequence with plausible known-unit decomposition,3,
custom_pinyin_toned_64k,WV,9814,nuo4 man4,WV,WV,complete syllable sequence with plausible known-unit decomposition,2,
custom_pinyin_toned_64k,WV,22284,dan4 shi2 ji4 shang4,WV,WV,complete syllable sequence with plausible known-unit decomposition,4,
custom_pinyin_toned_64k,WV,53139,ci3 zhan4 shi4,WV,WV,complete syllable sequence with plausible known-unit decomposition,3,
custom_pinyin_toned_64k,WV,53486,shi3 chi2 jie2,WV,WV,complete syllable sequence with plausible known-unit decomposition,3,
custom_pinyin_toned_64k,WV,37491,dan4 shui3 liu2 yu4,WV,WV,complete syllable sequence with plausible known-unit decomposition,4,
custom_pinyin_toned_64k,WV,22183,gang1 de,WV,WV,complete syllable sequence with plausible known-unit decomposition,2,
custom_pinyin_toned_64k,WV,24348,ya4 li4 shan1,WV,WV,complete syllable sequence with plausible known-unit decomposition,3,
custom_pinyin_toned_64k,WV,24965,wei4 yu2 zhong1 guo2 guang3 dong1 sheng3,WV,WV,complete syllable sequence with plausible known-unit decomposition,7,
custom_pinyin_toned_64k,WV,61374,wei3 tuo1 che1 zhan4,WV,WV,complete syllable sequence with plausible known-unit decomposition,4,
custom_pinyin_toned_64k,WV,31068,yun2 nan2 deng3 di4,WV,WV,complete syllable sequence with plausible known-unit decomposition,4,
custom_pinyin_toned_64k,WV,26305,li4 zhong1 xue2,WV,WV,complete syllable sequence with plausible known-unit decomposition,3,
custom_pinyin_toned_64k,WV,46239,yu2 shi4 qu1,WV,WV,complete syllable sequence with plausible known-unit decomposition,3,
custom_pinyin_toned_64k,WV,45940,wu4 si1 si1 zhang3,WV,WV,complete syllable sequence with plausible known-unit decomposition,4,
custom_pinyin_toned_64k,WV,24696,kuan1 de,WV,WV,complete syllable sequence with plausible known-unit decomposition,2,
custom_pinyin_toned_64k,WV,7542,1960 nian2,WV,WV,numeric expression followed by a complete measure/time unit,0,
custom_pinyin_toned_64k,WV,63594,lei2 ding1,WV,WV,complete syllable sequence with plausible known-unit decomposition,2,
custom_pinyin_toned_64k,WV,41811,bao4 zha4 an4,WV,WV,complete syllable sequence with plausible known-unit decomposition,3,
custom_pinyin_toned_64k,WV,25147,jia4 fei1 ji1,WV,WV,complete syllable sequence with plausible known-unit decomposition,3,
custom_pinyin_toned_64k,WV,29706,ke1 de yi1 zhong3,WV,WV,complete syllable sequence with plausible known-unit decomposition,4,
custom_pinyin_toned_64k,WV,61412,ying1 guo2 huang2 jia1 hai3 jun1,WV,WV,complete syllable sequence with plausible known-unit decomposition,6,
custom_pinyin_toned_64k,WV,14531,san1 ceng2,WV,WV,complete syllable sequence with plausible known-unit decomposition,2,
custom_pinyin_toned_64k,WV,38764,zhe4 nian2,WV,WV,complete syllable sequence with plausible known-unit decomposition,2,
custom_pinyin_toned_64k,WV,24923,ming2 xian3 de,WV,WV,complete syllable sequence with plausible known-unit decomposition,3,
custom_pinyin_toned_64k,WV,9950,quan2 de,WV,WV,complete syllable sequence with plausible known-unit decomposition,2,
custom_pinyin_toned_64k,WV,53331,hui4 yi3 ji2,WV,WV,complete syllable sequence with plausible known-unit decomposition,3,
custom_pinyin_toned_64k,WV,62336,li4 wei4 zhi4,WV,WV,complete syllable sequence with plausible known-unit decomposition,3,
custom_pinyin_toned_64k,WV,47902,jin3 cun2 de,WV,WV,complete syllable sequence with plausible known-unit decomposition,3,
custom_pinyin_toned_64k,WV,28456,de2 er3,WV,WV,complete syllable sequence with plausible known-unit decomposition,2,
custom_pinyin_toned_64k,WV,13924,ju4 qing4 xia4,WV,WV,complete syllable sequence with plausible known-unit decomposition,3,
custom_pinyin_toned_64k,WV,40511,mian3 qian1 zheng4,WV,WV,complete syllable sequence with plausible known-unit decomposition,3,
custom_pinyin_toned_64k,WV,56898,jing4 nei4 you3,WV,WV,complete syllable sequence with plausible known-unit decomposition,3,
custom_pinyin_toned_64k,WV,38808,shi4 ren2 da4,WV,WV,complete syllable sequence with plausible known-unit decomposition,3,
custom_pinyin_toned_64k,WV,50514,bu4 liang2 si1 ke4,WV,WV,complete syllable sequence with plausible known-unit decomposition,4,
custom_pinyin_toned_64k,WV,51434,nian2 zhi4 2005 nian2,WV,WV,numeric expression followed by a complete measure/time unit,0,
custom_pinyin_toned_64k,WV,27537,wei4 yu2 ri4 ben3,WV,WV,complete syllable sequence with plausible known-unit decomposition,4,
custom_pinyin_toned_64k,WV,11551,2005 nian2,WV,WV,numeric expression followed by a complete measure/time unit,0,
custom_pinyin_toned_64k,WV,40275,1876 nian2,WV,WV,numeric expression followed by a complete measure/time unit,0,
custom_pinyin_toned_64k,WV,34312,xun4 he2,WV,WV,complete syllable sequence with plausible known-unit decomposition,2,
custom_pinyin_toned_64k,WV,19837,tong3 zhi4 shi2 qi1,WV,WV,complete syllable sequence with plausible known-unit decomposition,4,
custom_pinyin_toned_64k,WV,51584,qian2 long2 di4,WV,WV,complete syllable sequence with plausible known-unit decomposition,3,
custom_pinyin_toned_64k,WV,57522,mai4 ka3,WV,WV,complete syllable sequence with plausible known-unit decomposition,2,
custom_pinyin_toned_64k,WV,50537,luo2 de2 li3 ge2 si1,WV,WV,complete syllable sequence with plausible known-unit decomposition,5,
custom_pinyin_toned_64k,WV,42363,suo3 xie3 de,WV,WV,complete syllable sequence with plausible known-unit decomposition,3,
custom_pinyin_toned_64k,WV,59866,chao1 lian2 sai4,WV,WV,complete syllable sequence with plausible known-unit decomposition,3,
custom_pinyin_toned_64k,WV,61447,shi4 si4 deng3 zhan4,WV,WV,complete syllable sequence with plausible known-unit decomposition,4,
custom_pinyin_toned_64k,WV,29821,jin3 biao1 sai4 nv3 zi3,WV,WV,complete syllable sequence with plausible known-unit decomposition,5,
custom_pinyin_toned_64k,WV,60240,ke3 zhi2 jie1,WV,WV,complete syllable sequence with plausible known-unit decomposition,3,
custom_pinyin_toned_64k,WV,44992,7 yue4 de,WV,WV,numeric expression followed by a complete measure/time unit,0,
custom_pinyin_toned_64k,WV,51415,jing1 ji4 bu3 zhu4,WV,WV,complete syllable sequence with plausible known-unit decomposition,4,
custom_pinyin_toned_64k,WV,26191,le bu4 shao3,WV,WV,complete syllable sequence with plausible known-unit decomposition,3,
custom_pinyin_toned_64k,WV,11366,hua4 ru4,WV,WV,complete syllable sequence with plausible known-unit decomposition,2,
custom_pinyin_toned_64k,WV,46425,shan1 jun1,WV,WV,complete syllable sequence with plausible known-unit decomposition,2,
custom_pinyin_toned_64k,WV,16654,jun1 shi4 tan3 ding1,WV,WV,complete syllable sequence with plausible known-unit decomposition,4,
custom_pinyin_toned_64k,WV,8496,zhang3 wei4,WV,WV,complete syllable sequence with plausible known-unit decomposition,2,
custom_pinyin_toned_64k,WV,44269,bi3 shang4 nian2,WV,WV,complete syllable sequence with plausible known-unit decomposition,3,
custom_pinyin_toned_64k,WV,40083,2009 nian2 de,WV,WV,numeric expression followed by a complete measure/time unit,0,
custom_pinyin_toned_64k,WV,29413,luo2 wei2 qi2,WV,WV,complete syllable sequence with plausible known-unit decomposition,3,
custom_pinyin_toned_64k,WV,17317,zhong1 guo2 guo2 min2 dang3,WV,WV,complete syllable sequence with plausible known-unit decomposition,5,
custom_pinyin_toned_64k,WV,3388,2010 nian2,WV,WV,numeric expression followed by a complete measure/time unit,0,
custom_pinyin_toned_64k,WV,34859,shi4 wei4 yu2 mei3 guo2 a1 ken3 se4 zhou1,WV,WV,complete syllable sequence with plausible known-unit decomposition,9,
custom_pinyin_toned_64k,WV,24029,de shi2 li4,WV,WV,complete syllable sequence with plausible known-unit decomposition,3,
custom_pinyin_toned_64k,WV,26483,bo2 lan2 deng1,WV,WV,complete syllable sequence with plausible known-unit decomposition,3,
custom_pinyin_toned_64k,WV,28778,wan3 xie1 shi2 hou4,WV,WV,complete syllable sequence with plausible known-unit decomposition,4,
custom_pinyin_toned_64k,WV,26642,luo2 ma3 de,WV,WV,complete syllable sequence with plausible known-unit decomposition,3,
custom_pinyin_toned_64k,WV,58528,ben3 zai4,WV,WV,complete syllable sequence with plausible known-unit decomposition,2,
custom_pinyin_toned_64k,WV,39946,er2 qie3 zai4,WV,WV,complete syllable sequence with plausible known-unit decomposition,3,
custom_pinyin_toned_64k,WV,59297,guang1 di4,WV,WV,complete syllable sequence with plausible known-unit decomposition,2,
custom_pinyin_toned_64k,WV,15627,jiang1 de,WV,WV,complete syllable sequence with plausible known-unit decomposition,2,
custom_pinyin_toned_64k,WV,51186,2027 nian2,WV,WV,numeric expression followed by a complete measure/time unit,0,
custom_pinyin_toned_64k,WV,22480,you2 ju2 yu2,WV,WV,complete syllable sequence with plausible known-unit decomposition,3,
custom_pinyin_toned_64k,WV,39264,ji4 sheng1 zai4,WV,WV,complete syllable sequence with plausible known-unit decomposition,3,
custom_pinyin_toned_64k,WV,23944,dian4 shi4 deng1,WV,WV,complete syllable sequence with plausible known-unit decomposition,3,
custom_pinyin_toned_64k,WV,30459,ai1 xi1 ya4,WV,WV,complete syllable sequence with plausible known-unit decomposition,3,
custom_pinyin_toned_64k,WV,46428,luo2 zai4,WV,WV,complete syllable sequence with plausible known-unit decomposition,2,
custom_pinyin_toned_64k,WV,36809,liang3 ge4 ren2,WV,WV,complete syllable sequence with plausible known-unit decomposition,3,
custom_pinyin_toned_64k,WV,25221,er2 huo4 de2,WV,WV,complete syllable sequence with plausible known-unit decomposition,3,
custom_pinyin_toned_64k,WV,53510,xiang4 zheng1 yi4,WV,WV,complete syllable sequence with plausible known-unit decomposition,3,
custom_pinyin_toned_64k,WV,15570,1950 nian2 dai4,WV,WV,numeric expression followed by a complete measure/time unit,0,
custom_pinyin_toned_64k,WV,22520,zhi1 luan4,WV,WV,complete syllable sequence with plausible known-unit decomposition,2,
custom_pinyin_toned_64k,WV,50937,wen2 hua4 yi4 shu4,WV,WV,complete syllable sequence with plausible known-unit decomposition,4,
custom_pinyin_toned_64k,WV,37443,shu3 yu2 an1 di4 si1,WV,WV,complete syllable sequence with plausible known-unit decomposition,5,
custom_pinyin_toned_64k,WV,27033,san1 shi2 qi1 nian2,WV,WV,complete syllable sequence with plausible known-unit decomposition,4,
custom_pinyin_toned_64k,WV,17797,wei2 zhu3 xiao3 xing2 xing1 dai4,WV,WV,complete syllable sequence with plausible known-unit decomposition,6,
custom_pinyin_toned_64k,WV,62147,2014 nian2 12 yue4,WV,WV,numeric expression followed by a complete measure/time unit,0,
custom_pinyin_toned_64k,IV,42197,burg,IV,IV,cannot parse into complete legal pinyin syllables,0,
custom_pinyin_toned_64k,IV,49101,cher,IV,IV,cannot parse into complete legal pinyin syllables,0,
custom_pinyin_toned_64k,IV,2098,ft,IV,IV,cannot parse into complete legal pinyin syllables,0,
custom_pinyin_toned_64k,IV,25946,8 gong1 fen1,IV,IV,mixed digit+pinyin token without a complete numeric pattern,0,
custom_pinyin_toned_64k,IV,34499,20 fen1 zhong1,IV,IV,mixed digit+pinyin token without a complete numeric pattern,0,
custom_pinyin_toned_64k,IV,38850,py,IV,IV,cannot parse into complete legal pinyin syllables,0,
custom_pinyin_toned_64k,IV,9519,at,IV,IV,cannot parse into complete legal pinyin syllables,0,
custom_pinyin_toned_64k,IV,34275,eno,IV,IV,cannot parse into complete legal pinyin syllables,0,
custom_pinyin_toned_64k,IV,1341,ig,IV,IV,cannot parse into complete legal pinyin syllables,0,
custom_pinyin_toned_64k,IV,2095,gram,IV,IV,cannot parse into complete legal pinyin syllables,0,
custom_pinyin_toned_64k,IV,34912,kg,IV,IV,cannot parse into complete legal pinyin syllables,0,
custom_pinyin_toned_64k,IV,26694,zhi4 18,IV,IV,mixed digit+pinyin token without a complete numeric pattern,0,
custom_pinyin_toned_64k,IV,27741,sear,IV,IV,cannot parse into complete legal pinyin syllables,0,
custom_pinyin_toned_64k,IV,1199,ow,IV,IV,cannot parse into complete legal pinyin syllables,0,
custom_pinyin_toned_64k,IV,9910,com,IV,IV,cannot parse into complete legal pinyin syllables,0,
custom_pinyin_toned_64k,IV,50163,yu2 1990,IV,IV,incomplete time phrase like yu 2013,0,
custom_pinyin_toned_64k,IV,59359,ell,IV,IV,cannot parse into complete legal pinyin syllables,0,
custom_pinyin_toned_64k,IV,55232,ross,IV,IV,cannot parse into complete legal pinyin syllables,0,
custom_pinyin_toned_64k,IV,46907,sia,IV,IV,cannot parse into complete legal pinyin syllables,0,
custom_pinyin_toned_64k,IV,48680,table,IV,IV,cannot parse into complete legal pinyin syllables,0,
custom_pinyin_toned_64k,IV,33821,ach,IV,IV,cannot parse into complete legal pinyin syllables,0,
custom_pinyin_toned_64k,IV,62427,get,IV,IV,cannot parse into complete legal pinyin syllables,0,
custom_pinyin_toned_64k,IV,1680,so,IV,IV,cannot parse into complete legal pinyin syllables,0,
custom_pinyin_toned_64k,IV,32905,3D,IV,IV,mixed digit+pinyin token without a complete numeric pattern,0,
custom_pinyin_toned_64k,IV,275,ui4,IV,IV,cannot parse into complete legal pinyin syllables,0,
custom_pinyin_toned_64k,IV,61347,24 feng1 shen2 shi4,IV,IV,mixed digit+pinyin token without a complete numeric pattern,3,
custom_pinyin_toned_64k,IV,58459,av,IV,IV,cannot parse into complete legal pinyin syllables,0,
custom_pinyin_toned_64k,IV,21790,con,IV,IV,cannot parse into complete legal pinyin syllables,0,
custom_pinyin_toned_64k,IV,56410,cff,IV,IV,cannot parse into complete legal pinyin syllables,0,
custom_pinyin_toned_64k,IV,1698,int,IV,IV,cannot parse into complete legal pinyin syllables,0,
custom_pinyin_toned_64k,IV,1723,by,IV,IV,cannot parse into complete legal pinyin syllables,0,
custom_pinyin_toned_64k,IV,30614,dge,IV,IV,cannot parse into complete legal pinyin syllables,0,
custom_pinyin_toned_64k,IV,39959,30 bo1 chu1,IV,IV,mixed digit+pinyin token without a complete numeric pattern,0,
custom_pinyin_toned_64k,IV,5504,hans,IV,IV,cannot parse into complete legal pinyin syllables,0,
custom_pinyin_toned_64k,IV,45944,ville,IV,IV,cannot parse into complete legal pinyin syllables,0,
custom_pinyin_toned_64k,IV,22661,work,IV,IV,cannot parse into complete legal pinyin syllables,0,
custom_pinyin_toned_64k,IV,10761,yu2 2016,IV,IV,incomplete time phrase like yu 2013,0,
custom_pinyin_toned_64k,IV,62098,dang1 di4 gong4 you3 ren2 kou3 16,IV,IV,mixed digit+pinyin token without a complete numeric pattern,0,
custom_pinyin_toned_64k,IV,6288,or,IV,IV,cannot parse into complete legal pinyin syllables,0,
custom_pinyin_toned_64k,IV,36055,val,IV,IV,cannot parse into complete legal pinyin syllables,0,
custom_pinyin_toned_64k,IV,55727,ks,IV,IV,cannot parse into complete legal pinyin syllables,0,
custom_pinyin_toned_64k,IV,50039,dition,IV,IV,cannot parse into complete legal pinyin syllables,0,
custom_pinyin_toned_64k,IV,59944,nge,IV,IV,cannot parse into complete legal pinyin syllables,0,
custom_pinyin_toned_64k,IV,40486,de di4 2,IV,IV,mixed digit+pinyin token without a complete numeric pattern,2,
custom_pinyin_toned_64k,IV,57247,ric,IV,IV,cannot parse into complete legal pinyin syllables,0,
custom_pinyin_toned_64k,IV,43701,onder,IV,IV,cannot parse into complete legal pinyin syllables,0,
custom_pinyin_toned_64k,IV,2116,soft,IV,IV,cannot parse into complete legal pinyin syllables,0,
custom_pinyin_toned_64k,IV,53328,dis,IV,IV,cannot parse into complete legal pinyin syllables,0,
custom_pinyin_toned_64k,IV,28865,ris,IV,IV,cannot parse into complete legal pinyin syllables,0,
custom_pinyin_toned_64k,IV,6195,in,IV,IV,cannot parse into complete legal pinyin syllables,0,
custom_pinyin_toned_64k,IV,32628,ú,IV,IV,cannot parse into complete legal pinyin syllables,0,
custom_pinyin_toned_64k,IV,48544,bet,IV,IV,cannot parse into complete legal pinyin syllables,0,
custom_pinyin_toned_64k,IV,36471,chao1 guo4 200,IV,IV,mixed digit+pinyin token without a complete numeric pattern,0,
custom_pinyin_toned_64k,IV,28549,codice,IV,IV,cannot parse into complete legal pinyin syllables,0,
custom_pinyin_toned_64k,IV,40406,yu2 1992,IV,IV,incomplete time phrase like yu 2013,0,
custom_pinyin_toned_64k,IV,7404,ch,IV,IV,cannot parse into complete legal pinyin syllables,0,
custom_pinyin_toned_64k,IV,35833,shu4   formula,IV,IV,cannot parse into complete legal pinyin syllables,0,
custom_pinyin_toned_64k,IV,5762,zh,IV,IV,cannot parse into complete legal pinyin syllables,0,
custom_pinyin_toned_64k,IV,1555,va,IV,IV,cannot parse into complete legal pinyin syllables,0,
custom_pinyin_toned_64k,IV,55124,stu,IV,IV,cannot parse into complete legal pinyin syllables,0,
custom_pinyin_toned_64k,IV,31786,136 wu2 ren2 ji1 he2,IV,IV,mixed digit+pinyin token without a complete numeric pattern,0,
custom_pinyin_toned_64k,IV,23689,ut,IV,IV,cannot parse into complete legal pinyin syllables,0,
custom_pinyin_toned_64k,IV,990,ro,IV,IV,cannot parse into complete legal pinyin syllables,0,
custom_pinyin_toned_64k,IV,6273,es,IV,IV,cannot parse into complete legal pinyin syllables,0,
custom_pinyin_toned_64k,IV,895,al,IV,IV,cannot parse into complete legal pinyin syllables,0,
custom_pinyin_toned_64k,IV,44031,be,IV,IV,cannot parse into complete legal pinyin syllables,0,
custom_pinyin_toned_64k,IV,49375,15 zhi4 64,IV,IV,mixed digit+pinyin token without a complete numeric pattern,0,
custom_pinyin_toned_64k,IV,23255,chard,IV,IV,cannot parse into complete legal pinyin syllables,0,
custom_pinyin_toned_64k,IV,13014,yu2 2010,IV,IV,incomplete time phrase like yu 2013,0,
custom_pinyin_toned_64k,IV,50448,guo4 qu4 24 xiao3 shi2 nei4,IV,IV,mixed digit+pinyin token without a complete numeric pattern,5,
custom_pinyin_toned_64k,IV,33034,zer,IV,IV,cannot parse into complete legal pinyin syllables,0,
custom_pinyin_toned_64k,IV,43021,als,IV,IV,cannot parse into complete legal pinyin syllables,0,
custom_pinyin_toned_64k,IV,2121,ja,IV,IV,cannot parse into complete legal pinyin syllables,0,
custom_pinyin_toned_64k,IV,42201,lectro,IV,IV,cannot parse into complete legal pinyin syllables,0,
custom_pinyin_toned_64k,IV,1710,com,IV,IV,cannot parse into complete legal pinyin syllables,0,
custom_pinyin_toned_64k,IV,40565,gai1 cun1 shi3 jian4 yu2 18,IV,IV,mixed digit+pinyin token without a complete numeric pattern,0,
custom_pinyin_toned_64k,IV,18429,lver,IV,IV,cannot parse into complete legal pinyin syllables,0,
custom_pinyin_toned_64k,IV,46353,28 sou1 chuan2 zhi1 he2,IV,IV,mixed digit+pinyin token without a complete numeric pattern,0,
custom_pinyin_toned_64k,IV,38577,ket,IV,IV,cannot parse into complete legal pinyin syllables,0,
custom_pinyin_toned_64k,IV,13070,section   begin,IV,IV,cannot parse into complete legal pinyin syllables,0,
custom_pinyin_toned_64k,IV,48699,tic,IV,IV,cannot parse into complete legal pinyin syllables,0,
custom_pinyin_toned_64k,IV,41858,var,IV,IV,cannot parse into complete legal pinyin syllables,0,
custom_pinyin_toned_64k,IV,43282,dor,IV,IV,cannot parse into complete legal pinyin syllables,0,
custom_pinyin_toned_64k,IV,45637,sia,IV,IV,cannot parse into complete legal pinyin syllables,0,
custom_pinyin_toned_64k,IV,47695,20 duo1,IV,IV,mixed digit+pinyin token without a complete numeric pattern,0,
custom_pinyin_toned_64k,IV,2180,ux,IV,IV,cannot parse into complete legal pinyin syllables,0,
custom_pinyin_toned_64k,IV,25844,20 ming2,IV,IV,mixed digit+pinyin token without a complete numeric pattern,0,
custom_pinyin_toned_64k,IV,4446,al,IV,IV,cannot parse into complete legal pinyin syllables,0,
custom_pinyin_toned_64k,IV,1389,ind,IV,IV,cannot parse into complete legal pinyin syllables,0,
custom_pinyin_toned_64k,IV,57841,light,IV,IV,cannot parse into complete legal pinyin syllables,0,
custom_pinyin_toned_64k,IV,14631,ground,IV,IV,cannot parse into complete legal pinyin syllables,0,
custom_pinyin_toned_64k,IV,59163,kin,IV,IV,cannot parse into complete legal pinyin syllables,0,
custom_pinyin_toned_64k,IV,63647,10 mei2,IV,IV,mixed digit+pinyin token without a complete numeric pattern,0,
custom_pinyin_toned_64k,IV,37284,ngu,IV,IV,cannot parse into complete legal pinyin syllables,0,
custom_pinyin_toned_64k,IV,49090,ves,IV,IV,cannot parse into complete legal pinyin syllables,0,
custom_pinyin_toned_64k,IV,50362,7 dian3,IV,IV,mixed digit+pinyin token without a complete numeric pattern,0,
custom_pinyin_toned_64k,IV,43570,dang1 zhong1 lu4 di4 mian4 ji1 wei4 2,IV,IV,mixed digit+pinyin token without a complete numeric pattern,7,
custom_pinyin_toned_64k,IV,25494,etro,IV,IV,cannot parse into complete legal pinyin syllables,0,
custom_pinyin_toned_64k,IV,51087,uts,IV,IV,cannot parse into complete legal pinyin syllables,0,
custom_pinyin_toned_64k,IV,8291,as,IV,IV,cannot parse into complete legal pinyin syllables,0,
custom_pinyin_toneless_64k,SV,60431,gao chui,SV,SV,pinyin dictionary hit,2,
custom_pinyin_toneless_64k,SV,14568,huo you,SV,SV,pinyin dictionary hit,2,
custom_pinyin_toneless_64k,SV,12918,bo luo di,SV,SV,pinyin dictionary hit,3,
custom_pinyin_toneless_64k,SV,11633,tong ren,SV,SV,pinyin dictionary hit,2,
custom_pinyin_toneless_64k,SV,46828,35 ping fang gong li,SV,SV,pinyin dictionary hit with digits,4,
custom_pinyin_toneless_64k,SV,8996,guan li,SV,SV,pinyin dictionary hit,2,
custom_pinyin_toneless_64k,SV,3910,qie,SV,SV,pinyin dictionary hit,1,
custom_pinyin_toneless_64k,SV,54080,yin gu,SV,SV,pinyin dictionary hit,2,
custom_pinyin_toneless_64k,SV,27064,bu lang,SV,SV,pinyin dictionary hit,2,
custom_pinyin_toneless_64k,SV,20254,teng,SV,SV,pinyin dictionary hit,1,
custom_pinyin_toneless_64k,SV,27443,wen ti,SV,SV,pinyin dictionary hit,2,
custom_pinyin_toneless_64k,SV,7389,nian qing,SV,SV,pinyin dictionary hit,2,
custom_pinyin_toneless_64k,SV,50028,you hui,SV,SV,pinyin dictionary hit,2,
custom_pinyin_toneless_64k,SV,62143,di mu,SV,SV,pinyin dictionary hit,2,
custom_pinyin_toneless_64k,SV,31800,dan ni si,SV,SV,pinyin dictionary hit,3,
custom_pinyin_toneless_64k,SV,22645,pan sheng,SV,SV,pinyin dictionary hit,2,
custom_pinyin_toneless_64k,SV,56487,dian ding,SV,SV,pinyin dictionary hit,2,
custom_pinyin_toneless_64k,SV,35708,zhou xuan,SV,SV,pinyin dictionary hit,2,
custom_pinyin_toneless_64k,SV,21115,fu yuan,SV,SV,pinyin dictionary hit,2,
custom_pinyin_toneless_64k,SV,51869,juan ru,SV,SV,pinyin dictionary hit,2,
custom_pinyin_toneless_64k,SV,23597,gong an,SV,SV,pinyin dictionary hit,2,
custom_pinyin_toneless_64k,SV,39359,chen shi,SV,SV,pinyin dictionary hit,2,
custom_pinyin_toneless_64k,SV,32978,ren ji,SV,SV,pinyin dictionary hit,2,
custom_pinyin_toneless_64k,SV,33094,tian ma,SV,SV,pinyin dictionary hit,2,
custom_pinyin_toneless_64k,SV,49326,3 xi,SV,SV,pinyin dictionary hit with digits,1,
custom_pinyin_toneless_64k,SV,41230,fo ta,SV,SV,pinyin dictionary hit,2,
custom_pinyin_toneless_64k,SV,25869,jing dian,SV,SV,pinyin dictionary hit,2,
custom_pinyin_toneless_64k,SV,34511,zhan fang,SV,SV,pinyin dictionary hit,2,
custom_pinyin_toneless_64k,SV,46588,ru kou,SV,SV,pinyin dictionary hit,2,
custom_pinyin_toneless_64k,SV,60308,bei mei zhou,SV,SV,pinyin dictionary hit,3,
custom_pinyin_toneless_64k,SV,9638,ze bei,SV,SV,pinyin dictionary hit,2,
custom_pinyin_toneless_64k,SV,7362,chang ji,SV,SV,pinyin dictionary hit,2,
custom_pinyin_toneless_64k,SV,61131,14 li,SV,SV,pinyin dictionary hit with digits,1,
custom_pinyin_toneless_64k,SV,7974,ma li ya,SV,SV,pinyin dictionary hit,3,
custom_pinyin_toneless_64k,SV,15644,cao zong,SV,SV,pinyin dictionary hit,2,
custom_pinyin_toneless_64k,SV,6411,ce,SV,SV,pinyin dictionary hit,1,
custom_pinyin_toneless_64k,SV,28336,zhuang kuang xia,SV,SV,pinyin dictionary hit,3,
custom_pinyin_toneless_64k,SV,56784,zu fu,SV,SV,pinyin dictionary hit,2,
custom_pinyin_toneless_64k,SV,17165,kang fu,SV,SV,pinyin dictionary hit,2,
custom_pinyin_toneless_64k,SV,7321,ti dai,SV,SV,pinyin dictionary hit,2,
custom_pinyin_toneless_64k,SV,25410,hei he,SV,SV,pinyin dictionary hit,2,
custom_pinyin_toneless_64k,SV,23550,shun zhi,SV,SV,pinyin dictionary hit,2,
custom_pinyin_toneless_64k,SV,58581,sheng huan zhe,SV,SV,pinyin dictionary hit,3,
custom_pinyin_toneless_64k,SV,30493,chang nei,SV,SV,pinyin dictionary hit,2,
custom_pinyin_toneless_64k,SV,16250,zhou cheng,SV,SV,pinyin dictionary hit,2,
custom_pinyin_toneless_64k,SV,9292,zhong hua,SV,SV,pinyin dictionary hit,2,
custom_pinyin_toneless_64k,SV,6795,ti xing,SV,SV,pinyin dictionary hit,2,
custom_pinyin_toneless_64k,SV,11056,me,SV,SV,pinyin dictionary hit,1,
custom_pinyin_toneless_64k,SV,47116,ming yue,SV,SV,pinyin dictionary hit,2,
custom_pinyin_toneless_64k,SV,23283,ding,SV,SV,pinyin dictionary hit,1,
custom_pinyin_toneless_64k,SV,61724,shou zhong,SV,SV,pinyin dictionary hit,2,
custom_pinyin_toneless_64k,SV,33089,yao zhe,SV,SV,pinyin dictionary hit,2,
custom_pinyin_toneless_64k,SV,33558,gu jin,SV,SV,pinyin dictionary hit,2,
custom_pinyin_toneless_64k,SV,19098,xu zhou,SV,SV,pinyin dictionary hit,2,
custom_pinyin_toneless_64k,SV,58555,xing tai,SV,SV,pinyin dictionary hit,2,
custom_pinyin_toneless_64k,SV,24498,fu teng bao,SV,SV,pinyin dictionary hit,3,
custom_pinyin_toneless_64k,SV,2952,mei guo,SV,SV,pinyin dictionary hit,2,
custom_pinyin_toneless_64k,SV,26042,2 wei,SV,SV,pinyin dictionary hit with digits,1,
custom_pinyin_toneless_64k,SV,45568,liu jiao,SV,SV,pinyin dictionary hit,2,
custom_pinyin_toneless_64k,SV,28279,gu lou,SV,SV,pinyin dictionary hit,2,
custom_pinyin_toneless_64k,SV,44744,wei si kang xin,SV,SV,pinyin dictionary hit,4,
custom_pinyin_toneless_64k,SV,37081,san zu,SV,SV,pinyin dictionary hit,2,
custom_pinyin_toneless_64k,SV,4745,xing ren,SV,SV,pinyin dictionary hit,2,
custom_pinyin_toneless_64k,SV,7777,ci qu,SV,SV,pinyin dictionary hit,2,
custom_pinyin_toneless_64k,SV,55518,bao gui,SV,SV,pinyin dictionary hit,2,
custom_pinyin_toneless_64k,SV,54132,an kang,SV,SV,pinyin dictionary hit,2,
custom_pinyin_toneless_64k,SV,48617,jiang lai,SV,SV,pinyin dictionary hit,2,
custom_pinyin_toneless_64k,SV,38631,a ba si,SV,SV,pinyin dictionary hit,3,
custom_pinyin_toneless_64k,SV,7152,zhu dao,SV,SV,pinyin dictionary hit,2,
custom_pinyin_toneless_64k,SV,63848,zi fu chuan,SV,SV,pinyin dictionary hit,3,
custom_pinyin_toneless_64k,SV,57631,shao zi,SV,SV,pinyin dictionary hit,2,
custom_pinyin_toneless_64k,SV,37045,si chu,SV,SV,pinyin dictionary hit,2,
custom_pinyin_toneless_64k,SV,6987,shuang da,SV,SV,pinyin dictionary hit,2,
custom_pinyin_toneless_64k,SV,50684,da chang,SV,SV,pinyin dictionary hit,2,
custom_pinyin_toneless_64k,SV,24382,jing hou,SV,SV,pinyin dictionary hit,2,
custom_pinyin_toneless_64k,SV,46715,chang qi yi lai,SV,SV,pinyin dictionary hit,4,
custom_pinyin_toneless_64k,SV,3944,ping jia,SV,SV,pinyin dictionary hit,2,
custom_pinyin_toneless_64k,SV,15238,nei,SV,SV,pinyin dictionary hit,1,
custom_pinyin_toneless_64k,SV,8861,nan min,SV,SV,pinyin dictionary hit,2,
custom_pinyin_toneless_64k,SV,35984,mei guo dui,SV,SV,pinyin dictionary hit,3,
custom_pinyin_toneless_64k,SV,18567,xi yu,SV,SV,pinyin dictionary hit,2,
custom_pinyin_toneless_64k,SV,21221,huo yun,SV,SV,pinyin dictionary hit,2,
custom_pinyin_toneless_64k,SV,31282,guo ji hua,SV,SV,pinyin dictionary hit,3,
custom_pinyin_toneless_64k,SV,63288,dian cang,SV,SV,pinyin dictionary hit,2,
custom_pinyin_toneless_64k,SV,25443,ding jian,SV,SV,pinyin dictionary hit,2,
custom_pinyin_toneless_64k,SV,6995,yin yue,SV,SV,pinyin dictionary hit,2,
custom_pinyin_toneless_64k,SV,14498,xing zheng zhang guan,SV,SV,pinyin dictionary hit,4,
custom_pinyin_toneless_64k,SV,35690,dian liang,SV,SV,pinyin dictionary hit,2,
custom_pinyin_toneless_64k,SV,27452,liu di,SV,SV,pinyin dictionary hit,2,
custom_pinyin_toneless_64k,SV,11385,deng dai,SV,SV,pinyin dictionary hit,2,
custom_pinyin_toneless_64k,SV,38564,guan ju,SV,SV,pinyin dictionary hit,2,
custom_pinyin_toneless_64k,SV,27043,suan chu,SV,SV,pinyin dictionary hit,2,
custom_pinyin_toneless_64k,SV,58712,yang sheng qi,SV,SV,pinyin dictionary hit,3,
custom_pinyin_toneless_64k,SV,2802,cheng yuan,SV,SV,pinyin dictionary hit,2,
custom_pinyin_toneless_64k,SV,55470,ke ben,SV,SV,pinyin dictionary hit,2,
custom_pinyin_toneless_64k,SV,5862,zeng,SV,SV,pinyin dictionary hit,1,
custom_pinyin_toneless_64k,SV,47854,keng dao,SV,SV,pinyin dictionary hit,2,
custom_pinyin_toneless_64k,SV,5585,bao shi,SV,SV,pinyin dictionary hit,2,
custom_pinyin_toneless_64k,SV,14502,fan dui pai,SV,SV,pinyin dictionary hit,3,
custom_pinyin_toneless_64k,SV,14215,quan cheng,SV,SV,pinyin dictionary hit,2,
custom_pinyin_toneless_64k,WV,17740,tun qi ruan tiao,WV,WV,complete syllable sequence with plausible known-unit decomposition,4,
custom_pinyin_toneless_64k,WV,39140,san nian ji,WV,WV,complete syllable sequence with plausible known-unit decomposition,3,
custom_pinyin_toneless_64k,WV,12825,fan xue xiao,WV,WV,complete syllable sequence with plausible known-unit decomposition,3,
custom_pinyin_toneless_64k,WV,31847,geng xiao,WV,WV,complete syllable sequence with plausible known-unit decomposition,2,
custom_pinyin_toneless_64k,WV,57912,tu zhong yu,WV,WV,complete syllable sequence with plausible known-unit decomposition,3,
custom_pinyin_toneless_64k,WV,50141,xu jin xing,WV,WV,complete syllable sequence with plausible known-unit decomposition,3,
custom_pinyin_toneless_64k,WV,55864,gu wen gong si,WV,WV,complete syllable sequence with plausible known-unit decomposition,4,
custom_pinyin_toneless_64k,WV,26577,zuo shi lang,WV,WV,complete syllable sequence with plausible known-unit decomposition,3,
custom_pinyin_toneless_64k,WV,58173,da xue ji,WV,WV,complete syllable sequence with plausible known-unit decomposition,3,
custom_pinyin_toneless_64k,WV,28772,lian sai bei,WV,WV,complete syllable sequence with plausible known-unit decomposition,3,
custom_pinyin_toneless_64k,WV,32050,ce liang de,WV,WV,complete syllable sequence with plausible known-unit decomposition,3,
custom_pinyin_toneless_64k,WV,53892,dian da xue shi,WV,WV,complete syllable sequence with plausible known-unit decomposition,4,
custom_pinyin_toneless_64k,WV,59884,quan guo tuo pin gong jian,WV,WV,complete syllable sequence with plausible known-unit decomposition,6,
custom_pinyin_toneless_64k,WV,32145,1927 nian,WV,WV,numeric expression followed by a complete measure/time unit,0,
custom_pinyin_toneless_64k,WV,31333,tuo pin gong jian,WV,WV,complete syllable sequence with plausible known-unit decomposition,4,
custom_pinyin_toneless_64k,WV,41947,jing shi jian,WV,WV,complete syllable sequence with plausible known-unit decomposition,3,
custom_pinyin_toneless_64k,WV,50085,le ta,WV,WV,complete syllable sequence with plausible known-unit decomposition,2,
custom_pinyin_toneless_64k,WV,38676,zi zhi gong he guo,WV,WV,complete syllable sequence with plausible known-unit decomposition,5,
custom_pinyin_toneless_64k,WV,62974,1898 nian,WV,WV,numeric expression followed by a complete measure/time unit,0,
custom_pinyin_toneless_64k,WV,45172,zheng shi cheng ren,WV,WV,complete syllable sequence with plausible known-unit decomposition,4,
custom_pinyin_toneless_64k,WV,55809,you xi zhong de,WV,WV,complete syllable sequence with plausible known-unit decomposition,4,
custom_pinyin_toneless_64k,WV,43555,xiao shi zhi,WV,WV,complete syllable sequence with plausible known-unit decomposition,3,
custom_pinyin_toneless_64k,WV,48410,yi shu yu,WV,WV,complete syllable sequence with plausible known-unit decomposition,3,
custom_pinyin_toneless_64k,WV,37527,bei yi ge,WV,WV,complete syllable sequence with plausible known-unit decomposition,3,
custom_pinyin_toneless_64k,WV,46652,shuo fa ren wei,WV,WV,complete syllable sequence with plausible known-unit decomposition,4,
custom_pinyin_toneless_64k,WV,15720,zhong guo gong,WV,WV,complete syllable sequence with plausible known-unit decomposition,3,
custom_pinyin_toneless_64k,WV,51613,fei chang jie jin,WV,WV,complete syllable sequence with plausible known-unit decomposition,4,
custom_pinyin_toneless_64k,WV,62010,fei zhong,WV,WV,complete syllable sequence with plausible known-unit decomposition,2,
custom_pinyin_toneless_64k,WV,40006,xian zhi xian yi zhi,WV,WV,complete syllable sequence with plausible known-unit decomposition,5,
custom_pinyin_toneless_64k,WV,54879,chi ban,WV,WV,complete syllable sequence with plausible known-unit decomposition,2,
custom_pinyin_toneless_64k,WV,39325,ta de zuo pin,WV,WV,complete syllable sequence with plausible known-unit decomposition,4,
custom_pinyin_toneless_64k,WV,60909,ge li guan kong,WV,WV,complete syllable sequence with plausible known-unit decomposition,4,
custom_pinyin_toneless_64k,WV,32804,kun de,WV,WV,complete syllable sequence with plausible known-unit decomposition,2,
custom_pinyin_toneless_64k,WV,35094,20 shi,WV,WV,numeric expression followed by a complete measure/time unit,0,
custom_pinyin_toneless_64k,WV,9409,jiao gao,WV,WV,complete syllable sequence with plausible known-unit decomposition,2,
custom_pinyin_toneless_64k,WV,61818,wei yu fa guo da dong bu da qu ma en sheng,WV,WV,complete syllable sequence with plausible known-unit decomposition,12,
custom_pinyin_toneless_64k,WV,44347,xiang dui ying de,WV,WV,complete syllable sequence with plausible known-unit decomposition,4,
custom_pinyin_toneless_64k,WV,46312,shang yi ji,WV,WV,complete syllable sequence with plausible known-unit decomposition,3,
custom_pinyin_toneless_64k,WV,53433,shen bian de,WV,WV,complete syllable sequence with plausible known-unit decomposition,3,
custom_pinyin_toneless_64k,WV,11044,ding le,WV,WV,complete syllable sequence with plausible known-unit decomposition,2,
custom_pinyin_toneless_64k,WV,46645,zhong bu he,WV,WV,complete syllable sequence with plausible known-unit decomposition,3,
custom_pinyin_toneless_64k,WV,50813,fa biao yu,WV,WV,complete syllable sequence with plausible known-unit decomposition,3,
custom_pinyin_toneless_64k,WV,47365,li yi jing,WV,WV,complete syllable sequence with plausible known-unit decomposition,3,
custom_pinyin_toneless_64k,WV,60027,3 yue ren,WV,WV,numeric expression followed by a complete measure/time unit,2,
custom_pinyin_toneless_64k,WV,43844,can yu zhi,WV,WV,complete syllable sequence with plausible known-unit decomposition,3,
custom_pinyin_toneless_64k,WV,29593,ben tu de,WV,WV,complete syllable sequence with plausible known-unit decomposition,3,
custom_pinyin_toneless_64k,WV,36212,jun cheng,WV,WV,complete syllable sequence with plausible known-unit decomposition,2,
custom_pinyin_toneless_64k,WV,55088,jie ji you xi,WV,WV,complete syllable sequence with plausible known-unit decomposition,4,
custom_pinyin_toneless_64k,WV,44634,feng bi de,WV,WV,complete syllable sequence with plausible known-unit decomposition,3,
custom_pinyin_toneless_64k,WV,61636,zhu shi fen bu xue xi,WV,WV,complete syllable sequence with plausible known-unit decomposition,6,
custom_pinyin_toneless_64k,WV,27365,wen jie,WV,WV,complete syllable sequence with plausible known-unit decomposition,2,
custom_pinyin_toneless_64k,WV,60121,zhou de shi ji zhen,WV,WV,complete syllable sequence with plausible known-unit decomposition,5,
custom_pinyin_toneless_64k,WV,48217,an da lve,WV,WV,complete syllable sequence with plausible known-unit decomposition,3,
custom_pinyin_toneless_64k,WV,51531,tuo na,WV,WV,complete syllable sequence with plausible known-unit decomposition,2,
custom_pinyin_toneless_64k,WV,47021,duan zhang,WV,WV,complete syllable sequence with plausible known-unit decomposition,2,
custom_pinyin_toneless_64k,WV,44972,you tai wan,WV,WV,complete syllable sequence with plausible known-unit decomposition,3,
custom_pinyin_toneless_64k,WV,30201,zui di,WV,WV,complete syllable sequence with plausible known-unit decomposition,2,
custom_pinyin_toneless_64k,WV,36821,zhong guo ren min,WV,WV,complete syllable sequence with plausible known-unit decomposition,4,
custom_pinyin_toneless_64k,WV,35925,di shuo,WV,WV,complete syllable sequence with plausible known-unit decomposition,2,
custom_pinyin_toneless_64k,WV,39646,de yi ge fen zhi,WV,WV,complete syllable sequence with plausible known-unit decomposition,5,
custom_pinyin_toneless_64k,WV,49158,guan jun tou xian,WV,WV,complete syllable sequence with plausible known-unit decomposition,4,
custom_pinyin_toneless_64k,WV,48752,ling yi zhong,WV,WV,complete syllable sequence with plausible known-unit decomposition,3,
custom_pinyin_toneless_64k,WV,20695,guan bu men,WV,WV,complete syllable sequence with plausible known-unit decomposition,3,
custom_pinyin_toneless_64k,WV,62266,fen xiang si,WV,WV,complete syllable sequence with plausible known-unit decomposition,3,
custom_pinyin_toneless_64k,WV,63564,ta men mei you,WV,WV,complete syllable sequence with plausible known-unit decomposition,4,
custom_pinyin_toneless_64k,WV,63843,xin bei shi zheng fu,WV,WV,complete syllable sequence with plausible known-unit decomposition,5,
custom_pinyin_toneless_64k,WV,39587,de yi zuo,WV,WV,complete syllable sequence with plausible known-unit decomposition,3,
custom_pinyin_toneless_64k,WV,13982,xi ri ben,WV,WV,complete syllable sequence with plausible known-unit decomposition,3,
custom_pinyin_toneless_64k,WV,37585,bei hou de,WV,WV,complete syllable sequence with plausible known-unit decomposition,3,
custom_pinyin_toneless_64k,WV,11093,a er ba,WV,WV,complete syllable sequence with plausible known-unit decomposition,3,
custom_pinyin_toneless_64k,WV,53895,dai yi zhi,WV,WV,complete syllable sequence with plausible known-unit decomposition,3,
custom_pinyin_toneless_64k,WV,23443,1 ri ping jun shang xia,WV,WV,numeric expression followed by a complete measure/time unit,5,
custom_pinyin_toneless_64k,WV,31406,zhu si,WV,WV,complete syllable sequence with plausible known-unit decomposition,2,
custom_pinyin_toneless_64k,WV,21356,zha bo luo,WV,WV,complete syllable sequence with plausible known-unit decomposition,3,
custom_pinyin_toneless_64k,WV,23601,ming cheng shi,WV,WV,complete syllable sequence with plausible known-unit decomposition,3,
custom_pinyin_toneless_64k,WV,9790,sai na,WV,WV,complete syllable sequence with plausible known-unit decomposition,2,
custom_pinyin_toneless_64k,WV,36464,xin ba,WV,WV,complete syllable sequence with plausible known-unit decomposition,2,
custom_pinyin_toneless_64k,WV,60191,2016 nian 5 yue,WV,WV,numeric expression followed by a complete measure/time unit,0,
custom_pinyin_toneless_64k,WV,29867,1897 nian,WV,WV,numeric expression followed by a complete measure/time unit,0,
custom_pinyin_toneless_64k,WV,42829,gong ye he,WV,WV,complete syllable sequence with plausible known-unit decomposition,3,
custom_pinyin_toneless_64k,WV,17699,mei li de,WV,WV,complete syllable sequence with plausible known-unit decomposition,3,
custom_pinyin_toneless_64k,WV,23989,nian 2 yue 7 ri,WV,WV,numeric expression followed by a complete measure/time unit,0,
custom_pinyin_toneless_64k,WV,48079,ran liao de,WV,WV,complete syllable sequence with plausible known-unit decomposition,3,
custom_pinyin_toneless_64k,WV,52187,luo sen,WV,WV,complete syllable sequence with plausible known-unit decomposition,2,
custom_pinyin_toneless_64k,WV,44482,000 ren,WV,WV,numeric expression followed by a complete measure/time unit,0,
custom_pinyin_toneless_64k,WV,22413,she ji zhi,WV,WV,complete syllable sequence with plausible known-unit decomposition,3,
custom_pinyin_toneless_64k,WV,14207,yuan you de,WV,WV,complete syllable sequence with plausible known-unit decomposition,3,
custom_pinyin_toneless_64k,WV,30734,gen ju 2020 nian mei guo ren kou pu cha,WV,WV,numeric expression followed by a complete measure/time unit,0,
custom_pinyin_toneless_64k,WV,23845,yun dong shi,WV,WV,complete syllable sequence with plausible known-unit decomposition,3,
custom_pinyin_toneless_64k,WV,24437,xia xia de yi ge zhen,WV,WV,complete syllable sequence with plausible known-unit decomposition,6,
custom_pinyin_toneless_64k,WV,63721,sai er duo fu,WV,WV,complete syllable sequence with plausible known-unit decomposition,4,
custom_pinyin_toneless_64k,WV,46821,29 ping fang gong li,WV,WV,numeric expression followed by a complete measure/time unit,0,
custom_pinyin_toneless_64k,WV,61284,dong ye,WV,WV,complete syllable sequence with plausible known-unit decomposition,2,
custom_pinyin_toneless_64k,WV,45621,ren kou zeng zhang,WV,WV,complete syllable sequence with plausible known-unit decomposition,4,
custom_pinyin_toneless_64k,WV,23456,1980 nian dai,WV,WV,numeric expression followed by a complete measure/time unit,0,
custom_pinyin_toneless_64k,WV,37181,ge ming qi jian,WV,WV,complete syllable sequence with plausible known-unit decomposition,4,
custom_pinyin_toneless_64k,WV,21308,de di ren,WV,WV,complete syllable sequence with plausible known-unit decomposition,3,
custom_pinyin_toneless_64k,WV,34536,rang ren,WV,WV,complete syllable sequence with plausible known-unit decomposition,2,
custom_pinyin_toneless_64k,WV,46243,ting huo xie yi,WV,WV,complete syllable sequence with plausible known-unit decomposition,4,
custom_pinyin_toneless_64k,WV,18994,zui hou de,WV,WV,complete syllable sequence with plausible known-unit decomposition,3,
custom_pinyin_toneless_64k,IV,53968,cal,IV,IV,cannot parse into complete legal pinyin syllables,0,
custom_pinyin_toneless_64k,IV,206,ong,IV,IV,cannot parse into complete legal pinyin syllables,0,
custom_pinyin_toneless_64k,IV,14221,onlyinclude,IV,IV,cannot parse into complete legal pinyin syllables,0,
custom_pinyin_toneless_64k,IV,21987,ref,IV,IV,cannot parse into complete legal pinyin syllables,0,
custom_pinyin_toneless_64k,IV,36633,1 mian 2 xian de,IV,IV,mixed digit+pinyin token without a complete numeric pattern,3,
custom_pinyin_toneless_64k,IV,34825,ep,IV,IV,cannot parse into complete legal pinyin syllables,0,
custom_pinyin_toneless_64k,IV,43524,th,IV,IV,cannot parse into complete legal pinyin syllables,0,
custom_pinyin_toneless_64k,IV,41249,yu 16,IV,IV,incomplete time phrase like yu 2013,0,
custom_pinyin_toneless_64k,IV,54554,siness,IV,IV,cannot parse into complete legal pinyin syllables,0,
custom_pinyin_toneless_64k,IV,45333,blo,IV,IV,cannot parse into complete legal pinyin syllables,0,
custom_pinyin_toneless_64k,IV,16592,et,IV,IV,cannot parse into complete legal pinyin syllables,0,
custom_pinyin_toneless_64k,IV,19983,zai 18,IV,IV,mixed digit+pinyin token without a complete numeric pattern,0,
custom_pinyin_toneless_64k,IV,37792,7 fen,IV,IV,mixed digit+pinyin token without a complete numeric pattern,0,
custom_pinyin_toneless_64k,IV,19199,yu 2008,IV,IV,incomplete time phrase like yu 2013,0,
custom_pinyin_toneless_64k,IV,25679,mp,IV,IV,cannot parse into complete legal pinyin syllables,0,
custom_pinyin_toneless_64k,IV,46270,sch,IV,IV,cannot parse into complete legal pinyin syllables,0,
custom_pinyin_toneless_64k,IV,15288,yu 2018,IV,IV,incomplete time phrase like yu 2013,0,
custom_pinyin_toneless_64k,IV,1617,lly,IV,IV,cannot parse into complete legal pinyin syllables,0,
custom_pinyin_toneless_64k,IV,42390,pp,IV,IV,cannot parse into complete legal pinyin syllables,0,
custom_pinyin_toneless_64k,IV,30821,lobal,IV,IV,cannot parse into complete legal pinyin syllables,0,
custom_pinyin_toneless_64k,IV,733,oo,IV,IV,cannot parse into complete legal pinyin syllables,0,
custom_pinyin_toneless_64k,IV,51265,yu 1996,IV,IV,incomplete time phrase like yu 2013,0,
custom_pinyin_toneless_64k,IV,56155,py,IV,IV,cannot parse into complete legal pinyin syllables,0,
custom_pinyin_toneless_64k,IV,1157,ine,IV,IV,cannot parse into complete legal pinyin syllables,0,
custom_pinyin_toneless_64k,IV,62797,in   a,IV,IV,cannot parse into complete legal pinyin syllables,0,
custom_pinyin_toneless_64k,IV,15991,ster,IV,IV,cannot parse into complete legal pinyin syllables,0,
custom_pinyin_toneless_64k,IV,31017,sia,IV,IV,cannot parse into complete legal pinyin syllables,0,
custom_pinyin_toneless_64k,IV,37858,mega,IV,IV,cannot parse into complete legal pinyin syllables,0,
custom_pinyin_toneless_64k,IV,23459,20 ming,IV,IV,mixed digit+pinyin token without a complete numeric pattern,0,
custom_pinyin_toneless_64k,IV,224,ing,IV,IV,cannot parse into complete legal pinyin syllables,0,
custom_pinyin_toneless_64k,IV,47648,ti zhang ke da 10,IV,IV,mixed digit+pinyin token without a complete numeric pattern,0,
custom_pinyin_toneless_64k,IV,40183,tch,IV,IV,cannot parse into complete legal pinyin syllables,0,
custom_pinyin_toneless_64k,IV,56014,ens,IV,IV,cannot parse into complete legal pinyin syllables,0,
custom_pinyin_toneless_64k,IV,39169,mon,IV,IV,cannot parse into complete legal pinyin syllables,0,
custom_pinyin_toneless_64k,IV,55334,night,IV,IV,cannot parse into complete legal pinyin syllables,0,
custom_pinyin_toneless_64k,IV,28347,136 wu ren ji he,IV,IV,mixed digit+pinyin token without a complete numeric pattern,0,
custom_pinyin_toneless_64k,IV,33211,tv,IV,IV,cannot parse into complete legal pinyin syllables,0,
custom_pinyin_toneless_64k,IV,4022,br,IV,IV,cannot parse into complete legal pinyin syllables,0,
custom_pinyin_toneless_64k,IV,49965,10 gong chi,IV,IV,mixed digit+pinyin token without a complete numeric pattern,0,
custom_pinyin_toneless_64k,IV,55117,jun di 1,IV,IV,mixed digit+pinyin token without a complete numeric pattern,2,
custom_pinyin_toneless_64k,IV,45856,cep,IV,IV,cannot parse into complete legal pinyin syllables,0,
custom_pinyin_toneless_64k,IV,44864,dar,IV,IV,cannot parse into complete legal pinyin syllables,0,
custom_pinyin_toneless_64k,IV,5024,formula,IV,IV,cannot parse into complete legal pinyin syllables,0,
custom_pinyin_toneless_64k,IV,38512,coun,IV,IV,cannot parse into complete legal pinyin syllables,0,
custom_pinyin_toneless_64k,IV,46759,codice,IV,IV,cannot parse into complete legal pinyin syllables,0,
custom_pinyin_toneless_64k,IV,48294,zer,IV,IV,cannot parse into complete legal pinyin syllables,0,
custom_pinyin_toneless_64k,IV,1345,lspan,IV,IV,cannot parse into complete legal pinyin syllables,0,
custom_pinyin_toneless_64k,IV,1252,ul,IV,IV,cannot parse into complete legal pinyin syllables,0,
custom_pinyin_toneless_64k,IV,56914,strict,IV,IV,cannot parse into complete legal pinyin syllables,0,
custom_pinyin_toneless_64k,IV,43077,he   formula,IV,IV,cannot parse into complete legal pinyin syllables,0,
custom_pinyin_toneless_64k,IV,10976,6 diao kuai yi xiao shi,IV,IV,mixed digit+pinyin token without a complete numeric pattern,0,
custom_pinyin_toneless_64k,IV,60992,trans,IV,IV,cannot parse into complete legal pinyin syllables,0,
custom_pinyin_toneless_64k,IV,43461,er shui yu mian ji wei 2,IV,IV,mixed digit+pinyin token without a complete numeric pattern,6,
custom_pinyin_toneless_64k,IV,54641,zation,IV,IV,cannot parse into complete legal pinyin syllables,0,
custom_pinyin_toneless_64k,IV,28201,un,IV,IV,cannot parse into complete legal pinyin syllables,0,
custom_pinyin_toneless_64k,IV,29861,bra,IV,IV,cannot parse into complete legal pinyin syllables,0,
custom_pinyin_toneless_64k,IV,52426,mpa,IV,IV,cannot parse into complete legal pinyin syllables,0,
custom_pinyin_toneless_64k,IV,1202,tes,IV,IV,cannot parse into complete legal pinyin syllables,0,
custom_pinyin_toneless_64k,IV,1796,that,IV,IV,cannot parse into complete legal pinyin syllables,0,
custom_pinyin_toneless_64k,IV,12965,der,IV,IV,cannot parse into complete legal pinyin syllables,0,
custom_pinyin_toneless_64k,IV,23803,velo,IV,IV,cannot parse into complete legal pinyin syllables,0,
custom_pinyin_toneless_64k,IV,19848,he formula,IV,IV,cannot parse into complete legal pinyin syllables,0,
custom_pinyin_toneless_64k,IV,38044,000 ming,IV,IV,mixed digit+pinyin token without a complete numeric pattern,0,
custom_pinyin_toneless_64k,IV,57525,cta,IV,IV,cannot parse into complete legal pinyin syllables,0,
custom_pinyin_toneless_64k,IV,1623,ac,IV,IV,cannot parse into complete legal pinyin syllables,0,
custom_pinyin_toneless_64k,IV,49446,nvest,IV,IV,cannot parse into complete legal pinyin syllables,0,
custom_pinyin_toneless_64k,IV,1288,all,IV,IV,cannot parse into complete legal pinyin syllables,0,
custom_pinyin_toneless_64k,IV,1497,cer,IV,IV,cannot parse into complete legal pinyin syllables,0,
custom_pinyin_toneless_64k,IV,1772,mpi,IV,IV,cannot parse into complete legal pinyin syllables,0,
custom_pinyin_toneless_64k,IV,2127,dd,IV,IV,cannot parse into complete legal pinyin syllables,0,
custom_pinyin_toneless_64k,IV,44446,dustri,IV,IV,cannot parse into complete legal pinyin syllables,0,
custom_pinyin_toneless_64k,IV,42823,zai 2004,IV,IV,mixed digit+pinyin token without a complete numeric pattern,0,
custom_pinyin_toneless_64k,IV,46845,ot,IV,IV,cannot parse into complete legal pinyin syllables,0,
custom_pinyin_toneless_64k,IV,54508,llin,IV,IV,cannot parse into complete legal pinyin syllables,0,
custom_pinyin_toneless_64k,IV,22704,mu ban 46,IV,IV,mixed digit+pinyin token without a complete numeric pattern,0,
custom_pinyin_toneless_64k,IV,36715,tical,IV,IV,cannot parse into complete legal pinyin syllables,0,
custom_pinyin_toneless_64k,IV,21189,ü,IV,IV,cannot parse into complete legal pinyin syllables,0,
custom_pinyin_toneless_64k,IV,642,co,IV,IV,cannot parse into complete legal pinyin syllables,0,
custom_pinyin_toneless_64k,IV,35381,tis,IV,IV,cannot parse into complete legal pinyin syllables,0,
custom_pinyin_toneless_64k,IV,26044,vi,IV,IV,cannot parse into complete legal pinyin syllables,0,
custom_pinyin_toneless_64k,IV,43983,U19,IV,IV,mixed digit+pinyin token without a complete numeric pattern,0,
custom_pinyin_toneless_64k,IV,58599,er formula,IV,IV,cannot parse into complete legal pinyin syllables,0,
custom_pinyin_toneless_64k,IV,1457,val,IV,IV,cannot parse into complete legal pinyin syllables,0,
custom_pinyin_toneless_64k,IV,1462,style,IV,IV,cannot parse into complete legal pinyin syllables,0,
custom_pinyin_toneless_64k,IV,1616,roup,IV,IV,cannot parse into complete legal pinyin syllables,0,
custom_pinyin_toneless_64k,IV,60006,qi zhong   formula,IV,IV,cannot parse into complete legal pinyin syllables,0,
custom_pinyin_toneless_64k,IV,49788,ti zhang ke da 6,IV,IV,mixed digit+pinyin token without a complete numeric pattern,0,
custom_pinyin_toneless_64k,IV,1160,rea,IV,IV,cannot parse into complete legal pinyin syllables,0,
custom_pinyin_toneless_64k,IV,1720,rie,IV,IV,cannot parse into complete legal pinyin syllables,0,
custom_pinyin_toneless_64k,IV,16308,text,IV,IV,cannot parse into complete legal pinyin syllables,0,
custom_pinyin_toneless_64k,IV,19029,dy,IV,IV,cannot parse into complete legal pinyin syllables,0,
custom_pinyin_toneless_64k,IV,2084,los,IV,IV,cannot parse into complete legal pinyin syllables,0,
custom_pinyin_toneless_64k,IV,13131,lv wei 0,IV,IV,mixed digit+pinyin token without a complete numeric pattern,0,
custom_pinyin_toneless_64k,IV,1460,cm,IV,IV,cannot parse into complete legal pinyin syllables,0,
custom_pinyin_toneless_64k,IV,27910,16 sui,IV,IV,mixed digit+pinyin token without a complete numeric pattern,0,
custom_pinyin_toneless_64k,IV,36986,curi,IV,IV,cannot parse into complete legal pinyin syllables,0,
custom_pinyin_toneless_64k,IV,33267,zhi 64,IV,IV,mixed digit+pinyin token without a complete numeric pattern,0,
custom_pinyin_toneless_64k,IV,9978,ing,IV,IV,cannot parse into complete legal pinyin syllables,0,
custom_pinyin_toneless_64k,IV,54499,6 qi,IV,IV,mixed digit+pinyin token without a complete numeric pattern,0,
custom_pinyin_toneless_64k,IV,1785,sed,IV,IV,cannot parse into complete legal pinyin syllables,0,
