N,pair_index_within_N,d_token,source_token_count_for_pair,a_tokens_json
2,1,1 yīng chǐ,2,"[""1英呎"", ""1英尺""]"
2,2,a,2,"[""a"", ""啊""]"
2,3,ba,2,"[""ba"", ""吧""]"
2,4,biàn jié,2,"[""便捷"", ""变节""]"
2,5,biàn shì,2,"[""便士"", ""便是""]"
2,6,biàn xiàng,2,"[""便向"", ""变相""]"
2,7,biàn yǐ,2,"[""便以"", ""便已""]"
2,8,biān chéng,2,"[""编成"", ""编程""]"
2,9,biān qū,2,"[""编曲"", ""边区""]"
2,10,biān wèi,2,"[""编为"", ""边为""]"
2,11,biān xíng,2,"[""边形"", ""鞭刑""]"
2,12,bo,2,"[""bo"", ""卜""]"
2,13,bài ěr,2,"[""拜尔"", ""拜耳""]"
2,14,bào bó,2,"[""鲍伯"", ""鲍勃""]"
2,15,bào chóu,2,"[""报仇"", ""报酬""]"
2,16,bào dào,2,"[""报到"", ""报道""]"
2,17,bào fù,2,"[""报复"", ""抱负""]"
2,18,bào fā,2,"[""暴发"", ""爆发""]"
2,19,bá,2,"[""拔"", ""跋""]"
2,20,báo,2,"[""薄"", ""雹""]"
2,21,bèi pàn,2,"[""背叛"", ""被判""]"
2,22,bèi qí,2,"[""背鳍"", ""被其""]"
2,23,bèi sī,2,"[""贝丝"", ""贝斯""]"
2,24,bèng,2,"[""泵"", ""蹦""]"
2,25,bì xū,2,"[""必需"", ""必须""]"
2,26,bìng,2,"[""并"", ""病""]"
2,27,bìng wèi,2,"[""并为"", ""并未""]"
2,28,bìng yīn,2,"[""并因"", ""病因""]"
2,29,bìng yǐ,2,"[""并以"", ""并已""]"
2,30,bìng zhòng,2,"[""并重"", ""病重""]"
2,31,bó dé,2,"[""伯德"", ""博德""]"
2,32,bó gé,2,"[""伯格"", ""博格""]"
2,33,bó luó,2,"[""勃罗"", ""博罗""]"
2,34,bó lā,2,"[""勃拉"", ""博拉""]"
2,35,bó sī,2,"[""伯斯"", ""博斯""]"
2,36,bó tè,2,"[""伯特"", ""博特""]"
2,37,bó ěr,2,"[""伯尔"", ""博尔""]"
2,38,bù biàn,2,"[""不便"", ""不变""]"
2,39,bù dào,2,"[""布道"", ""步道""]"
2,40,bù dá,2,"[""不达"", ""布达""]"
2,41,bù dān,2,"[""不丹"", ""不单""]"
2,42,bù fèn,2,"[""部份"", ""部分""]"
2,43,bù fú,2,"[""不服"", ""不符""]"
2,44,bù jiā,2,"[""不佳"", ""不加""]"
2,45,bù jūn,2,"[""不均"", ""步军""]"
2,46,bù liào,2,"[""不料"", ""布料""]"
2,47,bù liáng,2,"[""不良"", ""布良""]"
2,48,bù luò,2,"[""布洛"", ""部落""]"
2,49,bù lái,2,"[""不来"", ""布莱""]"
2,50,bù lún,2,"[""不伦"", ""布伦""]"
2,51,bù lǐ,2,"[""不理"", ""布里""]"
2,52,bù mǎn,2,"[""不满"", ""布满""]"
2,53,bù néng zài,2,"[""不能再"", ""不能在""]"
2,54,bù qū,2,"[""不屈"", ""部曲""]"
2,55,bù rù,2,"[""不入"", ""步入""]"
2,56,bù shè,2,"[""不设"", ""布设""]"
2,57,bù shèn,2,"[""不慎"", ""不甚""]"
2,58,bù shí,2,"[""不实"", ""不时""]"
2,59,bù shī,2,"[""不失"", ""布施""]"
2,60,bù shǔ,2,"[""部属"", ""部署""]"
2,61,bù xià,2,"[""不下"", ""部下""]"
2,62,bù xíng,2,"[""不行"", ""步行""]"
2,63,bù yī,2,"[""不一"", ""布依""]"
2,64,bù yǐ,2,"[""不以"", ""不已""]"
2,65,bù zhèn,2,"[""不振"", ""布阵""]"
2,66,bù zhì,2,"[""不治"", ""布置""]"
2,67,bù zhǎng,2,"[""不长"", ""部长""]"
2,68,bù zhǐ,2,"[""不只"", ""不止""]"
2,69,bù zuò,2,"[""不作"", ""不做""]"
2,70,bù zú,2,"[""不足"", ""部族""]"
2,71,bú huì zài,2,"[""不会再"", ""不会在""]"
2,72,bā bā,2,"[""巴巴"", ""芭芭""]"
2,73,bā bǐ,2,"[""巴比"", ""芭比""]"
2,74,bā dá,2,"[""八达"", ""巴达""]"
2,75,bā dé,2,"[""八德"", ""巴德""]"
2,76,bā lì,2,"[""巴利"", ""巴力""]"
2,77,bā lí,2,"[""巴厘"", ""巴黎""]"
2,78,bā lǐ,2,"[""八里"", ""巴里""]"
2,79,bā qí,2,"[""八旗"", ""巴奇""]"
2,80,bā shì,2,"[""八世"", ""巴士""]"
2,81,bā yī,2,"[""八一"", ""巴伊""]"
2,82,bān de,2,"[""班的"", ""般的""]"
2,83,bān jiā,2,"[""搬家"", ""班加""]"
2,84,bān jī,2,"[""扳机"", ""班机""]"
2,85,bēn,2,"[""奔"", ""贲""]"
2,86,bēng,2,"[""崩"", ""绷""]"
2,87,běi jiē,2,"[""北接"", ""北街""]"
2,88,běi kǎ luó lái nà zhōu,2,"[""北卡罗来纳州"", ""北卡罗莱纳州""]"
2,89,běi lín,2,"[""北临"", ""北邻""]"
2,90,běi lù,2,"[""北路"", ""北陆""]"
2,91,běi shì,2,"[""北势"", ""北市""]"
2,92,běn,2,"[""本"", ""苯""]"
2,93,běn jì,2,"[""本季"", ""本纪""]"
2,94,běn jí,2,"[""本级"", ""本集""]"
2,95,běn shì,2,"[""本市"", ""本是""]"
2,96,běn wèi,2,"[""本为"", ""本位""]"
2,97,běn xiàn,2,"[""本县"", ""本线""]"
2,98,běn xìng,2,"[""本姓"", ""本性""]"
2,99,bīng,2,"[""兵"", ""冰""]"
2,100,bīng yuán,2,"[""兵员"", ""冰原""]"
2,101,bō chū,2,"[""拨出"", ""播出""]"
2,102,bō lì,2,"[""波利"", ""玻利""]"
2,103,bō lí,2,"[""剥离"", ""玻璃""]"
2,104,bō xī,2,"[""波希"", ""波西""]"
2,105,bō xī mǐ yà,2,"[""波希米亚"", ""波西米亚""]"
2,106,bō yīn,2,"[""播音"", ""波音""]"
2,107,bō ěr,2,"[""波尔"", ""玻尔""]"
2,108,bǎn běn,2,"[""坂本"", ""版本""]"
2,109,bǎn de,2,"[""板的"", ""版的""]"
2,110,bǎn hé,2,"[""板和"", ""版和""]"
2,111,bǎo biāo,2,"[""保镖"", ""保镳""]"
2,112,bǎo lì,2,"[""保利"", ""宝丽""]"
2,113,bǎo shí,2,"[""保时"", ""宝石""]"
2,114,bǎo ān,2,"[""保安"", ""宝安""]"
2,115,bǐ jì,2,"[""笔记"", ""笔迹""]"
2,116,bǐ lì,2,"[""比例"", ""比利""]"
2,117,bǐ tè,2,"[""彼特"", ""比特""]"
2,118,bǔ shí,2,"[""捕食"", ""补时""]"
2,119,chuàn,2,"[""串"", ""钏""]"
2,120,chuàn lián,2,"[""串联"", ""串连""]"
2,121,chuán dào,2,"[""传到"", ""传道""]"
2,122,chuáng,2,"[""幢"", ""床""]"
2,123,chuò,2,"[""绰"", ""辍""]"
2,124,chuān shàng,2,"[""川上"", ""穿上""]"
2,125,chuāng,2,"[""疮"", ""窗""]"
2,126,chuī,2,"[""吹"", ""炊""]"
2,127,chà,2,"[""岔"", ""差""]"
2,128,chàn,2,"[""忏"", ""颤""]"
2,129,chái,2,"[""侪"", ""柴""]"
2,130,cháng bèi,2,"[""常备"", ""常被""]"
2,131,cháng nián,2,"[""常年"", ""长年""]"
2,132,cháng shì,2,"[""尝试"", ""常侍""]"
2,133,cháng shí,2,"[""常识"", ""长石""]"
2,134,cháng zhù,2,"[""常住"", ""常驻""]"
2,135,chè xiāo,2,"[""撤消"", ""撤销""]"
2,136,chèn,2,"[""衬"", ""趁""]"
2,137,chén jiā,2,"[""陈嘉"", ""陈家""]"
2,138,chén mò,2,"[""沉没"", ""沉默""]"
2,139,chén shì,2,"[""陈世"", ""陈氏""]"
2,140,chén xiǎo,2,"[""陈小"", ""陈晓""]"
2,141,chén yì,2,"[""陈奕"", ""陈毅""]"
2,142,chéng de,2,"[""城的"", ""成的""]"
2,143,chéng fèn,2,"[""成份"", ""成分""]"
2,144,chéng jiāo,2,"[""城郊"", ""成交""]"
2,145,chéng jī,2,"[""乘机"", ""乘积""]"
2,146,chéng rén,2,"[""城人"", ""成人""]"
2,147,chéng shì,2,"[""城市"", ""程式""]"
2,148,chéng xiàn,2,"[""呈现"", ""城县""]"
2,149,chéng xiàng,2,"[""丞相"", ""成像""]"
2,150,chéng xíng,2,"[""成型"", ""成形""]"
2,151,chéng zhì,2,"[""惩治"", ""承志""]"
2,152,chóng,2,"[""崇"", ""虫""]"
2,153,chù jí,2,"[""处级"", ""触及""]"
2,154,chā,2,"[""叉"", ""插""]"
2,155,chēn,2,"[""琛"", ""郴""]"
2,156,chēng,2,"[""撑"", ""称""]"
2,157,chēng zuò,2,"[""称作"", ""称做""]"
2,158,chī,2,"[""吃"", ""痴""]"
2,159,chōng jī,2,"[""冲击"", ""冲积""]"
2,160,chū,2,"[""出"", ""初""]"
2,161,chū bǎn,2,"[""出版"", ""初版""]"
2,162,chū chǎng,2,"[""出厂"", ""出场""]"
2,163,chū de,2,"[""出的"", ""初的""]"
2,164,chū jìng,2,"[""出境"", ""出镜""]"
2,165,chū míng,2,"[""出名"", ""初名""]"
2,166,chū rèn,2,"[""出任"", ""初任""]"
2,167,chū shòu,2,"[""出售"", ""初授""]"
2,168,chū shǐ,2,"[""出使"", ""初始""]"
2,169,chū wèi,2,"[""出为"", ""初为""]"
2,170,chū xiàn,2,"[""出现"", ""出线""]"
2,171,chū xuǎn,2,"[""出选"", ""初选""]"
2,172,chū yī,2,"[""出一"", ""初一""]"
2,173,chū zhàn,2,"[""出战"", ""出站""]"
2,174,chū zhōng,2,"[""初中"", ""初衷""]"
2,175,chūn,2,"[""春"", ""椿""]"
2,176,chǎng de,2,"[""厂的"", ""场的""]"
2,177,chǎng hé,2,"[""场合"", ""场和""]"
2,178,chǎo,2,"[""吵"", ""炒""]"
2,179,chǔ yú,2,"[""处于"", ""楚瑜""]"
2,180,cuàn,2,"[""窜"", ""篡""]"
2,181,cuò shī,2,"[""措施"", ""错失""]"
2,182,cuō,2,"[""撮"", ""磋""]"
2,183,cài,2,"[""菜"", ""蔡""]"
2,184,cái wù,2,"[""财务"", ""财物""]"
2,185,céng,2,"[""层"", ""曾""]"
2,186,céng wèi,2,"[""层为"", ""曾为""]"
2,187,céng yīn,2,"[""曾因"", ""曾荫""]"
2,188,cì kè,2,"[""刺客"", ""次克""]"
2,189,cì míng,2,"[""次名"", ""赐名""]"
2,190,cí diǎn,2,"[""词典"", ""辞典""]"
2,191,cí huì,2,"[""词汇"", ""辞汇""]"
2,192,cí xìng,2,"[""磁性"", ""雌性""]"
2,193,cùn,2,"[""吋"", ""寸""]"
2,194,cān,2,"[""参"", ""餐""]"
2,195,cāo,2,"[""操"", ""糙""]"
2,196,cūn,2,"[""村"", ""邨""]"
2,197,cǐ qū,2,"[""此区"", ""此曲""]"
2,198,cǐ zhàn,2,"[""此战"", ""此站""]"
2,199,de,2,"[""de"", ""的""]"
2,200,de bù fèn,2,"[""的部份"", ""的部分""]"
2,201,de dì,2,"[""的地"", ""的第""]"
2,202,de dì yī bù,2,"[""的第一步"", ""的第一部""]"
2,203,de hé,2,"[""的和"", ""的核""]"
2,204,de jiā,2,"[""的加"", ""的家""]"
2,205,de jì lù,2,"[""的纪录"", ""的记录""]"
2,206,de jī,2,"[""的基"", ""的机""]"
2,207,de nán,2,"[""的南"", ""的男""]"
2,208,de qián,2,"[""的前"", ""的钱""]"
2,209,de quán lì,2,"[""的权利"", ""的权力""]"
2,210,de shì,2,"[""的事"", ""的是""]"
2,211,de shēn fèn,2,"[""的身份"", ""的身分""]"
2,212,de shǒu,2,"[""的手"", ""的首""]"
2,213,de wú,2,"[""的吴"", ""的无""]"
2,214,de xīn,2,"[""的心"", ""的新""]"
2,215,de yuán,2,"[""的原"", ""的圆""]"
2,216,de yì,2,"[""的义"", ""的异""]"
2,217,de yī,2,"[""的一"", ""的伊""]"
2,218,de yī bù fèn,2,"[""的一部份"", ""的一部分""]"
2,219,de yī fú,2,"[""的一幅"", ""的衣服""]"
2,220,de yī kē,2,"[""的一科"", ""的一颗""]"
2,221,de zì,2,"[""的字"", ""的自""]"
2,222,diàn chǎng,2,"[""电厂"", ""电场""]"
2,223,diàn gōng,2,"[""电工"", ""电弓""]"
2,224,diàn nèi,2,"[""店内"", ""殿内""]"
2,225,diàn pù,2,"[""店舖"", ""店铺""]"
2,226,diàn qì,2,"[""电器"", ""电气""]"
2,227,diàn shì,2,"[""殿试"", ""电视""]"
2,228,diàn yuán,2,"[""店员"", ""电源""]"
2,229,diē,2,"[""爹"", ""跌""]"
2,230,duì qí,2,"[""对其"", ""对齐""]"
2,231,duì tā,2,"[""对他"", ""对她""]"
2,232,duì tā de,2,"[""对他的"", ""对她的""]"
2,233,duì xiàng,2,"[""对向"", ""对象""]"
2,234,duì yìng,2,"[""对应"", ""对映""]"
2,235,duó,2,"[""夺"", ""铎""]"
2,236,duō fú,2,"[""多佛"", ""多福""]"
2,237,duō míng,2,"[""多名"", ""多明""]"
2,238,duō wèi,2,"[""多为"", ""多位""]"
2,239,duō yú,2,"[""多于"", ""多余""]"
2,240,dà bù,2,"[""大埔"", ""大部""]"
2,241,dà bù fèn,2,"[""大部份"", ""大部分""]"
2,242,dà bù fèn de,2,"[""大部份的"", ""大部分的""]"
2,243,dà bǎn,2,"[""大坂"", ""大阪""]"
2,244,dà chén,2,"[""大臣"", ""大陈""]"
2,245,dà dì,2,"[""大地"", ""大帝""]"
2,246,dà fú,2,"[""大佛"", ""大幅""]"
2,247,dà guān,2,"[""大关"", ""大观""]"
2,248,dà gōng,2,"[""大公"", ""大宫""]"
2,249,dà hán,2,"[""大汗"", ""大韩""]"
2,250,dà hé,2,"[""大和"", ""大河""]"
2,251,dà jiā,2,"[""大加"", ""大家""]"
2,252,dà jiāng,2,"[""大江"", ""大疆""]"
2,253,dà jūn,2,"[""大军"", ""大君""]"
2,254,dà lù,2,"[""大路"", ""大陆""]"
2,255,dà lǐ,2,"[""大理"", ""大里""]"
2,256,dà míng,2,"[""大名"", ""大明""]"
2,257,dà quán,2,"[""大全"", ""大权""]"
2,258,dà shè,2,"[""大社"", ""大赦""]"
2,259,dà shèng,2,"[""大圣"", ""大胜""]"
2,260,dà shí,2,"[""大时"", ""大石""]"
2,261,dà sì,2,"[""大寺"", ""大肆""]"
2,262,dà táng,2,"[""大唐"", ""大堂""]"
2,263,dà wèi,2,"[""大为"", ""大卫""]"
2,264,dà wéi,2,"[""大围"", ""大维""]"
2,265,dà xiàng,2,"[""大象"", ""大项""]"
2,266,dà xiào,2,"[""大校"", ""大笑""]"
2,267,dà xióng,2,"[""大熊"", ""大雄""]"
2,268,dà yuán,2,"[""大元"", ""大员""]"
2,269,dà yì,2,"[""大义"", ""大意""]"
2,270,dà yǒu,2,"[""大友"", ""大有""]"
2,271,dà yǔ,2,"[""大宇"", ""大雨""]"
2,272,dài de,2,"[""代的"", ""带的""]"
2,273,dài fū,2,"[""代夫"", ""戴夫""]"
2,274,dài rù,2,"[""代入"", ""带入""]"
2,275,dài shàng,2,"[""带上"", ""戴上""]"
2,276,dài wéi,2,"[""代为"", ""戴维""]"
2,277,dài zhe,2,"[""带着"", ""戴着""]"
2,278,dài zhù,2,"[""带著"", ""戴著""]"
2,279,dài ěr,2,"[""代尔"", ""戴尔""]"
2,280,dàn chū,2,"[""弹出"", ""淡出""]"
2,281,dàn dào,2,"[""但到"", ""弹道""]"
2,282,dàn huà,2,"[""氮化"", ""淡化""]"
2,283,dàn tā men,2,"[""但他们"", ""但它们""]"
2,284,dàn wèi,2,"[""但为"", ""但未""]"
2,285,dàn yào,2,"[""但要"", ""弹药""]"
2,286,dàn yǐ,2,"[""但以"", ""但已""]"
2,287,dàng zuò,2,"[""当作"", ""当做""]"
2,288,dào chǎng,2,"[""到场"", ""道场""]"
2,289,dào de,2,"[""到的"", ""道的""]"
2,290,dào hé,2,"[""稻荷"", ""道和""]"
2,291,dào nán,2,"[""到南"", ""道南""]"
2,292,dào shì,2,"[""道士"", ""道试""]"
2,293,dá dá,2,"[""达达"", ""鞑靼""]"
2,294,dá hé,2,"[""达和"", ""达荷""]"
2,295,dé de,2,"[""得的"", ""德的""]"
2,296,dé kè,2,"[""得克"", ""德克""]"
2,297,dé kè sà sī zhōu,2,"[""得克萨斯州"", ""德克萨斯州""]"
2,298,dé lán,2,"[""得兰"", ""德兰""]"
2,299,dé lì,2,"[""得利"", ""德利""]"
2,300,dé lín,2,"[""德林"", ""德琳""]"
2,301,dé lā,2,"[""得拉"", ""德拉""]"
2,302,dé lǐ yà,2,"[""得里亚"", ""德里亚""]"
2,303,dé míng,2,"[""得名"", ""德明""]"
2,304,dé shèng,2,"[""得胜"", ""德胜""]"
2,305,dé wéi,2,"[""德维"", ""德韦""]"
2,306,dé xī,2,"[""得悉"", ""德西""]"
2,307,dé yì,2,"[""得意"", ""得益""]"
2,308,dé yǐ,2,"[""得以"", ""德乙""]"
2,309,dì de,2,"[""地的"", ""蒂的""]"
2,310,dì jī,2,"[""地基"", ""帝姬""]"
2,311,dì lǐ,2,"[""地理"", ""地里""]"
2,312,dì nà,2,"[""地那"", ""蒂娜""]"
2,313,dì qí,2,"[""第奇"", ""蒂奇""]"
2,314,dì shàng,2,"[""地上"", ""蒂尚""]"
2,315,dì sī,2,"[""第斯"", ""蒂斯""]"
2,316,dì yà,2,"[""地亚"", ""蒂亚""]"
2,317,dì yù,2,"[""地域"", ""地狱""]"
2,318,dì yī bù,2,"[""第一步"", ""第一部""]"
2,319,dì yī jí,2,"[""第一级"", ""第一集""]"
2,320,dìng wèi,2,"[""定为"", ""定位""]"
2,321,dí kè,2,"[""狄克"", ""迪克""]"
2,322,dí kǎ,2,"[""狄卡"", ""迪卡""]"
2,323,dí shì,2,"[""敌视"", ""迪士""]"
2,324,dí ào,2,"[""狄奥"", ""迪奥""]"
2,325,dù guò,2,"[""度过"", ""渡过""]"
2,326,dù hé,2,"[""度和"", ""渡河""]"
2,327,dù xiàn,2,"[""度线"", ""渡线""]"
2,328,dān xiàng,2,"[""单向"", ""单项""]"
2,329,dāng shí tā,2,"[""当时他"", ""当时她""]"
2,330,dāng tā,2,"[""当他"", ""当她""]"
2,331,dāo,2,"[""刀"", ""氘""]"
2,332,dēng,2,"[""灯"", ""登""]"
2,333,dēng jī,2,"[""登基"", ""登机""]"
2,334,dēng lù,2,"[""登录"", ""登陆""]"
2,335,děng wèi,2,"[""等为"", ""等位""]"
2,336,děng xiào,2,"[""等效"", ""等校""]"
2,337,dōng cūn,2,"[""东村"", ""东邨""]"
2,338,dōng jiē,2,"[""东接"", ""东街""]"
2,339,dōng jìn,2,"[""东晋"", ""东进""]"
2,340,dōng jí,2,"[""东及"", ""东急""]"
2,341,dōng jīng,2,"[""东京"", ""东经""]"
2,342,dōng shì,2,"[""东势"", ""东市""]"
2,343,dōng xiàn,2,"[""东县"", ""东线""]"
2,344,dōng yáng,2,"[""东洋"", ""东阳""]"
2,345,dōng zhì,2,"[""东至"", ""冬至""]"
2,346,dōu,2,"[""兜"", ""都""]"
2,347,dōu yǐ,2,"[""都以"", ""都已""]"
2,348,dǎ bǐ,2,"[""打吡"", ""打比""]"
2,349,dǎn,2,"[""掸"", ""胆""]"
2,350,dǎng,2,"[""党"", ""挡""]"
2,351,dǎo shì,2,"[""岛式"", ""岛是""]"
2,352,dǎo yǔ,2,"[""岛与"", ""岛屿""]"
2,353,dǐ zhì,2,"[""底质"", ""抵制""]"
2,354,dǐng,2,"[""顶"", ""鼎""]"
2,355,dǒng,2,"[""懂"", ""董""]"
2,356,dǒu,2,"[""抖"", ""陡""]"
2,357,fèi qì,2,"[""废弃"", ""废气""]"
2,358,fèng xì,2,"[""奉系"", ""缝隙""]"
2,359,féi,2,"[""肥"", ""腓""]"
2,360,féng,2,"[""冯"", ""逢""]"
2,361,fù chū,2,"[""付出"", ""复出""]"
2,362,fù jiàn,2,"[""复建"", ""附件""]"
2,363,fù jiā,2,"[""富家"", ""附加""]"
2,364,fù kān,2,"[""副刊"", ""复刊""]"
2,365,fù lì,2,"[""傅立"", ""富力""]"
2,366,fù miàn,2,"[""腹面"", ""负面""]"
2,367,fù nǚ,2,"[""妇女"", ""父女""]"
2,368,fù rén,2,"[""妇人"", ""富人""]"
2,369,fù shì,2,"[""复式"", ""富士""]"
2,370,fù shāng,2,"[""富商"", ""负伤""]"
2,371,fù wèi,2,"[""复为"", ""复位""]"
2,372,fù yuán,2,"[""复原"", ""复员""]"
2,373,fù zhì,2,"[""复制"", ""复置""]"
2,374,fú dé,2,"[""佛得"", ""福德""]"
2,375,fú huà,2,"[""幅画"", ""氟化""]"
2,376,fú jiàn,2,"[""伏见"", ""福建""]"
2,377,fú luó,2,"[""佛罗"", ""弗罗""]"
2,378,fú lái,2,"[""佛莱"", ""弗莱""]"
2,379,fú lán,2,"[""佛兰"", ""弗兰""]"
2,380,fú léi,2,"[""弗雷"", ""福雷""]"
2,381,fú lǎng,2,"[""佛朗"", ""弗朗""]"
2,382,fú shì,2,"[""服侍"", ""服饰""]"
2,383,fú sī,2,"[""弗斯"", ""福斯""]"
2,384,fú tè,2,"[""伏特"", ""福特""]"
2,385,fā diàn,2,"[""发店"", ""发电""]"
2,386,fā jué,2,"[""发掘"", ""发觉""]"
2,387,fā shēng,2,"[""发声"", ""发生""]"
2,388,fā yán,2,"[""发炎"", ""发言""]"
2,389,fāng wèi,2,"[""方为"", ""方位""]"
2,390,fēi lì pǔ,2,"[""菲利普"", ""菲利浦""]"
2,391,fēi yuè,2,"[""飞越"", ""飞跃""]"
2,392,fēi yì,2,"[""非裔"", ""非议""]"
2,393,fēn bù,2,"[""分布"", ""分部""]"
2,394,fēn guǎn,2,"[""分管"", ""分馆""]"
2,395,fēn qí,2,"[""分歧"", ""芬奇""]"
2,396,fēn shè,2,"[""分社"", ""分设""]"
2,397,fēn shǒu,2,"[""分守"", ""分手""]"
2,398,fēn wéi,2,"[""分为"", ""氛围""]"
2,399,fēng hòu,2,"[""丰厚"", ""丰后""]"
2,400,fēng wèi,2,"[""封为"", ""风味""]"
2,401,fǎ lì,2,"[""法例"", ""法利""]"
2,402,fǎ lǐ,2,"[""法理"", ""法里""]"
2,403,fǎ shì,2,"[""法式"", ""法是""]"
2,404,fǎ yǔ,2,"[""法与"", ""法语""]"
2,405,fǎ zhì,2,"[""法制"", ""法治""]"
2,406,fǎn,2,"[""反"", ""返""]"
2,407,fǎn yìng,2,"[""反应"", ""反映""]"
2,408,guà,2,"[""卦"", ""挂""]"
2,409,guà zài,2,"[""挂在"", ""挂载""]"
2,410,guò dù,2,"[""过度"", ""过渡""]"
2,411,guó,2,"[""国"", ""虢""]"
2,412,guó jūn,2,"[""国军"", ""国君""]"
2,413,guó lì,2,"[""国力"", ""国立""]"
2,414,guó shì,2,"[""国事"", ""国式""]"
2,415,guó yǔ,2,"[""国与"", ""国语""]"
2,416,guā,2,"[""刮"", ""瓜""]"
2,417,guān de,2,"[""官的"", ""观的""]"
2,418,guān lián,2,"[""关联"", ""关连""]"
2,419,guān lì,2,"[""官吏"", ""官立""]"
2,420,guān yuán,2,"[""关原"", ""官员""]"
2,421,guān zhì,2,"[""官制"", ""官至""]"
2,422,guān zhōng,2,"[""关中"", ""冠忠""]"
2,423,guāng,2,"[""光"", ""胱""]"
2,424,guāng huá,2,"[""光华"", ""光滑""]"
2,425,guō,2,"[""郭"", ""锅""]"
2,426,guǎn de,2,"[""管的"", ""馆的""]"
2,427,guǎn nèi,2,"[""管内"", ""馆内""]"
2,428,guǎn zhì,2,"[""管制"", ""管治""]"
2,429,guǐ jì,2,"[""诡计"", ""轨迹""]"
2,430,gào sù tā,2,"[""告诉他"", ""告诉她""]"
2,431,gè zhàn,2,"[""各占"", ""各站""]"
2,432,gèng jiā,2,"[""更佳"", ""更加""]"
2,433,gé lái,2,"[""格莱"", ""葛莱""]"
2,434,gé lái měi jiǎng,2,"[""格莱美奖"", ""葛莱美奖""]"
2,435,gé lán,2,"[""格兰"", ""葛兰""]"
2,436,gé lì,2,"[""格利"", ""格力""]"
2,437,gé lā,2,"[""格拉"", ""葛拉""]"
2,438,gòng,2,"[""共"", ""贡""]"
2,439,gòng jì,2,"[""共济"", ""共计""]"
2,440,gòng shì,2,"[""共事"", ""贡士""]"
2,441,gòng shēng,2,"[""共生"", ""贡生""]"
2,442,gòng xiàn,2,"[""共线"", ""贡献""]"
2,443,gòu jiàn,2,"[""构件"", ""构建""]"
2,444,gù míng,2,"[""故名"", ""顾名""]"
2,445,gù yǒu,2,"[""固有"", ""故有""]"
2,446,gā,2,"[""伽"", ""嘎""]"
2,447,gā mǎ,2,"[""伽玛"", ""伽马""]"
2,448,gāi chǎng,2,"[""该厂"", ""该场""]"
2,449,gāi qū,2,"[""该区"", ""该曲""]"
2,450,gāi xiàn,2,"[""该县"", ""该线""]"
2,451,gāi xíng,2,"[""该型"", ""该行""]"
2,452,gāo jià,2,"[""高价"", ""高架""]"
2,453,gāo xiào,2,"[""高效"", ""高校""]"
2,454,gāo yáng,2,"[""高扬"", ""高阳""]"
2,455,gē jù,2,"[""割据"", ""歌剧""]"
2,456,gē tè,2,"[""哥特"", ""戈特""]"
2,457,gē ěr,2,"[""哥尔"", ""戈尔""]"
2,458,gēn,2,"[""根"", ""跟""]"
2,459,gěi tā,2,"[""给他"", ""给她""]"
2,460,gěng,2,"[""梗"", ""耿""]"
2,461,gōng bù,2,"[""公布"", ""工部""]"
2,462,gōng chǎng,2,"[""工厂"", ""工场""]"
2,463,gōng diàn,2,"[""供电"", ""宫殿""]"
2,464,gōng huì,2,"[""公会"", ""工会""]"
2,465,gōng kè,2,"[""公克"", ""攻克""]"
2,466,gōng lì,2,"[""公立"", ""功利""]"
2,467,gōng lǐ,2,"[""公理"", ""公里""]"
2,468,gōng miào,2,"[""公庙"", ""宫庙""]"
2,469,gōng sī,2,"[""公司"", ""公私""]"
2,470,gōng wù,2,"[""公务"", ""工务""]"
2,471,gōng xué,2,"[""公学"", ""工学""]"
2,472,gōng yuán,2,"[""公元"", ""公园""]"
2,473,gōng yìng,2,"[""供应"", ""公映""]"
2,474,gōng zuò shì,2,"[""工作室"", ""工作是""]"
2,475,gǎi zhì,2,"[""改制"", ""改置""]"
2,476,gǎn dào,2,"[""感到"", ""赶到""]"
2,477,gǎng,2,"[""岗"", ""港""]"
2,478,gǎng qū,2,"[""岗区"", ""港区""]"
2,479,gǒu,2,"[""狗"", ""苟""]"
2,480,gǔ dào,2,"[""古道"", ""股道""]"
2,481,gǔ jià,2,"[""股价"", ""骨架""]"
2,482,gǔ wù,2,"[""古物"", ""谷物""]"
2,483,gǔn,2,"[""滚"", ""衮""]"
2,484,huà chū,2,"[""划出"", ""画出""]"
2,485,huà wèi,2,"[""划为"", ""化为""]"
2,486,huà yǔ,2,"[""化与"", ""话语""]"
2,487,huàn chéng,2,"[""换乘"", ""换成""]"
2,488,huàn shàng,2,"[""患上"", ""换上""]"
2,489,huá shì,2,"[""华氏"", ""华视""]"
2,490,huáng cháo,2,"[""皇朝"", ""黄巢""]"
2,491,huáng dì,2,"[""皇帝"", ""黄帝""]"
2,492,huáng jiā,2,"[""皇家"", ""黄家""]"
2,493,huáng shì,2,"[""皇室"", ""黄氏""]"
2,494,huáng tóng,2,"[""黄酮"", ""黄铜""]"
2,495,huì huà,2,"[""会话"", ""绘画""]"
2,496,huì rù,2,"[""汇入"", ""绘入""]"
2,497,huì yǒu,2,"[""会有"", ""绘有""]"
2,498,huí,2,"[""回"", ""洄""]"
2,499,huí hé,2,"[""回合"", ""回纥""]"
2,500,huí shēng,2,"[""回升"", ""回声""]"
2,501,huò lì,2,"[""获利"", ""霍利""]"
2,502,huò qí,2,"[""或其"", ""霍奇""]"
2,503,huò qí tā,2,"[""或其他"", ""或其它""]"
2,504,huò shì,2,"[""或是"", ""获释""]"
2,505,huò yì,2,"[""或译"", ""获益""]"
2,506,huā,2,"[""哗"", ""花""]"
2,507,huā xù,2,"[""花序"", ""花絮""]"
2,508,huāng,2,"[""慌"", ""荒""]"
2,509,huǐ,2,"[""悔"", ""毁""]"
2,510,huǒ,2,"[""伙"", ""火""]"
2,511,huǒ pào,2,"[""火炮"", ""火砲""]"
2,512,hái wèi,2,"[""还为"", ""还未""]"
2,513,hán yì,2,"[""含义"", ""涵义""]"
2,514,háng,2,"[""杭"", ""航""]"
2,515,háng dào,2,"[""航道"", ""行道""]"
2,516,hé bàn,2,"[""合办"", ""和半""]"
2,517,hé bèi,2,"[""和被"", ""和贝""]"
2,518,hé bù,2,"[""和不"", ""和布""]"
2,519,hé běi,2,"[""和北"", ""河北""]"
2,520,hé de,2,"[""和的"", ""河的""]"
2,521,hé děng,2,"[""和等"", ""河等""]"
2,522,hé dōng,2,"[""和东"", ""河东""]"
2,523,hé hé,2,"[""合和"", ""河和""]"
2,524,hé hóng,2,"[""何鸿"", ""和红""]"
2,525,hé jì,2,"[""合计"", ""和记""]"
2,526,hé jīn,2,"[""合金"", ""和金""]"
2,527,hé lì,2,"[""合力"", ""和利""]"
2,528,hé mǎ,2,"[""和马"", ""荷马""]"
2,529,hé nán,2,"[""和南"", ""河南""]"
2,530,hé nèi,2,"[""和内"", ""河内""]"
2,531,hé qí tā,2,"[""和其他"", ""和其它""]"
2,532,hé shuǐ,2,"[""和水"", ""河水""]"
2,533,hé sì,2,"[""和四"", ""核四""]"
2,534,hé tóng,2,"[""合同"", ""和铜""]"
2,535,hé tā,2,"[""和他"", ""和她""]"
2,536,hé tā de,2,"[""和他的"", ""和她的""]"
2,537,hé wú,2,"[""和吴"", ""和无""]"
2,538,hé wǔ,2,"[""和五"", ""核武""]"
2,539,hé xiàn,2,"[""和县"", ""河县""]"
2,540,hé xiāng,2,"[""合相"", ""河乡""]"
2,541,hé xīn,2,"[""和新"", ""核心""]"
2,542,hé yuán,2,"[""和原"", ""河源""]"
2,543,hé yuē,2,"[""合约"", ""和约""]"
2,544,hé yì,2,"[""合议"", ""和议""]"
2,545,hé yǐ,2,"[""何以"", ""和以""]"
2,546,hé yǔ,2,"[""和与"", ""河与""]"
2,547,hé zhōng,2,"[""和中"", ""河中""]"
2,548,hé zhǎng,2,"[""和长"", ""河长""]"
2,549,hé ào,2,"[""何奥"", ""和奥""]"
2,550,héng liáng,2,"[""横梁"", ""衡量""]"
2,551,héng shān,2,"[""横山"", ""衡山""]"
2,552,hòu bèi,2,"[""后备"", ""后被""]"
2,553,hòu de,2,"[""厚的"", ""后的""]"
2,554,hòu qín,2,"[""后勤"", ""后秦""]"
2,555,hòu wèi,2,"[""后为"", ""后卫""]"
2,556,hòu yì,2,"[""后亦"", ""后裔""]"
2,557,hòu zhì,2,"[""后置"", ""后至""]"
2,558,hòu zài,2,"[""后再"", ""后在""]"
2,559,hóng dōu lā sī,2,"[""宏都拉斯"", ""洪都拉斯""]"
2,560,hóng jūn,2,"[""红军"", ""鸿钧""]"
2,561,hù bù,2,"[""互不"", ""户部""]"
2,562,hù háng,2,"[""护航"", ""沪杭""]"
2,563,hù jí,2,"[""户籍"", ""护级""]"
2,564,hú shì,2,"[""胡氏"", ""胡适""]"
2,565,hún,2,"[""浑"", ""魂""]"
2,566,hā,2,"[""哈"", ""铪""]"
2,567,hěn,2,"[""很"", ""狠""]"
2,568,hūn,2,"[""婚"", ""昏""]"
2,569,hǎi bào,2,"[""海报"", ""海豹""]"
2,570,hǎi dào,2,"[""海盗"", ""海道""]"
2,571,hǎi fēng,2,"[""海丰"", ""海峰""]"
2,572,hǎi lù,2,"[""海路"", ""海陆""]"
2,573,hǎn,2,"[""喊"", ""罕""]"
2,574,hǎo,2,"[""好"", ""郝""]"
2,575,hǎo shì,2,"[""好事"", ""好市""]"
2,576,jiàn chéng,2,"[""建城"", ""建成""]"
2,577,jiàn kāng,2,"[""健康"", ""建康""]"
2,578,jiàn qiáo,2,"[""剑桥"", ""舰桥""]"
2,579,jiàn shì,2,"[""件事"", ""建市""]"
2,580,jiàn shù,2,"[""剑术"", ""建树""]"
2,581,jiàn yán,2,"[""建炎"", ""建言""]"
2,582,jiàn zhì,2,"[""建制"", ""建置""]"
2,583,jiàn zài,2,"[""建在"", ""舰载""]"
2,584,jiào huì,2,"[""教会"", ""教诲""]"
2,585,jiào shì,2,"[""教士"", ""教室""]"
2,586,jiào yì,2,"[""教义"", ""较易""]"
2,587,jiào yù,2,"[""教育"", ""教谕""]"
2,588,jiè miàn,2,"[""介面"", ""界面""]"
2,589,jiè shí,2,"[""介石"", ""届时""]"
2,590,jiè xiàn,2,"[""界线"", ""界限""]"
2,591,jié chéng,2,"[""结城"", ""结成""]"
2,592,jié hé,2,"[""结合"", ""结核""]"
2,593,jié jié,2,"[""结节"", ""节节""]"
2,594,jié kè,2,"[""捷克"", ""杰克""]"
2,595,jié shí,2,"[""结石"", ""结识""]"
2,596,jié ěr,2,"[""捷尔"", ""杰尔""]"
2,597,jiù yǐ,2,"[""就以"", ""就已""]"
2,598,jiù yǒu,2,"[""就有"", ""旧有""]"
2,599,jiù zhì,2,"[""救治"", ""旧制""]"
2,600,jiā de,2,"[""加的"", ""家的""]"
2,601,jiā hé,2,"[""嘉禾"", ""家和""]"
2,602,jiā jìng,2,"[""嘉靖"", ""家境""]"
2,603,jiā jù,2,"[""加剧"", ""家具""]"
2,604,jiā lái,2,"[""加来"", ""加莱""]"
2,605,jiā lì,2,"[""佳丽"", ""加利""]"
2,606,jiā lēi,2,"[""加勒"", ""迦勒""]"
2,607,jiā rén,2,"[""佳人"", ""家人""]"
2,608,jiā tài,2,"[""加泰"", ""迦太""]"
2,609,jiā zhuāng,2,"[""加装"", ""家庄""]"
2,610,jiā zhǎng,2,"[""加长"", ""家长""]"
2,611,jiā zài,2,"[""加载"", ""家在""]"
2,612,jiān guǎn,2,"[""兼管"", ""监管""]"
2,613,jiān gù,2,"[""兼顾"", ""坚固""]"
2,614,jiān jù,2,"[""兼具"", ""间距""]"
2,615,jiān rèn,2,"[""兼任"", ""坚韧""]"
2,616,jiān shì,2,"[""监事"", ""监视""]"
2,617,jiān yǒu,2,"[""兼有"", ""间有""]"
2,618,jiāng líng,2,"[""江凌"", ""江陵""]"
2,619,jiāng qí,2,"[""将其"", ""将棋""]"
2,620,jiāng shì,2,"[""将是"", ""江市""]"
2,621,jiāng tā men,2,"[""将他们"", ""将它们""]"
2,622,jiāng yuán,2,"[""将原"", ""江原""]"
2,623,jiāng yóu,2,"[""将由"", ""江油""]"
2,624,jiāng zhè,2,"[""将这"", ""江浙""]"
2,625,jiāo diǎn,2,"[""交点"", ""焦点""]"
2,626,jiāo huì,2,"[""交会"", ""交汇""]"
2,627,jiē de,2,"[""街的"", ""阶的""]"
2,628,jiē dào,2,"[""接到"", ""街道""]"
2,629,jiē hé,2,"[""接合"", ""街和""]"
2,630,jiē jí,2,"[""街及"", ""阶级""]"
2,631,jiē kǒu,2,"[""接口"", ""街口""]"
2,632,jiē zài,2,"[""接载"", ""皆在""]"
2,633,jiě,2,"[""姐"", ""解""]"
2,634,jiě dú,2,"[""解毒"", ""解读""]"
2,635,jiǎn chá,2,"[""检察"", ""检查""]"
2,636,jiǎn piào kǒu,2,"[""剪票口"", ""检票口""]"
2,637,jiǎn yì,2,"[""检疫"", ""简易""]"
2,638,jiǎo bù,2,"[""脚步"", ""脚部""]"
2,639,jiǔ bā,2,"[""九巴"", ""酒吧""]"
2,640,jué jì,2,"[""绝技"", ""绝迹""]"
2,641,jué yì,2,"[""决意"", ""决议""]"
2,642,jì chéng,2,"[""继承"", ""计程""]"
2,643,jì fǎ,2,"[""技法"", ""记法""]"
2,644,jì hòu,2,"[""季候"", ""季后""]"
2,645,jì liàng,2,"[""剂量"", ""计量""]"
2,646,jì lù,2,"[""纪录"", ""记录""]"
2,647,jì lù de,2,"[""纪录的"", ""记录的""]"
2,648,jì mò,2,"[""季末"", ""寂寞""]"
2,649,jì niàn,2,"[""纪念"", ""记念""]"
2,650,jì shí,2,"[""纪实"", ""计时""]"
2,651,jì wèi,2,"[""继位"", ""记为""]"
2,652,jì wěi,2,"[""纪委"", ""计委""]"
2,653,jì yì,2,"[""技艺"", ""记忆""]"
2,654,jì yǒu,2,"[""既有"", ""计有""]"
2,655,jì zhōu,2,"[""冀州"", ""济州""]"
2,656,jìn fēng,2,"[""晋封"", ""进封""]"
2,657,jìn huì,2,"[""浸会"", ""进会""]"
2,658,jìn jiāng,2,"[""晋江"", ""近江""]"
2,659,jìn jī,2,"[""近畿"", ""进击""]"
2,660,jìn lái,2,"[""近来"", ""进来""]"
2,661,jìn shēn,2,"[""晋身"", ""进深""]"
2,662,jìn wèi,2,"[""近卫"", ""进位""]"
2,663,jìn zhàn,2,"[""进占"", ""进站""]"
2,664,jìng xiàng,2,"[""径向"", ""镜像""]"
2,665,jí dà,2,"[""及大"", ""极大""]"
2,666,jí dì,2,"[""及第"", ""极地""]"
2,667,jí dù,2,"[""嫉妒"", ""极度""]"
2,668,jí gāo,2,"[""及高"", ""极高""]"
2,669,jí hé,2,"[""级和"", ""集合""]"
2,670,jí jù,2,"[""急剧"", ""极具""]"
2,671,jí lì,2,"[""吉利"", ""极力""]"
2,672,jí lǐ,2,"[""及李"", ""吉里""]"
2,673,jí quán,2,"[""极权"", ""集权""]"
2,674,jí qí,2,"[""及其"", ""极其""]"
2,675,jí qí tā,2,"[""及其他"", ""及其它""]"
2,676,jí shù,2,"[""级数"", ""集数""]"
2,677,jí sù,2,"[""急速"", ""极速""]"
2,678,jí sī,2,"[""吉思"", ""吉斯""]"
2,679,jí wèi,2,"[""即为"", ""即位""]"
2,680,jí xiǎo,2,"[""及小"", ""极小""]"
2,681,jí yú,2,"[""及于"", ""急于""]"
2,682,jí yǐ,2,"[""即以"", ""及以""]"
2,683,jí yǒu,2,"[""即有"", ""及有""]"
2,684,jí yǔ,2,"[""及与"", ""集雨""]"
2,685,jí zhù,2,"[""脊柱"", ""藉著""]"
2,686,jí zhōng,2,"[""及中"", ""集中""]"
2,687,jí zài,2,"[""即在"", ""及在""]"
2,688,jù jí,2,"[""剧集"", ""聚集""]"
2,689,jù tǐ,2,"[""具体"", ""聚体""]"
2,690,jùn gōng,2,"[""竣工"", ""郡公""]"
2,691,jùn hé,2,"[""郡和"", ""骏河""]"
2,692,jī de,2,"[""基的"", ""机的""]"
2,693,jī dòng,2,"[""机动"", ""激动""]"
2,694,jī fā,2,"[""击发"", ""激发""]"
2,695,jī jiàn,2,"[""击剑"", ""基建""]"
2,696,jī lì,2,"[""基利"", ""激励""]"
2,697,jī lóng,2,"[""基隆"", ""鸡笼""]"
2,698,jī lǐ,2,"[""基里"", ""机理""]"
2,699,jī ròu,2,"[""肌肉"", ""鸡肉""]"
2,700,jī shēn,2,"[""机身"", ""跻身""]"
2,701,jī sī,2,"[""基斯"", ""姬丝""]"
2,702,jī xíng,2,"[""机型"", ""畸形""]"
2,703,jīn chuān,2,"[""今川"", ""金川""]"
2,704,jīn jūn,2,"[""巾军"", ""金军""]"
2,705,jīn rì,2,"[""今日"", ""金日""]"
2,706,jīn shì,2,"[""津市"", ""金氏""]"
2,707,jīn shǔ,2,"[""今属"", ""金属""]"
2,708,jīn sī,2,"[""金丝"", ""金斯""]"
2,709,jīn yīng,2,"[""金莺"", ""金鹰""]"
2,710,jīng chéng,2,"[""京城"", ""京成""]"
2,711,jīng dù,2,"[""精度"", ""经度""]"
2,712,jīng jì,2,"[""经济"", ""经纪""]"
2,713,jīng lì,2,"[""精力"", ""经历""]"
2,714,jīng xì,2,"[""晶系"", ""精细""]"
2,715,jīng yóu,2,"[""精油"", ""经由""]"
2,716,jīng yú,2,"[""精于"", ""鲸鱼""]"
2,717,jīng yīng,2,"[""精英"", ""菁英""]"
2,718,jū liú,2,"[""居留"", ""拘留""]"
2,719,jūn bèi,2,"[""军备"", ""均被""]"
2,720,jūn de,2,"[""军的"", ""菌的""]"
2,721,jūn gōng,2,"[""军功"", ""军工""]"
2,722,jūn shǔ,2,"[""均属"", ""菌属""]"
2,723,jūn wèi,2,"[""均为"", ""均未""]"
2,724,jūn xū,2,"[""军需"", ""均需""]"
2,725,jūn yǐ,2,"[""均以"", ""均已""]"
2,726,jūn yǔ,2,"[""军与"", ""均与""]"
2,727,jūn zài,2,"[""军在"", ""均在""]"
2,728,jǐ yǔ,2,"[""给与"", ""给予""]"
2,729,jǐn jǐn,2,"[""仅仅"", ""紧紧""]"
2,730,jǐng guān,2,"[""景观"", ""警官""]"
2,731,jǐng shì,2,"[""警示"", ""警视""]"
2,732,jǔ xíng,2,"[""举行"", ""矩形""]"
2,733,kuáng,2,"[""狂"", ""𫛭""]"
2,734,kuāng,2,"[""匡"", ""框""]"
2,735,kàn zuò,2,"[""看作"", ""看做""]"
2,736,kàng,2,"[""亢"", ""抗""]"
2,737,kàng yì,2,"[""抗疫"", ""抗议""]"
2,738,kào,2,"[""铐"", ""靠""]"
2,739,kè běn,2,"[""刻本"", ""课本""]"
2,740,kè fú,2,"[""克服"", ""客服""]"
2,741,kè lún,2,"[""克伦"", ""客轮""]"
2,742,kè shì,2,"[""客室"", ""课室""]"
2,743,ké,2,"[""咳"", ""壳""]"
2,744,kā,2,"[""咖"", ""喀""]"
2,745,kāi chéng,2,"[""开城"", ""开成""]"
2,746,kāi jī,2,"[""开基"", ""开机""]"
2,747,kāi yuán,2,"[""开元"", ""开源""]"
2,748,kē lì,2,"[""柯立"", ""颗粒""]"
2,749,kē lín,2,"[""柯林"", ""科林""]"
2,750,kē lín sī,2,"[""柯林斯"", ""科林斯""]"
2,751,kē xī,2,"[""柯西"", ""科西""]"
2,752,kē ěr,2,"[""柯尔"", ""科尔""]"
2,753,kēng,2,"[""坑"", ""铿""]"
2,754,kě,2,"[""可"", ""渴""]"
2,755,kě shì,2,"[""可是"", ""可视""]"
2,756,kě wàng,2,"[""可望"", ""渴望""]"
2,757,kě wèi,2,"[""可为"", ""可谓""]"
2,758,kǎ hé,2,"[""卡和"", ""卡河""]"
2,759,kǎi lì,2,"[""凯利"", ""凯莉""]"
2,760,kǒng,2,"[""孔"", ""恐""]"
2,761,la,2,"[""la"", ""啦""]"
2,762,le,2,"[""le"", ""了""]"
2,763,le tā,2,"[""了他"", ""了她""]"
2,764,le tā de,2,"[""了他的"", ""了她的""]"
2,765,le yī zhī,2,"[""了一只"", ""了一支""]"
2,766,liàng de,2,"[""亮的"", ""量的""]"
2,767,liào,2,"[""廖"", ""料""]"
2,768,lián bāng,2,"[""联帮"", ""联邦""]"
2,769,lián chéng,2,"[""连城"", ""连成""]"
2,770,lián de,2,"[""联的"", ""连的""]"
2,771,lián duì,2,"[""联队"", ""连队""]"
2,772,lián luò,2,"[""联络"", ""连络""]"
2,773,lián shǔ,2,"[""联署"", ""连署""]"
2,774,lián tóng,2,"[""联同"", ""连同""]"
2,775,lián tōng,2,"[""联通"", ""连通""]"
2,776,lián xì,2,"[""联系"", ""连系""]"
2,777,liáo guó,2,"[""寮国"", ""辽国""]"
2,778,liè shì,2,"[""劣势"", ""烈士""]"
2,779,liú dàn pào,2,"[""榴弹炮"", ""榴弹砲""]"
2,780,liú lí,2,"[""流离"", ""琉璃""]"
2,781,liú měi,2,"[""刘美"", ""留美""]"
2,782,liú xíng,2,"[""流形"", ""流行""]"
2,783,liú yán,2,"[""流言"", ""留言""]"
2,784,liú yù,2,"[""刘裕"", ""流域""]"
2,785,liǎng xiàn,2,"[""两县"", ""两线""]"
2,786,luò jī,2,"[""洛基"", ""洛矶""]"
2,787,luò mǎ,2,"[""洛马"", ""落马""]"
2,788,luó dé,2,"[""罗得"", ""罗德""]"
2,789,luó lā,2,"[""罗拉"", ""萝拉""]"
2,790,luó xī,2,"[""罗西"", ""萝西""]"
2,791,làn,2,"[""滥"", ""烂""]"
2,792,lái de,2,"[""来得"", ""来的""]"
2,793,lái yīn,2,"[""莱因"", ""莱茵""]"
2,794,láng zhōng,2,"[""郎中"", ""阆中""]"
2,795,láo,2,"[""劳"", ""牢""]"
2,796,lè,2,"[""乐"", ""叻""]"
2,797,léng,2,"[""棱"", ""楞""]"
2,798,lì cí,2,"[""利茨"", ""励磁""]"
2,799,lì fǎ,2,"[""历法"", ""立法""]"
2,800,lì hé,2,"[""利和"", ""力和""]"
2,801,lì tǐ,2,"[""立体"", ""粒体""]"
2,802,lì xī,2,"[""利希"", ""利息""]"
2,803,lì yuán,2,"[""沥源"", ""笠原""]"
2,804,lì zhì,2,"[""励志"", ""立志""]"
2,805,lì zi,2,"[""例子"", ""粒子""]"
2,806,lì zī,2,"[""丽兹"", ""利兹""]"
2,807,lìng tā,2,"[""令他"", ""令她""]"
2,808,lí jiā,2,"[""离家"", ""黎加""]"
2,809,lín jìn,2,"[""临近"", ""邻近""]"
2,810,lín jìn de,2,"[""临近的"", ""邻近的""]"
2,811,lín xià,2,"[""临夏"", ""林下""]"
2,812,lín zhōng,2,"[""临终"", ""林中""]"
2,813,líng mù,2,"[""铃木"", ""陵墓""]"
2,814,líng shí,2,"[""零时"", ""零食""]"
2,815,lóng dé,2,"[""隆德"", ""龙德""]"
2,816,lóng tóu,2,"[""隆头"", ""龙头""]"
2,817,lù dé,2,"[""录得"", ""路德""]"
2,818,lù jī,2,"[""路基"", ""陆基""]"
2,819,lù jūn,2,"[""路军"", ""陆军""]"
2,820,lù shàng,2,"[""路上"", ""陆上""]"
2,821,lù sī,2,"[""路斯"", ""露丝""]"
2,822,lù xī,2,"[""路西"", ""露西""]"
2,823,lù yì sī,2,"[""路易丝"", ""路易斯""]"
2,824,lù zhàn,2,"[""路站"", ""陆战""]"
2,825,lù zhì,2,"[""录制"", ""路至""]"
2,826,lú zhōu,2,"[""泸州"", ""芦洲""]"
2,827,lüè,2,"[""掠"", ""略""]"
2,828,lā hé,2,"[""拉和"", ""拉河""]"
2,829,lā lā,2,"[""拉拉"", ""菈菈""]"
2,830,lā mǎ,2,"[""拉玛"", ""拉马""]"
2,831,lǎng,2,"[""塱"", ""朗""]"
2,832,lǐ chá,2,"[""理察"", ""理查""]"
2,833,lǐ dá,2,"[""李达"", ""里达""]"
2,834,lǐ fú,2,"[""礼服"", ""里弗""]"
2,835,lǐ huì,2,"[""李慧"", ""理会""]"
2,836,lǐ kè,2,"[""李克"", ""里克""]"
2,837,lǐ kē,2,"[""理科"", ""里科""]"
2,838,lǐ mào,2,"[""李茂"", ""礼貌""]"
2,839,lǐ sī,2,"[""李斯"", ""里斯""]"
2,840,lǐ xiāng,2,"[""里乡"", ""里香""]"
2,841,lǐ xìng,2,"[""李姓"", ""理性""]"
2,842,lǐ zhì,2,"[""李志"", ""理智""]"
2,843,lǐn,2,"[""凛"", ""廪""]"
2,844,lǐng,2,"[""岭"", ""领""]"
2,845,lǚ kè,2,"[""吕克"", ""旅客""]"
2,846,lǚ xíng,2,"[""履行"", ""旅行""]"
2,847,lǜ huà,2,"[""氯化"", ""绿化""]"
2,848,me,2,"[""me"", ""么""]"
2,849,men,2,"[""men"", ""们""]"
2,850,miào,2,"[""妙"", ""庙""]"
2,851,miè,2,"[""灭"", ""蔑""]"
2,852,miǎo,2,"[""秒"", ""藐""]"
2,853,mà,2,"[""犸"", ""骂""]"
2,854,mài kè,2,"[""迈克"", ""麦克""]"
2,855,mài ěr,2,"[""迈尔"", ""麦尔""]"
2,856,má,2,"[""蔴"", ""麻""]"
2,857,mái,2,"[""埋"", ""霾""]"
2,858,mèng,2,"[""孟"", ""梦""]"
2,859,méi yǒu zài,2,"[""没有再"", ""没有在""]"
2,860,mì fēng,2,"[""密封"", ""蜜蜂""]"
2,861,mín fáng,2,"[""民房"", ""民防""]"
2,862,míng de,2,"[""名的"", ""明的""]"
2,863,míng shì,2,"[""名士"", ""名是""]"
2,864,míng wén,2,"[""明文"", ""铭文""]"
2,865,míng zhì,2,"[""明智"", ""明治""]"
2,866,míng é,2,"[""名额"", ""民革""]"
2,867,mò luò,2,"[""没落"", ""莫洛""]"
2,868,mò lǐ,2,"[""莫里"", ""默里""]"
2,869,mò nà,2,"[""莫纳"", ""莫那""]"
2,870,mò rèn,2,"[""末任"", ""默认""]"
2,871,mò sī,2,"[""莫斯"", ""默斯""]"
2,872,mò tè,2,"[""莫特"", ""默特""]"
2,873,mù dì,2,"[""墓地"", ""目的""]"
2,874,mù guāng,2,"[""暮光"", ""目光""]"
2,875,mù kè,2,"[""木刻"", ""穆克""]"
2,876,mù lán,2,"[""木兰"", ""穆兰""]"
2,877,mù shì,2,"[""墓室"", ""目视""]"
2,878,mù sī,2,"[""木斯"", ""穆斯""]"
2,879,mā,2,"[""妈"", ""嬷""]"
2,880,měi guó duì,2,"[""美国对"", ""美国队""]"
2,881,měi jí,2,"[""每集"", ""美籍""]"
2,882,měi lì,2,"[""美丽"", ""美利""]"
2,883,měi líng,2,"[""美玲"", ""美龄""]"
2,884,měi rén,2,"[""每人"", ""美人""]"
2,885,měi wèi,2,"[""每位"", ""美味""]"
2,886,měi yuán,2,"[""美元"", ""美援""]"
2,887,měi zhōu,2,"[""每周"", ""美洲""]"
2,888,mǎ gé,2,"[""玛格"", ""马格""]"
2,889,mǎ jiā,2,"[""马加"", ""马家""]"
2,890,mǎ kè sī,2,"[""马克思"", ""马克斯""]"
2,891,mǎ lā,2,"[""玛拉"", ""马拉""]"
2,892,mǎ nà,2,"[""玛娜"", ""马纳""]"
2,893,mǎ shì,2,"[""马士"", ""马氏""]"
2,894,mǎ sī,2,"[""玛斯"", ""马斯""]"
2,895,mǎ tí,2,"[""马提"", ""马蹄""]"
2,896,mǎ tóu,2,"[""码头"", ""马头""]"
2,897,mǎ xī,2,"[""玛希"", ""马西""]"
2,898,mǎ yǐ,2,"[""蚂蚁"", ""马尾""]"
2,899,mǎ ěr,2,"[""玛尔"", ""马尔""]"
2,900,mǎ ěr tā,2,"[""马尔他"", ""马耳他""]"
2,901,mǎn zhōu,2,"[""满州"", ""满洲""]"
2,902,mǎn zú,2,"[""满族"", ""满足""]"
2,903,mǎng,2,"[""莽"", ""蟒""]"
2,904,mǐ lì,2,"[""米利"", ""米莉""]"
2,905,ne,2,"[""ne"", ""呢""]"
2,906,niàn,2,"[""廿"", ""念""]"
2,907,niào,2,"[""尿"", ""脲""]"
2,908,nián dù,2,"[""年度"", ""黏度""]"
2,909,nián qīng,2,"[""年轻"", ""年青""]"
2,910,nián tǔ,2,"[""粘土"", ""黏土""]"
2,911,nián zhōng,2,"[""年中"", ""年终""]"
2,912,nà de,2,"[""娜的"", ""纳的""]"
2,913,nà hé,2,"[""纳和"", ""纳河""]"
2,914,nà sī,2,"[""纳斯"", ""那斯""]"
2,915,nà wèi,2,"[""纳为"", ""那位""]"
2,916,nào,2,"[""淖"", ""闹""]"
2,917,nán dào,2,"[""南道"", ""难道""]"
2,918,nán dé,2,"[""南德"", ""难得""]"
2,919,nán fāng,2,"[""南方"", ""男方""]"
2,920,nán jiē,2,"[""南接"", ""南街""]"
2,921,nán lín,2,"[""南临"", ""南邻""]"
2,922,nán shì,2,"[""南市"", ""男士""]"
2,923,nán shēng,2,"[""男声"", ""男生""]"
2,924,nán xiàn,2,"[""南县"", ""南线""]"
2,925,nán yáng,2,"[""南洋"", ""南阳""]"
2,926,nèi cè,2,"[""内侧"", ""内测""]"
2,927,nèi hán,2,"[""内含"", ""内涵""]"
2,928,nèi hé,2,"[""内核"", ""内河""]"
2,929,nèi yī,2,"[""内伊"", ""内衣""]"
2,930,nì chēng,2,"[""昵称"", ""暱称""]"
2,931,níng shì,2,"[""凝视"", ""宁市""]"
2,932,nüè,2,"[""疟"", ""虐""]"
2,933,nǔ,2,"[""努"", ""弩""]"
2,934,nǚ shēng,2,"[""女声"", ""女生""]"
2,935,piàn,2,"[""片"", ""骗""]"
2,936,piào,2,"[""嘌"", ""票""]"
2,937,piáo,2,"[""嫖"", ""瓢""]"
2,938,pà,2,"[""帕"", ""怕""]"
2,939,pào bīng,2,"[""炮兵"", ""砲兵""]"
2,940,pào dàn,2,"[""炮弹"", ""砲弹""]"
2,941,pào jī,2,"[""炮击"", ""砲击""]"
2,942,pào tái,2,"[""炮台"", ""砲台""]"
2,943,pào tǎ,2,"[""炮塔"", ""砲塔""]"
2,944,pá,2,"[""爬"", ""琶""]"
2,945,pái wèi,2,"[""排位"", ""牌位""]"
2,946,páng,2,"[""庞"", ""旁""]"
2,947,pèi dài,2,"[""佩戴"", ""配戴""]"
2,948,pèi jiàn,2,"[""佩剑"", ""配件""]"
2,949,píng chéng,2,"[""平城"", ""平成""]"
2,950,píng dìng,2,"[""平定"", ""评定""]"
2,951,píng fēn,2,"[""平分"", ""评分""]"
2,952,píng jià,2,"[""平价"", ""评价""]"
2,953,píng xī,2,"[""平息"", ""平西""]"
2,954,pó,2,"[""婆"", ""鄱""]"
2,955,pān,2,"[""攀"", ""潘""]"
2,956,pāng,2,"[""乓"", ""滂""]"
2,957,pū,2,"[""仆"", ""扑""]"
2,958,pū shè,2,"[""仆射"", ""铺设""]"
2,959,pǎo dào,2,"[""跑到"", ""跑道""]"
2,960,pǐ,2,"[""匹"", ""癖""]"
2,961,pǔ lǐ,2,"[""埔里"", ""普里""]"
2,962,pǔ sù,2,"[""普速"", ""朴素""]"
2,963,pǔ xiàn,2,"[""浦县"", ""谱线""]"
2,964,qián bèi,2,"[""前被"", ""前辈""]"
2,965,qián lì,2,"[""前例"", ""潜力""]"
2,966,qián qī,2,"[""前妻"", ""前期""]"
2,967,qián wèi,2,"[""前为"", ""前卫""]"
2,968,qián zài,2,"[""前在"", ""潜在""]"
2,969,qiú hé,2,"[""求和"", ""球和""]"
2,970,qiú yuán,2,"[""求援"", ""球员""]"
2,971,qiān dìng,2,"[""签定"", ""签订""]"
2,972,qiān míng,2,"[""千名"", ""签名""]"
2,973,qiān rù,2,"[""签入"", ""迁入""]"
2,974,qiān xǐ,2,"[""千禧"", ""迁徙""]"
2,975,qiān zhì,2,"[""牵制"", ""迁至""]"
2,976,qiāng jī,2,"[""枪击"", ""枪机""]"
2,977,qiāng zhī,2,"[""枪支"", ""枪枝""]"
2,978,qiǎng,2,"[""抢"", ""羟""]"
2,979,quàn,2,"[""券"", ""劝""]"
2,980,quán chéng,2,"[""全城"", ""全程""]"
2,981,quán shèng,2,"[""全盛"", ""全胜""]"
2,982,quán yù,2,"[""全域"", ""痊愈""]"
2,983,quán zhōu,2,"[""全州"", ""泉州""]"
2,984,quē,2,"[""缺"", ""阙""]"
2,985,qì de,2,"[""器的"", ""气的""]"
2,986,qì gāng,2,"[""气缸"", ""汽缸""]"
2,987,qì hé,2,"[""器和"", ""契合""]"
2,988,qì zhì,2,"[""弃置"", ""气质""]"
2,989,qìng,2,"[""庆"", ""罄""]"
2,990,qí bīng,2,"[""奇兵"", ""骑兵""]"
2,991,qí dì,2,"[""其地"", ""其弟""]"
2,992,qí fù,2,"[""其父"", ""岐阜""]"
2,993,qí lín,2,"[""其林"", ""麒麟""]"
2,994,qí míng,2,"[""其名"", ""齐名""]"
2,995,qí mǔ,2,"[""其母"", ""齐姆""]"
2,996,qí shí,2,"[""其实"", ""其时""]"
2,997,qí shǒu,2,"[""旗手"", ""棋手""]"
2,998,qí tā,2,"[""其他"", ""其它""]"
2,999,qí tā de,2,"[""其他的"", ""其它的""]"
2,1000,qí wèi,2,"[""其为"", ""骑尉""]"
2,1001,qí xià,2,"[""其下"", ""旗下""]"
2,1002,qí zi,2,"[""其子"", ""棋子""]"
2,1003,qù,2,"[""去"", ""趣""]"
2,1004,qún,2,"[""群"", ""裙""]"
2,1005,qī wèi,2,"[""七位"", ""期为""]"
2,1006,qīn hé,2,"[""亲和"", ""亲核""]"
2,1007,qīng huà,2,"[""氢化"", ""清化""]"
2,1008,qū de,2,"[""区的"", ""曲的""]"
2,1009,qū jí,2,"[""区及"", ""区级""]"
2,1010,qū shì,2,"[""区是"", ""趋势""]"
2,1011,qǐ dòng,2,"[""启动"", ""起动""]"
2,1012,qǐ fú,2,"[""乞伏"", ""起伏""]"
2,1013,qǐ huà,2,"[""企划"", ""企画""]"
2,1014,qǐ míng,2,"[""启明"", ""起名""]"
2,1015,qǐ shì,2,"[""启示"", ""起事""]"
2,1016,qǐ yòng,2,"[""启用"", ""起用""]"
2,1017,qǐng,2,"[""请"", ""顷""]"
2,1018,qǔ,2,"[""取"", ""娶""]"
2,1019,qǔ le,2,"[""取了"", ""娶了""]"
2,1020,ruò,2,"[""弱"", ""若""]"
2,1021,ruò shì,2,"[""弱势"", ""若是""]"
2,1022,ruǎn,2,"[""软"", ""阮""]"
2,1023,ràng tā,2,"[""让他"", ""让她""]"
2,1024,rào,2,"[""绕"", ""遶""]"
2,1025,rào jìng,2,"[""绕境"", ""遶境""]"
2,1026,rán hòu zài,2,"[""然后再"", ""然后在""]"
2,1027,ráo,2,"[""桡"", ""饶""]"
2,1028,rén duì,2,"[""人对"", ""人队""]"
2,1029,rén hé,2,"[""人和"", ""仁和""]"
2,1030,rén shòu,2,"[""人寿"", ""仁寿""]"
2,1031,rén shēng,2,"[""人声"", ""人生""]"
2,1032,rén xíng,2,"[""人形"", ""人行""]"
2,1033,réng wèi,2,"[""仍为"", ""仍未""]"
2,1034,rì jiàn,2,"[""日渐"", ""日舰""]"
2,1035,rì jūn,2,"[""日军"", ""日均""]"
2,1036,rì lì,2,"[""日历"", ""日立""]"
2,1037,rì yuán,2,"[""日元"", ""日圆""]"
2,1038,rì zhì,2,"[""日志"", ""日治""]"
2,1039,róng huà,2,"[""熔化"", ""融化""]"
2,1040,róu,2,"[""揉"", ""柔""]"
2,1041,rù zhù,2,"[""入住"", ""入驻""]"
2,1042,rùn,2,"[""润"", ""闰""]"
2,1043,rěn,2,"[""忍"", ""稔""]"
2,1044,rǎn,2,"[""冉"", ""染""]"
2,1045,rǎng,2,"[""壤"", ""攘""]"
2,1046,s de,2,"[""s de"", ""s的""]"
2,1047,shuì,2,"[""睡"", ""税""]"
2,1048,shuāi,2,"[""摔"", ""衰""]"
2,1049,shuō dào,2,"[""说到"", ""说道""]"
2,1050,shuō tā,2,"[""说他"", ""说她""]"
2,1051,shuǐ dào,2,"[""水稻"", ""水道""]"
2,1052,shuǐ hé,2,"[""水和"", ""水河""]"
2,1053,shuǐ jǐng,2,"[""水井"", ""水警""]"
2,1054,shuǐ lì,2,"[""水利"", ""水力""]"
2,1055,shuǐ lù,2,"[""水路"", ""水陆""]"
2,1056,shuǐ xiàn,2,"[""水县"", ""水线""]"
2,1057,shuǐ xiāng,2,"[""水乡"", ""水箱""]"
2,1058,shàng,2,"[""上"", ""尚""]"
2,1059,shàng jiè,2,"[""上届"", ""上界""]"
2,1060,shàng kè,2,"[""上刻"", ""上课""]"
2,1061,shàng luò,2,"[""上洛"", ""上落""]"
2,1062,shàng shān,2,"[""上山"", ""上杉""]"
2,1063,shàng yě,2,"[""上也"", ""上野""]"
2,1064,shàng yī,2,"[""上一"", ""上衣""]"
2,1065,shàng yǒu,2,"[""上有"", ""尚有""]"
2,1066,shàng zài,2,"[""上载"", ""尚在""]"
2,1067,sháo,2,"[""勺"", ""韶""]"
2,1068,shè de,2,"[""社的"", ""设的""]"
2,1069,shè jì,2,"[""社稷"", ""设计""]"
2,1070,shè xiàn,2,"[""射线"", ""歙县""]"
2,1071,shèng dì,2,"[""圣地"", ""胜地""]"
2,1072,shèng gōng,2,"[""圣公"", ""圣宫""]"
2,1073,shèng jié,2,"[""圣洁"", ""圣节""]"
2,1074,shèng jīng,2,"[""圣经"", ""盛京""]"
2,1075,shèng yú,2,"[""剩余"", ""胜于""]"
2,1076,shèng yī,2,"[""圣伊"", ""胜一""]"
2,1077,shén,2,"[""什"", ""神""]"
2,1078,shén gōng,2,"[""神功"", ""神宫""]"
2,1079,shén me,2,"[""什么"", ""甚么""]"
2,1080,shén qí,2,"[""神奇"", ""神祇""]"
2,1081,shì cóng,2,"[""侍从"", ""是从""]"
2,1082,shì dōng,2,"[""士东"", ""是东""]"
2,1083,shì fēi,2,"[""是非"", ""试飞""]"
2,1084,shì gù,2,"[""事故"", ""是故""]"
2,1085,shì jiè,2,"[""世界"", ""视界""]"
2,1086,shì jìng,2,"[""视镜"", ""试镜""]"
2,1087,shì nán,2,"[""市南"", ""是南""]"
2,1088,shì nèi,2,"[""室内"", ""市内""]"
2,1089,shì qián,2,"[""事前"", ""是前""]"
2,1090,shì shuǐ,2,"[""式水"", ""是水""]"
2,1091,shì shàng,2,"[""世上"", ""是上""]"
2,1092,shì shè,2,"[""市社"", ""试射""]"
2,1093,shì shí,2,"[""事实"", ""适时""]"
2,1094,shì tú,2,"[""仕途"", ""试图""]"
2,1095,shì tā,2,"[""是他"", ""是她""]"
2,1096,shì tā de,2,"[""是他的"", ""是她的""]"
2,1097,shì wén,2,"[""世文"", ""谥文""]"
2,1098,shì wù,2,"[""事务"", ""事物""]"
2,1099,shì wù de,2,"[""事务的"", ""事物的""]"
2,1100,shì xiàn,2,"[""市县"", ""视线""]"
2,1101,shì xiàng,2,"[""事项"", ""是向""]"
2,1102,shì xùn,2,"[""视讯"", ""试训""]"
2,1103,shì yuán,2,"[""士元"", ""是原""]"
2,1104,shì yì,2,"[""示意"", ""释义""]"
2,1105,shì yì dà lì,2,"[""是义大利"", ""是意大利""]"
2,1106,shì yí,2,"[""事宜"", ""适宜""]"
2,1107,shì yòng yú,2,"[""是用于"", ""适用于""]"
2,1108,shì yú,2,"[""仕于"", ""是于""]"
2,1109,shì yī zhī,2,"[""是一只"", ""是一支""]"
2,1110,shì yīn,2,"[""世音"", ""是因""]"
2,1111,shì yǒu,2,"[""室友"", ""是有""]"
2,1112,shì yǔ,2,"[""市与"", ""是与""]"
2,1113,shì zhǎng,2,"[""市长"", ""是长""]"
2,1114,shì zi,2,"[""世子"", ""式子""]"
2,1115,shì zài,2,"[""是在"", ""氏在""]"
2,1116,shí cháng,2,"[""时常"", ""时长""]"
2,1117,shí gāo,2,"[""石膏"", ""石高""]"
2,1118,shí jìng,2,"[""实境"", ""石敬""]"
2,1119,shí kè,2,"[""时刻"", ""石刻""]"
2,1120,shí lì,2,"[""实例"", ""实力""]"
2,1121,shí míng,2,"[""十名"", ""实名""]"
2,1122,shí nián,2,"[""十年"", ""时年""]"
2,1123,shí qì,2,"[""石器"", ""石砌""]"
2,1124,shí qī,2,"[""十七"", ""时期""]"
2,1125,shí shù,2,"[""实数"", ""时数""]"
2,1126,shí shī,2,"[""实施"", ""石狮""]"
2,1127,shí shǔ,2,"[""实属"", ""时属""]"
2,1128,shí sì,2,"[""十四"", ""食肆""]"
2,1129,shí wèi,2,"[""实为"", ""时为""]"
2,1130,shí xiàng,2,"[""时向"", ""石像""]"
2,1131,shí yuán,2,"[""石原"", ""石垣""]"
2,1132,shí yòng de,2,"[""实用的"", ""食用的""]"
2,1133,shí yóu,2,"[""时由"", ""石油""]"
2,1134,shí yú,2,"[""十余"", ""时于""]"
2,1135,shí yǐ,2,"[""时以"", ""时已""]"
2,1136,shí zhì,2,"[""实质"", ""石质""]"
2,1137,shí zhōng,2,"[""时中"", ""时钟""]"
2,1138,shí zài,2,"[""实在"", ""时在""]"
2,1139,shí zé,2,"[""实则"", ""时则""]"
2,1140,shí zì,2,"[""十字"", ""识字""]"
2,1141,shòu guān,2,"[""寿官"", ""授官""]"
2,1142,shòu huì,2,"[""受惠"", ""受贿""]"
2,1143,shòu mìng,2,"[""受命"", ""寿命""]"
2,1144,shòu rén,2,"[""兽人"", ""受人""]"
2,1145,shòu yì,2,"[""受益"", ""授意""]"
2,1146,shù de,2,"[""数的"", ""树的""]"
2,1147,shù hé,2,"[""数和"", ""树和""]"
2,1148,shù lì,2,"[""树立"", ""竖立""]"
2,1149,shù mù,2,"[""数目"", ""树木""]"
2,1150,shù wèi,2,"[""数为"", ""数位""]"
2,1151,shù zhī,2,"[""树枝"", ""树脂""]"
2,1152,shù zhǒng,2,"[""数种"", ""树种""]"
2,1153,shā chē,2,"[""刹车"", ""煞车""]"
2,1154,shā lā,2,"[""沙拉"", ""莎拉""]"
2,1155,shān hé,2,"[""山和"", ""山河""]"
2,1156,shān jí,2,"[""山及"", ""山脊""]"
2,1157,shān lù,2,"[""山路"", ""山麓""]"
2,1158,shān xiàn,2,"[""山县"", ""山线""]"
2,1159,shān yáng,2,"[""山羊"", ""山阳""]"
2,1160,shāng pù,2,"[""商舖"", ""商铺""]"
2,1161,shāng shì,2,"[""伤势"", ""商事""]"
2,1162,shē,2,"[""奢"", ""畲""]"
2,1163,shēn chù,2,"[""深处"", ""身处""]"
2,1164,shēn de,2,"[""深的"", ""身的""]"
2,1165,shēn fèn,2,"[""身份"", ""身分""]"
2,1166,shēn fèn zhèng,2,"[""身份证"", ""身分证""]"
2,1167,shēn hòu,2,"[""深厚"", ""身后""]"
2,1168,shēn shì,2,"[""绅士"", ""身世""]"
2,1169,shēng dài,2,"[""声带"", ""生代""]"
2,1170,shēng míng,2,"[""声名"", ""声明""]"
2,1171,shēng mǔ,2,"[""声母"", ""生母""]"
2,1172,shēng qì,2,"[""声器"", ""生气""]"
2,1173,shēng xué,2,"[""升学"", ""声学""]"
2,1174,shēng yuán,2,"[""声援"", ""生员""]"
2,1175,shēng yù,2,"[""声誉"", ""生育""]"
2,1176,shěn,2,"[""审"", ""沈""]"
2,1177,shī dì,2,"[""失地"", ""湿地""]"
2,1178,shī fù,2,"[""师傅"", ""师父""]"
2,1179,shī shì,2,"[""失事"", ""失势""]"
2,1180,shū jì,2,"[""书纪"", ""书记""]"
2,1181,shū shì,2,"[""梳士"", ""舒适""]"
2,1182,shǎn,2,"[""闪"", ""陕""]"
2,1183,shǐ guǎn,2,"[""使馆"", ""史馆""]"
2,1184,shǐ jì,2,"[""史记"", ""史迹""]"
2,1185,shǒu bù,2,"[""手部"", ""首部""]"
2,1186,shǒu jí,2,"[""首级"", ""首集""]"
2,1187,shǒu lǐ,2,"[""手里"", ""首里""]"
2,1188,shǒu shì,2,"[""手势"", ""首饰""]"
2,1189,shǒu wèi,2,"[""守卫"", ""首位""]"
2,1190,shǒu zhǎng,2,"[""手掌"", ""首长""]"
2,1191,shǔ míng,2,"[""属名"", ""署名""]"
2,1192,suàn,2,"[""算"", ""蒜""]"
2,1193,suì shí,2,"[""岁时"", ""碎石""]"
2,1194,suī,2,"[""睢"", ""虽""]"
2,1195,suī wèi,2,"[""虽为"", ""虽未""]"
2,1196,suǒ de,2,"[""所得"", ""所的""]"
2,1197,suǒ fēi,2,"[""索菲"", ""索非""]"
2,1198,suǒ jiàn,2,"[""所建"", ""所见""]"
2,1199,suǒ luó mén,2,"[""所罗门"", ""索罗门""]"
2,1200,suǒ wèi,2,"[""所为"", ""所谓""]"
2,1201,suǒ zuò,2,"[""所作"", ""所做""]"
2,1202,suǒ zuò de,2,"[""所作的"", ""所做的""]"
2,1203,suǒ zài,2,"[""所在"", ""所载""]"
2,1204,sà,2,"[""卅"", ""萨""]"
2,1205,sà fú,2,"[""萨伏"", ""萨佛""]"
2,1206,sà mò,2,"[""萨莫"", ""萨默""]"
2,1207,sàn bù,2,"[""散布"", ""散步""]"
2,1208,sàng shī,2,"[""丧失"", ""丧尸""]"
2,1209,sì chéng,2,"[""四成"", ""寺丞""]"
2,1210,sì qīng,2,"[""四氢"", ""寺卿""]"
2,1211,sì wèi,2,"[""嗣位"", ""四位""]"
2,1212,sù shè,2,"[""宿舍"", ""速射""]"
2,1213,sù shí,2,"[""素食"", ""速食""]"
2,1214,sāi,2,"[""塞"", ""鳃""]"
2,1215,sāi pǔ,2,"[""塞普"", ""塞浦""]"
2,1216,sān hé,2,"[""三合"", ""三河""]"
2,1217,sān jí,2,"[""三级"", ""三集""]"
2,1218,sān lián,2,"[""三联"", ""三连""]"
2,1219,sān míng,2,"[""三名"", ""三明""]"
2,1220,sān xiàn,2,"[""三县"", ""三线""]"
2,1221,sān yuán,2,"[""三元"", ""三原""]"
2,1222,sān yuè,2,"[""三月"", ""三越""]"
2,1223,sī de,2,"[""丝的"", ""斯的""]"
2,1224,sī jī,2,"[""司机"", ""斯基""]"
2,1225,sī lì,2,"[""斯利"", ""私立""]"
2,1226,sī lǐ,2,"[""思礼"", ""斯里""]"
2,1227,sī nuò kè,2,"[""司诺克"", ""斯诺克""]"
2,1228,sī tú,2,"[""司徒"", ""斯图""]"
2,1229,sī tōng,2,"[""斯通"", ""私通""]"
2,1230,sī yì,2,"[""思义"", ""思议""]"
2,1231,sōu,2,"[""搜"", ""艘""]"
2,1232,sūn,2,"[""孙"", ""荪""]"
2,1233,sǎo,2,"[""嫂"", ""扫""]"
2,1234,tiào,2,"[""眺"", ""跳""]"
2,1235,tián yuán,2,"[""田原"", ""田园""]"
2,1236,tiáo wén,2,"[""条文"", ""条纹""]"
2,1237,tiān,2,"[""天"", ""添""]"
2,1238,tiān bǎo,2,"[""天保"", ""天宝""]"
2,1239,tiān chéng,2,"[""天城"", ""天成""]"
2,1240,tiān hé,2,"[""天和"", ""天河""]"
2,1241,tiān yòu,2,"[""天佑"", ""天祐""]"
2,1242,tuán yuán,2,"[""团员"", ""团圆""]"
2,1243,tuò,2,"[""唾"", ""拓""]"
2,1244,tuó luó,2,"[""陀罗"", ""陀螺""]"
2,1245,tuō luò,2,"[""托洛"", ""脱落""]"
2,1246,tuō lā,2,"[""托拉"", ""拖拉""]"
2,1247,tuǒ,2,"[""妥"", ""椭""]"
2,1248,tài shǐ,2,"[""太史"", ""泰始""]"
2,1249,tài ān,2,"[""太安"", ""泰安""]"
2,1250,tàng,2,"[""烫"", ""趟""]"
2,1251,tái jí,2,"[""台吉"", ""台籍""]"
2,1252,tè,2,"[""忒"", ""特""]"
2,1253,tè bié shì,2,"[""特别市"", ""特别是""]"
2,1254,tè diǎn,2,"[""特典"", ""特点""]"
2,1255,tè gōng,2,"[""特工"", ""特攻""]"
2,1256,tè yì,2,"[""特异"", ""特意""]"
2,1257,tè zhì,2,"[""特制"", ""特质""]"
2,1258,tí hú,2,"[""醍醐"", ""鹈鹕""]"
2,1259,tí míng,2,"[""提名"", ""题名""]"
2,1260,tíng zhàn,2,"[""停战"", ""停站""]"
2,1261,tóng guān,2,"[""潼关"", ""铜官""]"
2,1262,tóng huà,2,"[""同化"", ""童话""]"
2,1263,tóng nián,2,"[""同年"", ""童年""]"
2,1264,tóng rén,2,"[""同人"", ""同仁""]"
2,1265,tóng shì,2,"[""同事"", ""同是""]"
2,1266,tóng yú,2,"[""同于"", ""同余""]"
2,1267,tóng zhì,2,"[""同志"", ""同治""]"
2,1268,tóu chéng,2,"[""头城"", ""投诚""]"
2,1269,tóu xiàng,2,"[""头像"", ""投向""]"
2,1270,tú shàng,2,"[""图上"", ""涂上""]"
2,1271,tú xíng,2,"[""图形"", ""徒刑""]"
2,1272,tú zhōng,2,"[""图中"", ""途中""]"
2,1273,tā biǎo shì,2,"[""他表示"", ""她表示""]"
2,1274,tā céng,2,"[""他曾"", ""她曾""]"
2,1275,tā céng dài biǎo,2,"[""他曾代表"", ""她曾代表""]"
2,1276,tā céng zài,2,"[""他曾在"", ""她曾在""]"
2,1277,tā cóng,2,"[""他从"", ""她从""]"
2,1278,tā de fù qīn,2,"[""他的父亲"", ""她的父亲""]"
2,1279,tā de míng zì,2,"[""他的名字"", ""她的名字""]"
2,1280,tā de mǔ qīn,2,"[""他的母亲"", ""她的母亲""]"
2,1281,tā de zuò pǐn,2,"[""他的作品"", ""她的作品""]"
2,1282,tā dài biǎo,2,"[""他代表"", ""她代表""]"
2,1283,tā jué dìng,2,"[""他决定"", ""她决定""]"
2,1284,tā kāi shǐ,2,"[""他开始"", ""她开始""]"
2,1285,tā kě yǐ,2,"[""他可以"", ""它可以""]"
2,1286,tā men bèi,2,"[""他们被"", ""它们被""]"
2,1287,tā men huì,2,"[""他们会"", ""它们会""]"
2,1288,tā men zài,2,"[""他们在"", ""它们在""]"
2,1289,tā néng,2,"[""他能"", ""它能""]"
2,1290,tā rèn wéi,2,"[""他认为"", ""她认为""]"
2,1291,tā shuō,2,"[""他说"", ""她说""]"
2,1292,tā shì yí gè,2,"[""他是一个"", ""它是一个""]"
2,1293,tā suǒ,2,"[""他所"", ""她所""]"
2,1294,tā yì,2,"[""他亦"", ""她亦""]"
2,1295,tā yòu,2,"[""他又"", ""她又""]"
2,1296,tā yīn,2,"[""他因"", ""她因""]"
2,1297,tā yǒu,2,"[""他有"", ""它有""]"
2,1298,tā zhǐ,2,"[""他只"", ""他指""]"
2,1299,tā zuò wéi,2,"[""他作为"", ""她作为""]"
2,1300,tā zì jǐ,2,"[""他自己"", ""她自己""]"
2,1301,tāng,2,"[""汤"", ""羰""]"
2,1302,tīng de,2,"[""厅的"", ""町的""]"
2,1303,tōng huà,2,"[""通化"", ""通话""]"
2,1304,tū chū,2,"[""凸出"", ""突出""]"
2,1305,tū qǐ,2,"[""凸起"", ""突起""]"
2,1306,tū xiǎn,2,"[""凸显"", ""突显""]"
2,1307,tǎ nà,2,"[""塔纳"", ""塔那""]"
2,1308,tǐ xíng,2,"[""体型"", ""体形""]"
2,1309,tǐ zhì,2,"[""体制"", ""体质""]"
2,1310,tǐng,2,"[""挺"", ""艇""]"
2,1311,tǒng shuài,2,"[""统帅"", ""统率""]"
2,1312,tǒng zhì,2,"[""统制"", ""统治""]"
2,1313,wa,2,"[""wa"", ""哇""]"
2,1314,wài jiè,2,"[""外借"", ""外界""]"
2,1315,wài mào,2,"[""外貌"", ""外贸""]"
2,1316,wài xíng,2,"[""外型"", ""外形""]"
2,1317,wài yuán,2,"[""外援"", ""外缘""]"
2,1318,wáng,2,"[""亡"", ""王""]"
2,1319,wáng fēi,2,"[""王妃"", ""王菲""]"
2,1320,wáng gōng,2,"[""王公"", ""王宫""]"
2,1321,wáng líng,2,"[""亡灵"", ""王陵""]"
2,1322,wèi chéng,2,"[""卫城"", ""未成""]"
2,1323,wèi de,2,"[""位的"", ""味的""]"
2,1324,wèi jūn,2,"[""卫军"", ""魏军""]"
2,1325,wèi lǐ,2,"[""为李"", ""卫理""]"
2,1326,wèi miǎn,2,"[""为免"", ""卫冕""]"
2,1327,wèi shì,2,"[""卫士"", ""卫视""]"
2,1328,wèi shí,2,"[""为食"", ""喂食""]"
2,1329,wèi shù,2,"[""位数"", ""卫戍""]"
2,1330,wèi shēng,2,"[""卫生"", ""衞生""]"
2,1331,wèi sī,2,"[""卫斯"", ""魏斯""]"
2,1332,wèi tā,2,"[""为他"", ""为她""]"
2,1333,wèi yuán,2,"[""为原"", ""位元""]"
2,1334,wèi yǒu,2,"[""为有"", ""未有""]"
2,1335,wèi zài,2,"[""为在"", ""位在""]"
2,1336,wèn,2,"[""汶"", ""问""]"
2,1337,wéi dé,2,"[""维德"", ""韦德""]"
2,1338,wéi kè,2,"[""维克"", ""韦克""]"
2,1339,wéi lì,2,"[""维利"", ""韦利""]"
2,1340,wéi lā,2,"[""维拉"", ""韦拉""]"
2,1341,wéi nà,2,"[""维纳"", ""维那""]"
2,1342,wéi qí,2,"[""围棋"", ""维奇""]"
2,1343,wéi shēng,2,"[""为生"", ""维生""]"
2,1344,wéi sī,2,"[""维斯"", ""韦斯""]"
2,1345,wéi sī tè,2,"[""维斯特"", ""韦斯特""]"
2,1346,wéi tè,2,"[""维特"", ""韦特""]"
2,1347,wéi yà,2,"[""维亚"", ""维娅""]"
2,1348,wéi yī,2,"[""唯一"", ""惟一""]"
2,1349,wéi ěr,2,"[""维尔"", ""韦尔""]"
2,1350,wén lǐ,2,"[""文理"", ""纹理""]"
2,1351,wén míng,2,"[""文明"", ""闻名""]"
2,1352,wén míng de,2,"[""文明的"", ""闻名的""]"
2,1353,wén shū,2,"[""文书"", ""文殊""]"
2,1354,wén zhāng,2,"[""文章"", ""纹章""]"
2,1355,wò sī,2,"[""沃思"", ""沃斯""]"
2,1356,wú cháng,2,"[""无偿"", ""无常""]"
2,1357,wú fǎ zài,2,"[""无法再"", ""无法在""]"
2,1358,wú gōng,2,"[""无功"", ""蜈蚣""]"
2,1359,wú jùn,2,"[""吴俊"", ""吴郡""]"
2,1360,wú lǐ,2,"[""无理"", ""无礼""]"
2,1361,wú míng,2,"[""无名"", ""无明""]"
2,1362,wú shuāng,2,"[""无双"", ""无霜""]"
2,1363,wú yì,2,"[""无异"", ""无意""]"
2,1364,wān qū,2,"[""弯曲"", ""湾区""]"
2,1365,wēi jí,2,"[""危及"", ""危急""]"
2,1366,wēi lián sī,2,"[""威廉丝"", ""威廉斯""]"
2,1367,wēi xìn,2,"[""威信"", ""微信""]"
2,1368,wēn,2,"[""温"", ""瘟""]"
2,1369,wēng,2,"[""翁"", ""鹟""]"
2,1370,wěn bù,2,"[""吻部"", ""稳步""]"
2,1371,wū sī,2,"[""乌思"", ""乌斯""]"
2,1372,wǎ,2,"[""佤"", ""瓦""]"
2,1373,wǎ nà,2,"[""瓦纳"", ""瓦那""]"
2,1374,wǎng shàng,2,"[""往上"", ""网上""]"
2,1375,wǔ bù,2,"[""五部"", ""舞步""]"
2,1376,wǔ dé,2,"[""伍德"", ""武德""]"
2,1377,wǔ dǎo,2,"[""五岛"", ""舞蹈""]"
2,1378,wǔ jiān,2,"[""五间"", ""午间""]"
2,1379,wǔ jí,2,"[""五级"", ""武吉""]"
2,1380,wǔ shì,2,"[""五世"", ""武士""]"
2,1381,wǔ zhōu,2,"[""五州"", ""武周""]"
2,1382,xià lìng,2,"[""下令"", ""夏令""]"
2,1383,xià shì,2,"[""下士"", ""下式""]"
2,1384,xià wèi,2,"[""下为"", ""下位""]"
2,1385,xià xiàn,2,"[""下线"", ""下限""]"
2,1386,xià zài,2,"[""下在"", ""下载""]"
2,1387,xiàn de,2,"[""县的"", ""线的""]"
2,1388,xiàn hé,2,"[""县和"", ""线和""]"
2,1389,xiàn míng,2,"[""县名"", ""现名""]"
2,1390,xiàn nèi,2,"[""县内"", ""线内""]"
2,1391,xiàn rén,2,"[""县人"", ""线人""]"
2,1392,xiàn shàng,2,"[""献上"", ""线上""]"
2,1393,xiàn shí de,2,"[""现实的"", ""现时的""]"
2,1394,xiàn shǔ,2,"[""县属"", ""现属""]"
2,1395,xiàn xíng,2,"[""现行"", ""线形""]"
2,1396,xiàn yú,2,"[""限于"", ""陷于""]"
2,1397,xiàn yǔ,2,"[""县与"", ""线与""]"
2,1398,xiàn zài,2,"[""现在"", ""线在""]"
2,1399,xiàng qí,2,"[""向其"", ""象棋""]"
2,1400,xiàng tā,2,"[""向他"", ""向她""]"
2,1401,xiáng fú,2,"[""祥符"", ""降伏""]"
2,1402,xiè lòu,2,"[""泄漏"", ""泄露""]"
2,1403,xié tóng,2,"[""偕同"", ""协同""]"
2,1404,xióng,2,"[""熊"", ""雄""]"
2,1405,xiāng cháng,2,"[""乡长"", ""香肠""]"
2,1406,xiāng jiàn,2,"[""相见"", ""相间""]"
2,1407,xiāng jiāo,2,"[""相交"", ""香蕉""]"
2,1408,xiāng shì,2,"[""乡事"", ""乡试""]"
2,1409,xiāo yáo,2,"[""萧遥"", ""逍遥""]"
2,1410,xiě dào,2,"[""写到"", ""写道""]"
2,1411,xiū liàn,2,"[""修炼"", ""修练""]"
2,1412,xiū qì,2,"[""休憩"", ""修葺""]"
2,1413,xiū shì,2,"[""修士"", ""修饰""]"
2,1414,xiū sī,2,"[""休斯"", ""修斯""]"
2,1415,xiū yǎng,2,"[""休养"", ""修养""]"
2,1416,xiū zhěng,2,"[""休整"", ""修整""]"
2,1417,xiǎng shòu,2,"[""享受"", ""享寿""]"
2,1418,xiǎng xiàng,2,"[""想像"", ""想象""]"
2,1419,xiǎo míng,2,"[""小名"", ""小明""]"
2,1420,xiǎo shí hòu,2,"[""小时候"", ""小时后""]"
2,1421,xiǎo xiàng,2,"[""小巷"", ""小项""]"
2,1422,xué,2,"[""学"", ""穴""]"
2,1423,xué chéng,2,"[""学成"", ""学程""]"
2,1424,xué yuán,2,"[""学员"", ""学园""]"
2,1425,xuān shì,2,"[""宣示"", ""宣誓""]"
2,1426,xuě,2,"[""雪"", ""鳕""]"
2,1427,xìn,2,"[""信"", ""衅""]"
2,1428,xíng chéng,2,"[""形成"", ""行程""]"
2,1429,xíng chē,2,"[""型车"", ""行车""]"
2,1430,xíng shǐ,2,"[""行使"", ""行驶""]"
2,1431,xíng tài,2,"[""型态"", ""形态""]"
2,1432,xíng zhì,2,"[""形制"", ""行至""]"
2,1433,xù mù,2,"[""序幕"", ""畜牧""]"
2,1434,xù shù,2,"[""叙述"", ""序数""]"
2,1435,xún huí,2,"[""寻回"", ""巡回""]"
2,1436,xī cūn,2,"[""溪村"", ""西村""]"
2,1437,xī de,2,"[""溪的"", ""西的""]"
2,1438,xī dé,2,"[""希德"", ""西德""]"
2,1439,xī fū,2,"[""希夫"", ""西夫""]"
2,1440,xī hé,2,"[""西和"", ""西河""]"
2,1441,xī jiē,2,"[""西接"", ""西街""]"
2,1442,xī jìn,2,"[""西晋"", ""西进""]"
2,1443,xī jīn,2,"[""奚斤"", ""锡金""]"
2,1444,xī jīng,2,"[""西京"", ""西经""]"
2,1445,xī kǒu,2,"[""溪口"", ""西口""]"
2,1446,xī lán,2,"[""西兰"", ""锡兰""]"
2,1447,xī lā,2,"[""希拉"", ""西拉""]"
2,1448,xī méng,2,"[""希盟"", ""西蒙""]"
2,1449,xī mǔ,2,"[""希姆"", ""西姆""]"
2,1450,xī níng,2,"[""熙宁"", ""西宁""]"
2,1451,xī shān,2,"[""西山"", ""锡山""]"
2,1452,xī sī,2,"[""希斯"", ""西斯""]"
2,1453,xī tè,2,"[""希特"", ""西特""]"
2,1454,xī xiāng,2,"[""溪乡"", ""西乡""]"
2,1455,xī yuán,2,"[""西元"", ""西园""]"
2,1456,xī yǔ,2,"[""溪与"", ""西与""]"
2,1457,xī zhì,2,"[""析置"", ""西至""]"
2,1458,xī ào,2,"[""西奥"", ""西澳""]"
2,1459,xī ān,2,"[""西安"", ""锡安""]"
2,1460,xīn de,2,"[""心的"", ""新的""]"
2,1461,xīn jī,2,"[""心肌"", ""辛基""]"
2,1462,xīn lǐ,2,"[""心理"", ""心里""]"
2,1463,xīn qū,2,"[""新区"", ""新曲""]"
2,1464,xīn shè,2,"[""新社"", ""新设""]"
2,1465,xīn shì,2,"[""新世"", ""新式""]"
2,1466,xīn xiàn,2,"[""新县"", ""新线""]"
2,1467,xīn xīng,2,"[""新兴"", ""新星""]"
2,1468,xīn yì,2,"[""心意"", ""新义""]"
2,1469,xīn zhì,2,"[""心智"", ""新制""]"
2,1470,xīng jiàn,2,"[""兴建"", ""星舰""]"
2,1471,xīng xīng,2,"[""星星"", ""猩猩""]"
2,1472,xū yào,2,"[""需要"", ""须要""]"
2,1473,xū zài,2,"[""需在"", ""须在""]"
2,1474,xǔ,2,"[""栩"", ""许""]"
2,1475,ya,2,"[""ya"", ""呀""]"
2,1476,yuán dì,2,"[""元帝"", ""原地""]"
2,1477,yuán dìng,2,"[""原定"", ""原订""]"
2,1478,yuán jūn,2,"[""元军"", ""援军""]"
2,1479,yuán lín,2,"[""员林"", ""园林""]"
2,1480,yuán shēng,2,"[""原声"", ""原生""]"
2,1481,yuán shǐ,2,"[""元史"", ""原始""]"
2,1482,yuán xiàn,2,"[""原县"", ""源县""]"
2,1483,yuán xíng,2,"[""原型"", ""圆形""]"
2,1484,yuán yīn,2,"[""元音"", ""原因""]"
2,1485,yuè dōng,2,"[""粤东"", ""越冬""]"
2,1486,yuē,2,"[""曰"", ""约""]"
2,1487,yà lì,2,"[""亚利"", ""亚历""]"
2,1488,yà nà,2,"[""亚纳"", ""亚那""]"
2,1489,yà shì,2,"[""亚士"", ""亚视""]"
2,1490,yà tài,2,"[""亚太"", ""亚泰""]"
2,1491,yào dào,2,"[""要到"", ""要道""]"
2,1492,yào yòng,2,"[""药用"", ""要用""]"
2,1493,yán chéng,2,"[""严惩"", ""盐埕""]"
2,1494,yán gé,2,"[""严格"", ""沿革""]"
2,1495,yán jiāng,2,"[""岩浆"", ""沿江""]"
2,1496,yán xí,2,"[""沿袭"", ""研习""]"
2,1497,yán zhèng,2,"[""严正"", ""炎症""]"
2,1498,yán zhì,2,"[""延至"", ""研制""]"
2,1499,yáng guāng,2,"[""杨光"", ""阳光""]"
2,1500,yáng shì,2,"[""杨氏"", ""阳市""]"
2,1501,yáng zhōu,2,"[""扬州"", ""洋洲""]"
2,1502,yè de,2,"[""业的"", ""叶的""]"
2,1503,yé,2,"[""爷"", ""耶""]"
2,1504,yì chéng,2,"[""议程"", ""译成""]"
2,1505,yì dà lì,2,"[""义大利"", ""意大利""]"
2,1506,yì dà lì yǔ,2,"[""义大利语"", ""意大利语""]"
2,1507,yì huì,2,"[""亦会"", ""议会""]"
2,1508,yì hé,2,"[""义和"", ""议和""]"
2,1509,yì jí,2,"[""亦即"", ""意即""]"
2,1510,yì míng wèi,2,"[""易名为"", ""艺名为""]"
2,1511,yì nián,2,"[""亿年"", ""翌年""]"
2,1512,yì rì yuán,2,"[""亿日元"", ""亿日圆""]"
2,1513,yì xiàn,2,"[""义县"", ""邑县""]"
2,1514,yì xiàng,2,"[""意向"", ""意象""]"
2,1515,yì yuàn,2,"[""意愿"", ""议院""]"
2,1516,yì yì,2,"[""异议"", ""意义""]"
2,1517,yì yù,2,"[""意欲"", ""抑郁""]"
2,1518,yì yǐ,2,"[""亦以"", ""亦已""]"
2,1519,yì zuò,2,"[""亦作"", ""译作""]"
2,1520,yì zài,2,"[""亦在"", ""意在""]"
2,1521,yìn,2,"[""印"", ""胤""]"
2,1522,yìn dì,2,"[""印地"", ""印第""]"
2,1523,yìn dì ān,2,"[""印地安"", ""印第安""]"
2,1524,yìn dì ān nà zhōu,2,"[""印地安纳州"", ""印第安纳州""]"
2,1525,yìn dì ān rén,2,"[""印地安人"", ""印第安人""]"
2,1526,yìng,2,"[""映"", ""硬""]"
2,1527,yìng huà,2,"[""映画"", ""硬化""]"
2,1528,yìng jí,2,"[""应急"", ""硬棘""]"
2,1529,yí qì,2,"[""仪器"", ""遗弃""]"
2,1530,yí shī,2,"[""移师"", ""遗失""]"
2,1531,yí zhì,2,"[""一致"", ""移至""]"
2,1532,yíng guāng,2,"[""荧光"", ""萤光""]"
2,1533,yíng lì,2,"[""盈利"", ""营利""]"
2,1534,yíng qǔ,2,"[""赢取"", ""迎娶""]"
2,1535,yòu míng,2,"[""又名"", ""幼名""]"
2,1536,yòu pài,2,"[""又派"", ""右派""]"
2,1537,yòu wèi,2,"[""又为"", ""右卫""]"
2,1538,yòu yì,2,"[""又译"", ""右翼""]"
2,1539,yòu yú,2,"[""又于"", ""幼鱼""]"
2,1540,yóu dà,2,"[""犹大"", ""由大""]"
2,1541,yóu jì,2,"[""游记"", ""邮寄""]"
2,1542,yóu jīn,2,"[""尤金"", ""由金""]"
2,1543,yóu kǎ,2,"[""尤卡"", ""由卡""]"
2,1544,yóu lì,2,"[""尤利"", ""游历""]"
2,1545,yóu lǐ,2,"[""尤里"", ""由李""]"
2,1546,yóu qí,2,"[""尤其"", ""由其""]"
2,1547,yóu tā,2,"[""犹他"", ""由他""]"
2,1548,yóu xī,2,"[""游锡"", ""由西""]"
2,1549,yóu yú,2,"[""由于"", ""鱿鱼""]"
2,1550,yóu zhèng,2,"[""由郑"", ""邮政""]"
2,1551,yù dìng,2,"[""预定"", ""预订""]"
2,1552,yù jiàn,2,"[""遇见"", ""预见""]"
2,1553,yù jǐng,2,"[""玉井"", ""预警""]"
2,1554,yù shì,2,"[""浴室"", ""预示""]"
2,1555,yù yán,2,"[""寓言"", ""预言""]"
2,1556,yù zhì,2,"[""域治"", ""预制""]"
2,1557,yú shì,2,"[""于世"", ""于是""]"
2,1558,yún shān,2,"[""云山"", ""云杉""]"
2,1559,yā lì,2,"[""压力"", ""鸭脷""]"
2,1560,yē,2,"[""掖"", ""椰""]"
2,1561,yě jiào,2,"[""也叫"", ""也较""]"
2,1562,yě shì,2,"[""也是"", ""野市""]"
2,1563,yě wèi,2,"[""也为"", ""也未""]"
2,1564,yě yǐ,2,"[""也以"", ""也已""]"
2,1565,yī bù,2,"[""一步"", ""一部""]"
2,1566,yī bù fèn,2,"[""一部份"", ""一部分""]"
2,1567,yī běn,2,"[""一本"", ""伊本""]"
2,1568,yī cì,2,"[""一次"", ""依次""]"
2,1569,yī duì,2,"[""一对"", ""一队""]"
2,1570,yī dào,2,"[""一到"", ""一道""]"
2,1571,yī fù,2,"[""一副"", ""依附""]"
2,1572,yī fū,2,"[""一夫"", ""伊夫""]"
2,1573,yī gé,2,"[""一格"", ""伊格""]"
2,1574,yī jiàn,2,"[""一件"", ""一见""]"
2,1575,yī jí,2,"[""一级"", ""一集""]"
2,1576,yī kè,2,"[""一刻"", ""伊克""]"
2,1577,yī kē,2,"[""一颗"", ""医科""]"
2,1578,yī lái,2,"[""一来"", ""伊莱""]"
2,1579,yī lì shā bái,2,"[""伊丽莎白"", ""伊莉莎白""]"
2,1580,yī qī,2,"[""一妻"", ""一期""]"
2,1581,yī qū,2,"[""一区"", ""一曲""]"
2,1582,yī shī,2,"[""一师"", ""医师""]"
2,1583,yī shǒu,2,"[""一手"", ""一首""]"
2,1584,yī sī,2,"[""伊斯"", ""依斯""]"
2,1585,yī wàn,2,"[""一万"", ""伊万""]"
2,1586,yī wèi,2,"[""一为"", ""一位""]"
2,1587,yī wù,2,"[""医务"", ""衣物""]"
2,1588,yī xīn,2,"[""一心"", ""一新""]"
2,1589,yī yuán,2,"[""一元"", ""一员""]"
2,1590,yī zhàn,2,"[""一战"", ""一站""]"
2,1591,yī zhì,2,"[""一至"", ""医治""]"
2,1592,yī zhī,2,"[""一只"", ""一支""]"
2,1593,yī zuò,2,"[""一作"", ""一座""]"
2,1594,yīn cǐ tā,2,"[""因此他"", ""因此它""]"
2,1595,yīn wèi,2,"[""因为"", ""音位""]"
2,1596,yīn wèi tā men,2,"[""因为他们"", ""因为它们""]"
2,1597,yīn yuán,2,"[""因缘"", ""音源""]"
2,1598,yīng chǐ,2,"[""英呎"", ""英尺""]"
2,1599,yīng cùn,2,"[""英吋"", ""英寸""]"
2,1600,yīng shì,2,"[""应是"", ""英式""]"
2,1601,yū,2,"[""淤"", ""迂""]"
2,1602,yǎ,2,"[""哑"", ""雅""]"
2,1603,yǎn shì,2,"[""掩饰"", ""演示""]"
2,1604,yǐ bèi,2,"[""以备"", ""已被""]"
2,1605,yǐ bù,2,"[""以不"", ""已不""]"
2,1606,yǐ dá dào,2,"[""以达到"", ""已达到""]"
2,1607,yǐ gōng,2,"[""以供"", ""以功""]"
2,1608,yǐ huò dé,2,"[""以获得"", ""已获得""]"
2,1609,yǐ jiāng,2,"[""以将"", ""已将""]"
2,1610,yǐ jí,2,"[""乙级"", ""以及""]"
2,1611,yǐ jīng,2,"[""乙腈"", ""已经""]"
2,1612,yǐ shì,2,"[""以示"", ""已是""]"
2,1613,yǐ wèi,2,"[""乙未"", ""已为""]"
2,1614,yǐ wú,2,"[""以无"", ""已无""]"
2,1615,yǐ zhì,2,"[""以至"", ""以致""]"
2,1616,yǐ zài,2,"[""以在"", ""已在""]"
2,1617,yǐn shuǐ,2,"[""引水"", ""饮水""]"
2,1618,yǐn yòng,2,"[""引用"", ""饮用""]"
2,1619,yǒu lì,2,"[""有利"", ""有力""]"
2,1620,yǒu lì de,2,"[""有利的"", ""有力的""]"
2,1621,yǒu rén,2,"[""友人"", ""有人""]"
2,1622,yǒu shí,2,"[""有十"", ""有时""]"
2,1623,yǒu wéi,2,"[""有为"", ""有违""]"
2,1624,yǒu xiàn,2,"[""有线"", ""有限""]"
2,1625,yǒu zhù,2,"[""有助"", ""有著""]"
2,1626,yǔ hǎi,2,"[""与海"", ""雨海""]"
2,1627,yǔ mǎ,2,"[""与马"", ""语码""]"
2,1628,yǔ qí tā,2,"[""与其他"", ""与其它""]"
2,1629,yǔ shuǐ,2,"[""与水"", ""雨水""]"
2,1630,yǔ shì,2,"[""与世"", ""语是""]"
2,1631,yǔ tā,2,"[""与他"", ""与她""]"
2,1632,yǔ tā de,2,"[""与他的"", ""与她的""]"
2,1633,yǔ wén,2,"[""宇文"", ""语文""]"
2,1634,yǔ yuán,2,"[""与原"", ""语源""]"
2,1635,yǔ yī,2,"[""与一"", ""与伊""]"
2,1636,yǔ zhèng,2,"[""与正"", ""与郑""]"
2,1637,yǔ zhī,2,"[""与之"", ""语支""]"
2,1638,yǔ zhōng,2,"[""与中"", ""语中""]"
2,1639,yǔn,2,"[""允"", ""陨""]"
2,1640,zhuān,2,"[""专"", ""砖""]"
2,1641,zhuān shǔ,2,"[""专属"", ""专署""]"
2,1642,zhuān yè,2,"[""专业"", ""专页""]"
2,1643,zhuān zhù,2,"[""专注"", ""专著""]"
2,1644,zhuāng zài,2,"[""装在"", ""装载""]"
2,1645,zhuī,2,"[""追"", ""锥""]"
2,1646,zhuǎn zhé,2,"[""转折"", ""转辙""]"
2,1647,zhàn chǎng,2,"[""战场"", ""站场""]"
2,1648,zhàn de,2,"[""战的"", ""站的""]"
2,1649,zhàn dì,2,"[""占地"", ""战地""]"
2,1650,zhàn hòu,2,"[""战后"", ""站后""]"
2,1651,zhàn jì,2,"[""战绩"", ""战记""]"
2,1652,zhàn qián,2,"[""战前"", ""站前""]"
2,1653,zhàn shí,2,"[""战时"", ""站时""]"
2,1654,zhàn wèi,2,"[""站为"", ""站位""]"
2,1655,zhàn yǒu,2,"[""占有"", ""战友""]"
2,1656,zhàng hào,2,"[""帐号"", ""账号""]"
2,1657,zhàng hù,2,"[""帐户"", ""账户""]"
2,1658,zhào shì,2,"[""肇事"", ""赵氏""]"
2,1659,zhá,2,"[""札"", ""闸""]"
2,1660,zhè jiāng,2,"[""浙江"", ""这将""]"
2,1661,zhè shì tā,2,"[""这是他"", ""这是她""]"
2,1662,zhè wèi,2,"[""这为"", ""这位""]"
2,1663,zhèn dàng,2,"[""振荡"", ""震荡""]"
2,1664,zhèn dòng,2,"[""振动"", ""震动""]"
2,1665,zhèn zhōng,2,"[""阵中"", ""震中""]"
2,1666,zhèn zāi,2,"[""赈灾"", ""震灾""]"
2,1667,zhèng de,2,"[""正的"", ""症的""]"
2,1668,zhèng jiàn,2,"[""政见"", ""证件""]"
2,1669,zhèng míng,2,"[""正名"", ""证明""]"
2,1670,zhèng wén,2,"[""正文"", ""郑文""]"
2,1671,zhèng wěi,2,"[""政委"", ""证伪""]"
2,1672,zhèng zhì,2,"[""政制"", ""政治""]"
2,1673,zhèng zhí,2,"[""正值"", ""正直""]"
2,1674,zhèng zōng,2,"[""政宗"", ""正宗""]"
2,1675,zhì bìng,2,"[""治病"", ""致病""]"
2,1676,zhì chéng,2,"[""制成"", ""制程""]"
2,1677,zhì de,2,"[""制的"", ""致的""]"
2,1678,zhì dé,2,"[""制得"", ""至德""]"
2,1679,zhì dìng,2,"[""制定"", ""制订""]"
2,1680,zhì fù,2,"[""秩父"", ""致富""]"
2,1681,zhì jīn,2,"[""治今"", ""至今""]"
2,1682,zhì shì,2,"[""制式"", ""致仕""]"
2,1683,zhì xià,2,"[""治下"", ""至下""]"
2,1684,zhì xiàn,2,"[""制宪"", ""置县""]"
2,1685,zhí de,2,"[""值得"", ""值的""]"
2,1686,zhí guān,2,"[""直观"", ""职官""]"
2,1687,zhí lì,2,"[""直立"", ""直隶""]"
2,1688,zhí wèi,2,"[""值为"", ""职位""]"
2,1689,zhí wù,2,"[""植物"", ""职务""]"
2,1690,zhí yè,2,"[""执业"", ""职业""]"
2,1691,zhòng zhèn,2,"[""重振"", ""重镇""]"
2,1692,zhòng zhì,2,"[""重制"", ""重置""]"
2,1693,zhù fáng,2,"[""住房"", ""驻防""]"
2,1694,zhù míng,2,"[""注明"", ""著名""]"
2,1695,zhù yǒu,2,"[""住友"", ""著有""]"
2,1696,zhù zhòng,2,"[""注重"", ""著重""]"
2,1697,zhù zài,2,"[""住在"", ""驻在""]"
2,1698,zhāi,2,"[""摘"", ""斋""]"
2,1699,zhēn chá,2,"[""侦察"", ""侦查""]"
2,1700,zhēn jūn,2,"[""真君"", ""真菌""]"
2,1701,zhēng qì,2,"[""蒸气"", ""蒸汽""]"
2,1702,zhěng,2,"[""拯"", ""整""]"
2,1703,zhī bù,2,"[""支部"", ""织布""]"
2,1704,zhī chēng,2,"[""之称"", ""支撑""]"
2,1705,zhī chū,2,"[""之初"", ""支出""]"
2,1706,zhī dào,2,"[""之道"", ""知道""]"
2,1707,zhī dì,2,"[""之地"", ""之弟""]"
2,1708,zhī fù,2,"[""之父"", ""支付""]"
2,1709,zhī hòu zài,2,"[""之后再"", ""之后在""]"
2,1710,zhī jì,2,"[""之计"", ""之际""]"
2,1711,zhī jī,2,"[""之机"", ""织姬""]"
2,1712,zhī lù,2,"[""之路"", ""支路""]"
2,1713,zhī lǐ,2,"[""之礼"", ""脂鲤""]"
2,1714,zhī míng,2,"[""之名"", ""知名""]"
2,1715,zhī qíng,2,"[""之情"", ""知情""]"
2,1716,zhī shí,2,"[""之时"", ""知识""]"
2,1717,zhī shǒu,2,"[""之手"", ""之首""]"
2,1718,zhī wèi,2,"[""之为"", ""之位""]"
2,1719,zhī wù,2,"[""之物"", ""织物""]"
2,1720,zhī xiàn,2,"[""支线"", ""知县""]"
2,1721,zhī yú,2,"[""之于"", ""之余""]"
2,1722,zhī zhù,2,"[""之助"", ""支柱""]"
2,1723,zhī zuì,2,"[""之最"", ""之罪""]"
2,1724,zhōng bù,2,"[""中不"", ""中部""]"
2,1725,zhōng chéng,2,"[""中丞"", ""忠诚""]"
2,1726,zhōng chǎng,2,"[""中场"", ""终场""]"
2,1727,zhōng céng,2,"[""中层"", ""中曾""]"
2,1728,zhōng duàn,2,"[""中断"", ""中段""]"
2,1729,zhōng duì,2,"[""中对"", ""中队""]"
2,1730,zhōng jiān,2,"[""中坚"", ""中间""]"
2,1731,zhōng jí,2,"[""中级"", ""终极""]"
2,1732,zhōng lì,2,"[""中坜"", ""中立""]"
2,1733,zhōng nián,2,"[""中年"", ""终年""]"
2,1734,zhōng shí,2,"[""中时"", ""忠实""]"
2,1735,zhōng shū,2,"[""中书"", ""中枢""]"
2,1736,zhōng wǔ,2,"[""中五"", ""中午""]"
2,1737,zhōng xiào,2,"[""中校"", ""忠孝""]"
2,1738,zhōng yì,2,"[""中亦"", ""忠义""]"
2,1739,zhōng yóu,2,"[""中游"", ""中由""]"
2,1740,zhōng yú,2,"[""忠于"", ""终于""]"
2,1741,zhōng yě,2,"[""中也"", ""中野""]"
2,1742,zhōng yī,2,"[""中一"", ""中医""]"
2,1743,zhōu de,2,"[""周的"", ""州的""]"
2,1744,zhōu jì,2,"[""州际"", ""洲际""]"
2,1745,zhōu lǐ,2,"[""周礼"", ""州里""]"
2,1746,zhōu nèi,2,"[""周内"", ""州内""]"
2,1747,zhōu qū,2,"[""州区"", ""洲区""]"
2,1748,zhōu shì,2,"[""周氏"", ""州市""]"
2,1749,zhū jiāng,2,"[""珠江"", ""诸将""]"
2,1750,zhū luó,2,"[""侏罗"", ""诸罗""]"
2,1751,zhū lì yà,2,"[""朱莉娅"", ""茱莉亚""]"
2,1752,zhū rú,2,"[""侏儒"", ""诸如""]"
2,1753,zhū shì,2,"[""朱氏"", ""株式""]"
2,1754,zhū zi,2,"[""朱子"", ""诸子""]"
2,1755,zhǐ míng,2,"[""指名"", ""指明""]"
2,1756,zhǐ shì,2,"[""只是"", ""指示""]"
2,1757,zhǐ yú,2,"[""只于"", ""止于""]"
2,1758,zhǔ pào,2,"[""主炮"", ""主砲""]"
2,1759,zhǔ yì,2,"[""主义"", ""主意""]"
2,1760,zhǔ yīn,2,"[""主因"", ""主音""]"
2,1761,zi,2,"[""zi"", ""子""]"
2,1762,zuì jiǔ,2,"[""最久"", ""醉酒""]"
2,1763,zuò biāo,2,"[""坐标"", ""座标""]"
2,1764,zuò biāo wèi,2,"[""坐标为"", ""座标为""]"
2,1765,zuò chéng,2,"[""作成"", ""做成""]"
2,1766,zuò chū,2,"[""作出"", ""做出""]"
2,1767,zuò chū de,2,"[""作出的"", ""做出的""]"
2,1768,zuò chū le,2,"[""作出了"", ""做出了""]"
2,1769,zuò fǎ,2,"[""作法"", ""做法""]"
2,1770,zuò le,2,"[""作了"", ""做了""]"
2,1771,zuò luò yú,2,"[""坐落于"", ""座落于""]"
2,1772,zuò luò zài,2,"[""坐落在"", ""座落在""]"
2,1773,zuò wèi,2,"[""做为"", ""座位""]"
2,1774,zuò zhǔn bèi,2,"[""作准备"", ""做准备""]"
2,1775,zuó,2,"[""昨"", ""琢""]"
2,1776,zuǒ,2,"[""佐"", ""左""]"
2,1777,zài bèi,2,"[""再被"", ""在被""]"
2,1778,zài bā,2,"[""在八"", ""在巴""]"
2,1779,zài cóng,2,"[""再从"", ""在从""]"
2,1780,zài dì,2,"[""在地"", ""在第""]"
2,1781,zài jiào yù,2,"[""再教育"", ""在教育""]"
2,1782,zài jiā,2,"[""再加"", ""在家""]"
2,1783,zài jìn xíng,2,"[""再进行"", ""在进行""]"
2,1784,zài jīn,2,"[""在今"", ""在金""]"
2,1785,zài jīng,2,"[""再经"", ""在京""]"
2,1786,zài méi yǒu,2,"[""再没有"", ""在没有""]"
2,1787,zài měi,2,"[""在每"", ""在美""]"
2,1788,zài qí tā,2,"[""在其他"", ""在其它""]"
2,1789,zài rèn,2,"[""再任"", ""在任""]"
2,1790,zài rù,2,"[""再入"", ""载入""]"
2,1791,zài sān,2,"[""再三"", ""在三""]"
2,1792,zài tā,2,"[""在他"", ""在她""]"
2,1793,zài wú,2,"[""再无"", ""在无""]"
2,1794,zài xiàn,2,"[""再现"", ""在线""]"
2,1795,zài xīn,2,"[""在心"", ""在新""]"
2,1796,zài yì dà lì,2,"[""在义大利"", ""在意大利""]"
2,1797,zài yú,2,"[""再于"", ""在于""]"
2,1798,zài yě,2,"[""再也"", ""在野""]"
2,1799,zài yī,2,"[""在一"", ""在伊""]"
2,1800,zài yǐ,2,"[""再以"", ""在以""]"
2,1801,zài yǔ,2,"[""再与"", ""在与""]"
2,1802,zá,2,"[""杂"", ""砸""]"
2,1803,zá zhì,2,"[""杂志"", ""杂质""]"
2,1804,zèng yǔ,2,"[""赠与"", ""赠予""]"
2,1805,zé bèi,2,"[""则被"", ""责备""]"
2,1806,zé shì,2,"[""则是"", ""泽市""]"
2,1807,zé zhǐ,2,"[""则只"", ""则指""]"
2,1808,zì hào,2,"[""字号"", ""自号""]"
2,1809,zì jǐ,2,"[""自己"", ""自给""]"
2,1810,zì lì,2,"[""自力"", ""自立""]"
2,1811,zì rèn,2,"[""自任"", ""自认""]"
2,1812,zì tǐ,2,"[""字体"", ""自体""]"
2,1813,zì wèi,2,"[""自卫"", ""自慰""]"
2,1814,zì zhuàn,2,"[""自传"", ""自转""]"
2,1815,zì zhì,2,"[""自制"", ""自治""]"
2,1816,zòng,2,"[""粽"", ""纵""]"
2,1817,zāng,2,"[""臧"", ""赃""]"
2,1818,zāo,2,"[""糟"", ""遭""]"
2,1819,zēng,2,"[""增"", ""憎""]"
2,1820,zēng zhí,2,"[""增值"", ""增殖""]"
2,1821,zī shì,2,"[""姿势"", ""滋事""]"
2,1822,zī zhì,2,"[""资治"", ""资质""]"
2,1823,zōu,2,"[""诹"", ""邹""]"
2,1824,zū jiè,2,"[""租借"", ""租界""]"
2,1825,zǎi,2,"[""仔"", ""宰""]"
2,1826,zǔ gé,2,"[""组阁"", ""阻隔""]"
2,1827,zǔ hé,2,"[""组合"", ""组和""]"
2,1828,zǔ jiàn,2,"[""组件"", ""组建""]"
2,1829,ài dé,2,"[""爱德"", ""艾德""]"
2,1830,ài lì sī,2,"[""爱丽丝"", ""艾利斯""]"
2,1831,ài lún,2,"[""爱伦"", ""艾伦""]"
2,1832,ài xīn,2,"[""爱心"", ""爱新""]"
2,1833,ài zhī,2,"[""爱之"", ""爱知""]"
2,1834,ài zī bìng,2,"[""爱滋病"", ""艾滋病""]"
2,1835,ài ěr,2,"[""爱尔"", ""艾尔""]"
2,1836,àn jiàn,2,"[""按键"", ""案件""]"
2,1837,àn zhōng,2,"[""暗中"", ""案中""]"
2,1838,ào dé,2,"[""奥得"", ""奥德""]"
2,1839,ào lì,2,"[""奥利"", ""奥莉""]"
2,1840,è ěr,2,"[""厄尔"", ""鄂尔""]"
2,1841,èr,2,"[""二"", ""贰""]"
2,1842,èr jí,2,"[""二极"", ""二级""]"
2,1843,èr shì,2,"[""二世"", ""二是""]"
2,1844,èr xiàn,2,"[""二县"", ""二线""]"
2,1845,é lēi,2,"[""俄勒"", ""额勒""]"
2,1846,ér,2,"[""儿"", ""而""]"
2,1847,ér tóng,2,"[""儿童"", ""而同""]"
2,1848,ér tā,2,"[""而他"", ""而她""]"
2,1849,ér wèi,2,"[""而为"", ""而未""]"
2,1850,ér yì,2,"[""而异"", ""而易""]"
2,1851,ér yǐ,2,"[""而以"", ""而已""]"
2,1852,ā,2,"[""ā"", ""阿""]"
2,1853,ā mǎ,2,"[""阿玛"", ""阿马""]"
2,1854,ā qí,2,"[""阿奇"", ""阿齐""]"
2,1855,ā wéi,2,"[""阿维"", ""阿韦""]"
2,1856,āi lì,2,"[""埃利"", ""埃莉""]"
2,1857,ān dì sī,2,"[""安地斯"", ""安第斯""]"
2,1858,ān fǔ,2,"[""安府"", ""安抚""]"
2,1859,ān kāng,2,"[""安康"", ""𩽾𩾌""]"
2,1860,ěr màn,2,"[""尔曼"", ""耳曼""]"
2,1861,ǎn,2,"[""俺"", ""铵""]"
3,1,biǎn,3,"[""匾"", ""扁"", ""贬""]"
3,2,bài,3,"[""拜"", ""稗"", ""败""]"
3,3,bó kè,3,"[""伯克"", ""博克"", ""博客""]"
3,4,bù hé,3,"[""不合"", ""不和"", ""部和""]"
3,5,bù jué,3,"[""不决"", ""不绝"", ""不觉""]"
3,6,bù jí,3,"[""不及"", ""部及"", ""部级""]"
3,7,bù wèi,3,"[""不为"", ""部为"", ""部位""]"
3,8,bù yǔ,3,"[""不与"", ""不予"", ""部与""]"
3,9,bù zài,3,"[""不再"", ""不在"", ""部在""]"
3,10,bāng,3,"[""帮"", ""浜"", ""邦""]"
3,11,bǎ,3,"[""把"", ""钯"", ""靶""]"
3,12,bǎ tā,3,"[""把他"", ""把她"", ""把它""]"
3,13,bǎng,3,"[""榜"", ""绑"", ""膀""]"
3,14,bǔ,3,"[""哺"", ""捕"", ""补""]"
3,15,chuán,3,"[""传"", ""椽"", ""船""]"
3,16,chuān,3,"[""川"", ""氚"", ""穿""]"
3,17,chàng,3,"[""倡"", ""唱"", ""畅""]"
3,18,chá,3,"[""察"", ""查"", ""茶""]"
3,19,chéng jì,3,"[""城际"", ""成绩"", ""承继""]"
3,20,chéng yuán,3,"[""乘员"", ""城垣"", ""成员""]"
3,21,chāng,3,"[""娼"", ""昌"", ""猖""]"
3,22,chōng,3,"[""充"", ""冲"", ""憧""]"
3,23,chū shì,3,"[""出世"", ""出仕"", ""出示""]"
3,24,chǎn,3,"[""产"", ""铲"", ""阐""]"
3,25,cuī,3,"[""催"", ""崔"", ""摧""]"
3,26,càn,3,"[""掺"", ""灿"", ""粲""]"
3,27,cán,3,"[""惭"", ""残"", ""蚕""]"
3,28,cáo,3,"[""曹"", ""槽"", ""漕""]"
3,29,cè shì,3,"[""侧室"", ""侧式"", ""测试""]"
3,30,cóng,3,"[""丛"", ""从"", ""琮""]"
3,31,cǎi,3,"[""彩"", ""踩"", ""采""]"
3,32,de shí,3,"[""的十"", ""的时"", ""的石""]"
3,33,diàn jī,3,"[""奠基"", ""电击"", ""电机""]"
3,34,diǎn,3,"[""典"", ""点"", ""碘""]"
3,35,duì,3,"[""兑"", ""对"", ""队""]"
3,36,duò,3,"[""堕"", ""惰"", ""舵""]"
3,37,duō,3,"[""咄"", ""哆"", ""多""]"
3,38,duǒ,3,"[""垛"", ""朵"", ""躲""]"
3,39,dà chéng,3,"[""大乘"", ""大城"", ""大成""]"
3,40,dà lì,3,"[""大利"", ""大力"", ""大历""]"
3,41,dà shòu,3,"[""大受"", ""大寿"", ""大绶""]"
3,42,dàn tā,3,"[""但他"", ""但她"", ""但它""]"
3,43,dèng,3,"[""凳"", ""瞪"", ""邓""]"
3,44,dé,3,"[""得"", ""徳"", ""德""]"
3,45,dì wèi,3,"[""地为"", ""地位"", ""帝位""]"
3,46,dī,3,"[""低"", ""堤"", ""滴""]"
3,47,dōng lín,3,"[""东临"", ""东林"", ""东邻""]"
3,48,dū,3,"[""嘟"", ""督"", ""阇""]"
3,49,dǎi,3,"[""傣"", ""歹"", ""逮""]"
3,50,fén,3,"[""坟"", ""汾"", ""焚""]"
3,51,fù hé,3,"[""复合"", ""复核"", ""覆核""]"
3,52,fú ěr,3,"[""伏尔"", ""弗尔"", ""福尔""]"
3,53,fēi lì,3,"[""菲利"", ""非利"", ""飞利""]"
3,54,fēn zhī,3,"[""分之"", ""分支"", ""分枝""]"
3,55,fǎng,3,"[""仿"", ""纺"", ""访""]"
3,56,guī huà,3,"[""归化"", ""规划"", ""规画""]"
3,57,guǎn,3,"[""管"", ""莞"", ""馆""]"
3,58,guǒ,3,"[""果"", ""椁"", ""裹""]"
3,59,gàn,3,"[""干"", ""淦"", ""赣""]"
3,60,gào,3,"[""告"", ""诰"", ""锆""]"
3,61,gè,3,"[""个"", ""各"", ""铬""]"
3,62,gāo shì,3,"[""高士"", ""高氏"", ""高适""]"
3,63,gē dé,3,"[""哥德"", ""戈德"", ""歌德""]"
3,64,gōng chéng,3,"[""宫城"", ""工程"", ""攻城""]"
3,65,gōng yì,3,"[""公义"", ""公益"", ""工艺""]"
3,66,gōu,3,"[""勾"", ""沟"", ""钩""]"
3,67,huà de,3,"[""化的"", ""画的"", ""话的""]"
3,68,huì hé,3,"[""会合"", ""会和"", ""汇合""]"
3,69,huì shì,3,"[""会士"", ""会是"", ""会试""]"
3,70,huǎng,3,"[""幌"", ""晃"", ""谎""]"
3,71,hái,3,"[""孩"", ""还"", ""骸""]"
3,72,hé gǔ,3,"[""和古"", ""河谷"", ""颌骨""]"
3,73,hé jí,3,"[""合辑"", ""合集"", ""河及""]"
3,74,hé liú,3,"[""合流"", ""和刘"", ""河流""]"
3,75,hé lǐ,3,"[""合理"", ""和李"", ""荷里""]"
3,76,hé shàng,3,"[""和上"", ""和尚"", ""河上""]"
3,77,hé shì,3,"[""何氏"", ""合适"", ""河市""]"
3,78,hé shí,3,"[""何时"", ""和石"", ""核实""]"
3,79,hé xī,3,"[""和西"", ""河西"", ""荷西""]"
3,80,hé yī,3,"[""合一"", ""和一"", ""和伊""]"
3,81,hé zhōu,3,"[""和周"", ""和州"", ""河州""]"
3,82,hòu yuán,3,"[""后圆"", ""后援"", ""后缘""]"
3,83,hóu,3,"[""侯"", ""喉"", ""猴""]"
3,84,hē,3,"[""呵"", ""喝"", ""诃""]"
3,85,hōng,3,"[""烘"", ""薨"", ""轰""]"
3,86,hū,3,"[""乎"", ""呼"", ""忽""]"
3,87,hǎi shì,3,"[""海事"", ""海市"", ""海试""]"
3,88,hǔ,3,"[""浒"", ""琥"", ""虎""]"
3,89,jiàn de,3,"[""建的"", ""舰的"", ""见的""]"
3,90,jiàn yú,3,"[""建于"", ""见于"", ""鉴于""]"
3,91,jiào zuò,3,"[""叫作"", ""叫做"", ""教座""]"
3,92,jiá,3,"[""戛"", ""荚"", ""颊""]"
3,93,jié zhì,3,"[""截至"", ""杰志"", ""节制""]"
3,94,jiù shì,3,"[""就是"", ""救世"", ""旧式""]"
3,95,jiā lǐ,3,"[""佳里"", ""加里"", ""家里""]"
3,96,jiāng tā,3,"[""将他"", ""将她"", ""将它""]"
3,97,jiē shì,3,"[""揭示"", ""皆是"", ""街市""]"
3,98,jiū,3,"[""究"", ""纠"", ""鸠""]"
3,99,jì de,3,"[""季的"", ""计的"", ""记得""]"
3,100,jì shì,3,"[""既是"", ""纪事"", ""记事""]"
3,101,jì shù,3,"[""技术"", ""计数"", ""记述""]"
3,102,jìn chéng,3,"[""禁城"", ""进城"", ""进程""]"
3,103,jìn jūn,3,"[""晋军"", ""禁军"", ""进军""]"
3,104,jìn zhì,3,"[""禁制"", ""进制"", ""进至""]"
3,105,jí de,3,"[""籍的"", ""级的"", ""集的""]"
3,106,jí shì,3,"[""即是"", ""吉士"", ""集市""]"
3,107,jí shí,3,"[""即时"", ""及时"", ""级时""]"
3,108,jí xìng,3,"[""即兴"", ""急性"", ""极性""]"
3,109,jī zhì,3,"[""基质"", ""机制"", ""机智""]"
3,110,jūn shì,3,"[""军事"", ""军士"", ""均是""]"
3,111,kuān,3,"[""宽"", ""寛"", ""髋""]"
3,112,kuī,3,"[""亏"", ""盔"", ""窥""]"
3,113,kān chá,3,"[""勘察"", ""勘查"", ""堪察""]"
3,114,kē kè,3,"[""柯克"", ""科克"", ""苛刻""]"
3,115,kǎo,3,"[""拷"", ""烤"", ""考""]"
3,116,liú yì,3,"[""刘义"", ""刘易"", ""留意""]"
3,117,liú zhì,3,"[""刘志"", ""流至"", ""留置""]"
3,118,liǎn,3,"[""敛"", ""琏"", ""脸""]"
3,119,liǎng jí,3,"[""两极"", ""两级"", ""两集""]"
3,120,luó sī,3,"[""罗斯"", ""萝丝"", ""螺丝""]"
3,121,là,3,"[""腊"", ""蜡"", ""辣""]"
3,122,lào,3,"[""涝"", ""烙"", ""酪""]"
3,123,lái nà,3,"[""来纳"", ""莱娜"", ""莱纳""]"
3,124,lèi,3,"[""泪"", ""类"", ""累""]"
3,125,léi,3,"[""擂"", ""镭"", ""雷""]"
3,126,lì nà,3,"[""丽娜"", ""利纳"", ""莉娜""]"
3,127,lì shí,3,"[""历时"", ""砾石"", ""立石""]"
3,128,lì sī,3,"[""丽丝"", ""利斯"", ""莉丝""]"
3,129,lì yú,3,"[""丽鱼"", ""利于"", ""立于""]"
3,130,lìn,3,"[""膦"", ""蔺"", ""赁""]"
3,131,lìng,3,"[""令"", ""另"", ""呤""]"
3,132,lòu,3,"[""漏"", ""镂"", ""陋""]"
3,133,lóu,3,"[""娄"", ""楼"", ""髅""]"
3,134,lā,3,"[""垃"", ""拉"", ""菈""]"
3,135,lǎo,3,"[""佬"", ""姥"", ""老""]"
3,136,lǐ chéng,3,"[""李成"", ""李承"", ""里程""]"
3,137,lǐ dé,3,"[""李德"", ""里得"", ""里德""]"
3,138,lǐ jì,3,"[""李济"", ""李继"", ""礼记""]"
3,139,lǘ,3,"[""榈"", ""闾"", ""驴""]"
3,140,ma,3,"[""ma"", ""吗"", ""嘛""]"
3,141,miàn shì,3,"[""面世"", ""面是"", ""面试""]"
3,142,mián,3,"[""棉"", ""眠"", ""绵""]"
3,143,miáo,3,"[""描"", ""瞄"", ""苗""]"
3,144,mán,3,"[""瞒"", ""蛮"", ""鳗""]"
3,145,mò ěr,3,"[""墨尔"", ""莫尔"", ""默尔""]"
3,146,móu,3,"[""牟"", ""缪"", ""谋""]"
3,147,mù qián,3,"[""墓前"", ""幕前"", ""目前""]"
3,148,mù zhì,3,"[""墓志"", ""木制"", ""木质""]"
3,149,měi,3,"[""每"", ""美"", ""镁""]"
3,150,mǎ lì yà,3,"[""玛丽亚"", ""玛利亚"", ""马利亚""]"
3,151,mǎo,3,"[""卯"", ""昴"", ""铆""]"
3,152,nián,3,"[""年"", ""鲶"", ""黏""]"
3,153,niǔ,3,"[""扭"", ""纽"", ""钮""]"
3,154,nuò,3,"[""懦"", ""糯"", ""诺""]"
3,155,nán xī,3,"[""南希"", ""南西"", ""南锡""]"
3,156,níng,3,"[""凝"", ""宁"", ""柠""]"
3,157,nǎi,3,"[""乃"", ""奶"", ""迺""]"
3,158,nǎo,3,"[""恼"", ""瑙"", ""脑""]"
3,159,nǐ,3,"[""你"", ""妳"", ""拟""]"
3,160,piān,3,"[""偏"", ""篇"", ""翩""]"
3,161,piāo,3,"[""剽"", ""漂"", ""飘""]"
3,162,pài,3,"[""哌"", ""派"", ""湃""]"
3,163,pào,3,"[""泡"", ""炮"", ""砲""]"
3,164,pái,3,"[""徘"", ""排"", ""牌""]"
3,165,pín,3,"[""嫔"", ""贫"", ""频""]"
3,166,pēng,3,"[""抨"", ""澎"", ""烹""]"
3,167,pō,3,"[""坡"", ""泊"", ""泼""]"
3,168,qià,3,"[""恰"", ""洽"", ""髂""]"
3,169,qiáng,3,"[""墙"", ""强"", ""蔷""]"
3,170,qióng,3,"[""琼"", ""穷"", ""穹""]"
3,171,qiāo,3,"[""悄"", ""敲"", ""橇""]"
3,172,qiǎn,3,"[""浅"", ""谴"", ""遣""]"
3,173,quán lì,3,"[""全力"", ""权利"", ""权力""]"
3,174,qí rén,3,"[""其人"", ""奇人"", ""旗人""]"
3,175,qí yì,3,"[""奇异"", ""奇艺"", ""歧义""]"
3,176,qí yú,3,"[""其于"", ""其余"", ""鳍鱼""]"
3,177,qīn,3,"[""亲"", ""侵"", ""钦""]"
3,178,rán,3,"[""然"", ""燃"", ""蚺""]"
3,179,rén,3,"[""人"", ""仁"", ""壬""]"
3,180,rǔ,3,"[""乳"", ""汝"", ""辱""]"
3,181,s hé,3,"[""佘"", ""舌"", ""蛇""]"
3,182,shuò,3,"[""朔"", ""烁"", ""硕""]"
3,183,shuāng,3,"[""双"", ""孀"", ""霜""]"
3,184,shàng shì,3,"[""上市"", ""上是"", ""尚氏""]"
3,185,shàng shū,3,"[""上书"", ""上疏"", ""尚书""]"
3,186,shàng wèi,3,"[""上为"", ""上尉"", ""尚未""]"
3,187,shàng xiàn,3,"[""上线"", ""上腺"", ""上限""]"
3,188,shè rù,3,"[""射入"", ""摄入"", ""涉入""]"
3,189,shè shì,3,"[""摄氏"", ""涉事"", ""设市""]"
3,190,shè zhì,3,"[""摄制"", ""设治"", ""设置""]"
3,191,shèng shì,3,"[""圣事"", ""盛世"", ""盛事""]"
3,192,shì jiā,3,"[""世嘉"", ""世家"", ""释迦""]"
3,193,shì rén,3,"[""世人"", ""士人"", ""是人""]"
3,194,shì tīng,3,"[""室町"", ""视听"", ""试听""]"
3,195,shì wēi,3,"[""士威"", ""式微"", ""示威""]"
3,196,shì yòng,3,"[""是用"", ""试用"", ""适用""]"
3,197,shì zhèng,3,"[""市政"", ""是正"", ""氏症""]"
3,198,shì zú,3,"[""士卒"", ""士族"", ""氏族""]"
3,199,shí cái,3,"[""时才"", ""石材"", ""食材""]"
3,200,shí de,3,"[""实的"", ""时的"", ""石的""]"
3,201,shí fēn,3,"[""十分"", ""时分"", ""食分""]"
3,202,shí rén,3,"[""十人"", ""时人"", ""食人""]"
3,203,shí shì,3,"[""十世"", ""时事"", ""时是""]"
3,204,shí wù,3,"[""实务"", ""实物"", ""食物""]"
3,205,shí yòng,3,"[""实用"", ""时用"", ""食用""]"
3,206,shòu yǔ,3,"[""售予"", ""授与"", ""授予""]"
3,207,shù rén,3,"[""庶人"", ""数人"", ""树人""]"
3,208,shùn,3,"[""瞬"", ""舜"", ""顺""]"
3,209,shú,3,"[""塾"", ""熟"", ""赎""]"
3,210,shǐ tā,3,"[""使他"", ""使她"", ""使它""]"
3,211,suí,3,"[""绥"", ""隋"", ""随""]"
3,212,sī wéi,3,"[""思维"", ""斯维"", ""斯韦""]"
3,213,sū,3,"[""稣"", ""苏"", ""酥""]"
3,214,sǒng,3,"[""怂"", ""悚"", ""耸""]"
3,215,sǔn,3,"[""损"", ""笋"", ""隼""]"
3,216,tiē,3,"[""帖"", ""萜"", ""贴""]"
3,217,tuì,3,"[""蜕"", ""褪"", ""退""]"
3,218,tuō,3,"[""托"", ""拖"", ""脱""]"
3,219,tà,3,"[""挞"", ""榻"", ""踏""]"
3,220,táo yuán,3,"[""桃园"", ""桃源"", ""桃猿""]"
3,221,tè jí,3,"[""特急"", ""特级"", ""特辑""]"
3,222,tè lì,3,"[""特例"", ""特利"", ""特立""]"
3,223,tè shè,3,"[""特摄"", ""特设"", ""特赦""]"
3,224,tóu,3,"[""头"", ""投"", ""骰""]"
3,225,tā bèi,3,"[""他被"", ""她被"", ""它被""]"
3,226,tā chéng wéi,3,"[""他成为"", ""她成为"", ""它成为""]"
3,227,tā duì,3,"[""他对"", ""她对"", ""它对""]"
3,228,tā huì,3,"[""他会"", ""她会"", ""它会""]"
3,229,tā hái,3,"[""他还"", ""她还"", ""它还""]"
3,230,tā hé,3,"[""他和"", ""她和"", ""它和""]"
3,231,tā jiāng,3,"[""他将"", ""她将"", ""它将""]"
3,232,tā men shì,3,"[""他们是"", ""它们是"", ""牠们是""]"
3,233,tā shì,3,"[""他是"", ""她是"", ""它是""]"
3,234,tā wèi,3,"[""他为"", ""她为"", ""它为""]"
3,235,tā yú,3,"[""他于"", ""她于"", ""它于""]"
3,236,tā yě,3,"[""他也"", ""她也"", ""它也""]"
3,237,tā yě shì,3,"[""他也是"", ""她也是"", ""它也是""]"
3,238,tā yǔ,3,"[""他与"", ""她与"", ""它与""]"
3,239,tū,3,"[""凸"", ""秃"", ""突""]"
3,240,tǎ,3,"[""塔"", ""獭"", ""鳎""]"
3,241,tǎn,3,"[""坦"", ""毯"", ""袒""]"
3,242,tǎng,3,"[""倘"", ""帑"", ""躺""]"
3,243,tǒng,3,"[""桶"", ""筒"", ""统""]"
3,244,tǔ,3,"[""吐"", ""土"", ""钍""]"
3,245,tǔ ěr,3,"[""吐尔"", ""土尔"", ""土耳""]"
3,246,wàn,3,"[""万"", ""卍"", ""腕""]"
3,247,wáng shì,3,"[""王世"", ""王室"", ""王氏""]"
3,248,wèi guó,3,"[""为国"", ""卫国"", ""魏国""]"
3,249,wèi zhī,3,"[""为之"", ""未知"", ""谓之""]"
3,250,wú shì,3,"[""吴氏"", ""无事"", ""无视""]"
3,251,wú xiàn,3,"[""吴县"", ""无线"", ""无限""]"
3,252,wú xū,3,"[""无需"", ""无须"", ""毋须""]"
3,253,wā,3,"[""挖"", ""洼"", ""蛙""]"
3,254,wēi lì,3,"[""威利"", ""威力"", ""微粒""]"
3,255,wěn,3,"[""吻"", ""稳"", ""紊""]"
3,256,xià,3,"[""下"", ""吓"", ""夏""]"
3,257,xiàn chéng,3,"[""县丞"", ""县城"", ""线程""]"
3,258,xiàn jí,3,"[""县及"", ""县级"", ""线及""]"
3,259,xiàn jīn,3,"[""献金"", ""现今"", ""现金""]"
3,260,xiàn shì,3,"[""县市"", ""现世"", ""线是""]"
3,261,xiàn shí,3,"[""现实"", ""现时"", ""限时""]"
3,262,xiàn wèi,3,"[""县为"", ""现为"", ""线为""]"
3,263,xiā,3,"[""瞎"", ""虾"", ""𫚥""]"
3,264,xiū,3,"[""休"", ""修"", ""羞""]"
3,265,xuē,3,"[""削"", ""薛"", ""靴""]"
3,266,xíng de,3,"[""型的"", ""形的"", ""行的""]"
3,267,xī kè,3,"[""希克"", ""西克"", ""锡克""]"
3,268,xī nà,3,"[""吸纳"", ""希纳"", ""西那""]"
3,269,xī ní,3,"[""悉尼"", ""西尼"", ""锡尼""]"
3,270,xī shì,3,"[""稀释"", ""西市"", ""西式""]"
3,271,xī xiàn,3,"[""溪县"", ""西县"", ""西线""]"
3,272,xī yà,3,"[""希亚"", ""西亚"", ""西娅""]"
3,273,xī ěr,3,"[""希尔"", ""西尔"", ""锡尔""]"
3,274,xūn,3,"[""勋"", ""熏"", ""薰""]"
3,275,yuán de,3,"[""元的"", ""员的"", ""圆的""]"
3,276,yuán míng,3,"[""元明"", ""原名"", ""圆明""]"
3,277,yuán shì,3,"[""原市"", ""原是"", ""源氏""]"
3,278,yuán yì,3,"[""原意"", ""园艺"", ""源义""]"
3,279,yuán yóu,3,"[""原油"", ""原由"", ""缘由""]"
3,280,yàng,3,"[""恙"", ""样"", ""漾""]"
3,281,yì néng,3,"[""亦能"", ""异能"", ""艺能""]"
3,282,yì rán,3,"[""亦然"", ""易燃"", ""毅然""]"
3,283,yì rén,3,"[""义仁"", ""亿人"", ""艺人""]"
3,284,yì wén,3,"[""艺文"", ""译文"", ""轶闻""]"
3,285,yì yuán,3,"[""亿元"", ""艺员"", ""议员""]"
3,286,yì yú,3,"[""亦于"", ""异于"", ""易于""]"
3,287,yì zhì,3,"[""意志"", ""抑制"", ""益智""]"
3,288,yóu lún,3,"[""油轮"", ""游轮"", ""邮轮""]"
3,289,yě,3,"[""也"", ""冶"", ""野""]"
3,290,yī fú,3,"[""一幅"", ""伊芙"", ""衣服""]"
3,291,yī jù,3,"[""一具"", ""一句"", ""依据""]"
3,292,yī lì,3,"[""伊丽"", ""伊利"", ""伊莉""]"
3,293,yī shēng,3,"[""一声"", ""一生"", ""医生""]"
3,294,yīn sù,3,"[""因素"", ""音素"", ""音速""]"
3,295,yīn wèi tā,3,"[""因为他"", ""因为她"", ""因为它""]"
3,296,yǎn yì,3,"[""演义"", ""演绎"", ""演艺""]"
3,297,yǐ xī,3,"[""乙烯"", ""乙醯"", ""以西""]"
3,298,yǒu,3,"[""友"", ""有"", ""酉""]"
3,299,yǔ lín,3,"[""与林"", ""羽林"", ""雨林""]"
3,300,zhuàn,3,"[""撰"", ""篆"", ""赚""]"
3,301,zhuàng,3,"[""壮"", ""撞"", ""状""]"
3,302,zhuì,3,"[""坠"", ""缀"", ""赘""]"
3,303,zhài,3,"[""债"", ""寨"", ""砦""]"
3,304,zhàn shì,3,"[""战事"", ""战士"", ""站是""]"
3,305,zhì dì,3,"[""置地"", ""质地"", ""质的""]"
3,306,zhì lì,3,"[""智利"", ""智力"", ""致力""]"
3,307,zhì yú,3,"[""制于"", ""置于"", ""至于""]"
3,308,zhì zhōng,3,"[""治中"", ""至中"", ""至终""]"
3,309,zhòng,3,"[""仲"", ""众"", ""重""]"
3,310,zhù shì,3,"[""柱式"", ""注视"", ""注释""]"
3,311,zhù shǒu,3,"[""助手"", ""著手"", ""驻守""]"
3,312,zhā,3,"[""吒"", ""扎"", ""渣""]"
3,313,zhāo,3,"[""招"", ""昭"", ""钊""]"
3,314,zhī xíng,3,"[""之行"", ""支行"", ""知行""]"
3,315,zhī yì,3,"[""之义"", ""之役"", ""之意""]"
3,316,zhōng shēng,3,"[""中生"", ""终生"", ""钟声""]"
3,317,zhōng wèi,3,"[""中为"", ""中位"", ""中尉""]"
3,318,zhōng xīn,3,"[""中心"", ""中新"", ""忠心""]"
3,319,zhōng zhǐ,3,"[""中指"", ""中止"", ""终止""]"
3,320,zhū lì,3,"[""朱立"", ""朱莉"", ""茱莉""]"
3,321,zhǎng,3,"[""掌"", ""涨"", ""长""]"
3,322,zhǎo,3,"[""找"", ""沼"", ""爪""]"
3,323,zhǐ zài,3,"[""只在"", ""指在"", ""旨在""]"
3,324,zhǒng,3,"[""冢"", ""种"", ""肿""]"
3,325,zuì,3,"[""最"", ""罪"", ""醉""]"
3,326,zuò de,3,"[""作的"", ""做的"", ""座的""]"
3,327,zài,3,"[""再"", ""在"", ""载""]"
3,328,zài tā de,3,"[""在他的"", ""在她的"", ""在它的""]"
3,329,zài wèi,3,"[""在为"", ""在位"", ""在未""]"
3,330,zài yǒu,3,"[""再有"", ""在有"", ""载有""]"
3,331,zàn,3,"[""暂"", ""瓒"", ""赞""]"
3,332,zàng,3,"[""奘"", ""脏"", ""葬""]"
3,333,zì,3,"[""字"", ""渍"", ""自""]"
3,334,zú,3,"[""卒"", ""族"", ""足""]"
3,335,zāi,3,"[""哉"", ""栽"", ""灾""]"
3,336,ā bù,3,"[""阿不"", ""阿布"", ""阿部""]"
3,337,āi,3,"[""哀"", ""埃"", ""挨""]"
3,338,ān nà,3,"[""安娜"", ""安纳"", ""安那""]"
3,339,ān xī,3,"[""安息"", ""安溪"", ""安西""]"
3,340,ǒu,3,"[""偶"", ""呕"", ""耦""]"
4,1,biān,4,"[""编"", ""蝙"", ""边"", ""鞭""]"
4,2,bù xī,4,"[""不息"", ""不惜"", ""布希"", ""布西""]"
4,3,bǎn,4,"[""坂"", ""板"", ""版"", ""阪""]"
4,4,chuí,4,"[""垂"", ""椎"", ""槌"", ""锤""]"
4,5,chán,4,"[""禅"", ""缠"", ""蝉"", ""蟾""]"
4,6,chè,4,"[""彻"", ""掣"", ""撤"", ""澈""]"
4,7,chún,4,"[""唇"", ""淳"", ""纯"", ""醇""]"
4,8,chāo,4,"[""抄"", ""焯"", ""超"", ""钞""]"
4,9,chǎng,4,"[""厂"", ""场"", ""敞"", ""昶""]"
4,10,chǔ,4,"[""储"", ""杵"", ""楚"", ""褚""]"
4,11,cuì,4,"[""粹"", ""翠"", ""脆"", ""萃""]"
4,12,cuò,4,"[""厝"", ""挫"", ""措"", ""错""]"
4,13,cái,4,"[""才"", ""材"", ""裁"", ""财""]"
4,14,cì,4,"[""伺"", ""刺"", ""次"", ""赐""]"
4,15,cù,4,"[""促"", ""猝"", ""簇"", ""醋""]"
4,16,cāng,4,"[""仓"", ""沧"", ""舱"", ""苍""]"
4,17,diào,4,"[""吊"", ""掉"", ""调"", ""钓""]"
4,18,diān,4,"[""巅"", ""滇"", ""甸"", ""颠""]"
4,19,duàn,4,"[""断"", ""段"", ""缎"", ""锻""]"
4,20,dàng,4,"[""宕"", ""档"", ""氹"", ""荡""]"
4,21,dú,4,"[""毒"", ""渎"", ""独"", ""读""]"
4,22,dōng,4,"[""东"", ""冬"", ""苳"", ""鸫""]"
4,23,dǔ,4,"[""堵"", ""睹"", ""笃"", ""赌""]"
4,24,fáng,4,"[""妨"", ""房"", ""肪"", ""防""]"
4,25,fèn,4,"[""份"", ""奋"", ""愤"", ""粪""]"
4,26,fèng,4,"[""俸"", ""凤"", ""奉"", ""缝""]"
4,27,fù yǒu,4,"[""傅友"", ""富有"", ""负有"", ""附有""]"
4,28,fú lì,4,"[""佛利"", ""弗利"", ""浮力"", ""福利""]"
4,29,fāng,4,"[""坊"", ""方"", ""枋"", ""芳""]"
4,30,fěi,4,"[""匪"", ""斐"", ""翡"", ""诽""]"
4,31,guàn,4,"[""惯"", ""灌"", ""罐"", ""贯""]"
4,32,gēng,4,"[""庚"", ""羹"", ""耕"", ""赓""]"
4,33,gǎn,4,"[""感"", ""敢"", ""橄"", ""赶""]"
4,34,gǎo,4,"[""搞"", ""杲"", ""稿"", ""镐""]"
4,35,gǒng,4,"[""巩"", ""拱"", ""汞"", ""珙""]"
4,36,huá,4,"[""华"", ""滑"", ""猾"", ""骅""]"
4,37,huán,4,"[""圜"", ""寰"", ""桓"", ""环""]"
4,38,hài,4,"[""亥"", ""害"", ""氦"", ""骇""]"
4,39,jiàng,4,"[""匠"", ""绛"", ""酱"", ""降""]"
4,40,jiǎng,4,"[""奖"", ""桨"", ""蒋"", ""讲""]"
4,41,jiǒng,4,"[""炅"", ""炯"", ""窘"", ""迥""]"
4,42,juān,4,"[""娟"", ""捐"", ""镌"", ""鹃""]"
4,43,jú,4,"[""局"", ""桔"", ""橘"", ""菊""]"
4,44,kuài,4,"[""块"", ""快"", ""筷"", ""脍""]"
4,45,kuì,4,"[""匮"", ""愧"", ""溃"", ""馈""]"
4,46,kuò,4,"[""廓"", ""扩"", ""括"", ""阔""]"
4,47,kàn,4,"[""崁"", ""看"", ""瞰"", ""磡""]"
4,48,kòu,4,"[""叩"", ""寇"", ""扣"", ""蔻""]"
4,49,kù,4,"[""库"", ""袴"", ""裤"", ""酷""]"
4,50,kāng,4,"[""康"", ""慷"", ""糠"", ""𩾌""]"
4,51,kěn,4,"[""垦"", ""恳"", ""肯"", ""龈""]"
4,52,kǎn,4,"[""侃"", ""坎"", ""槛"", ""砍""]"
4,53,lián jié,4,"[""廉洁"", ""联捷"", ""联结"", ""连结""]"
4,54,liú shì,4,"[""刘氏"", ""流士"", ""流式"", ""流逝""]"
4,55,lì de,4,"[""丽的"", ""利的"", ""力的"", ""立的""]"
4,56,lì kè,4,"[""利克"", ""力克"", ""立克"", ""立刻""]"
4,57,lì yà,4,"[""丽亚"", ""利亚"", ""莉亚"", ""莉娅""]"
4,58,lěi,4,"[""儡"", ""垒"", ""磊"", ""蕾""]"
4,59,lǐ jiā,4,"[""李佳"", ""李嘉"", ""李家"", ""里加""]"
4,60,lǐ shì,4,"[""李世"", ""李氏"", ""理事"", ""里士""]"
4,61,lǒng,4,"[""垄"", ""垅"", ""拢"", ""陇""]"
4,62,lǔ,4,"[""卤"", ""掳"", ""虏"", ""鲁""]"
4,63,mài,4,"[""卖"", ""脉"", ""迈"", ""麦""]"
4,64,mèi,4,"[""妹"", ""媚"", ""昧"", ""魅""]"
4,65,méng,4,"[""檬"", ""盟"", ""萌"", ""蒙""]"
4,66,mín,4,"[""岷"", ""旻"", ""民"", ""珉""]"
4,67,měng,4,"[""勐"", ""猛"", ""艋"", ""锰""]"
4,68,mǎ,4,"[""玛"", ""码"", ""蚂"", ""马""]"
4,69,niǎn,4,"[""捻"", ""碾"", ""辇"", ""辗""]"
4,70,nài,4,"[""奈"", ""耐"", ""萘"", ""鼐""]"
4,71,ní,4,"[""倪"", ""尼"", ""泥"", ""霓""]"
4,72,nóng,4,"[""侬"", ""农"", ""浓"", ""脓""]"
4,73,pán,4,"[""槃"", ""盘"", ""磐"", ""蟠""]"
4,74,pèi,4,"[""佩"", ""沛"", ""珮"", ""配""]"
4,75,péi,4,"[""培"", ""裴"", ""赔"", ""陪""]"
4,76,pò,4,"[""珀"", ""破"", ""迫"", ""魄""]"
4,77,pù,4,"[""曝"", ""瀑"", ""舖"", ""铺""]"
4,78,qiào,4,"[""俏"", ""峭"", ""翘"", ""鞘""]"
4,79,qiè,4,"[""切"", ""妾"", ""怯"", ""窃""]"
4,80,quán shì,4,"[""全市"", ""全是"", ""权势"", ""诠释""]"
4,81,quán xiàn,4,"[""全县"", ""全线"", ""权限"", ""泉县""]"
4,82,qí shì,4,"[""其事"", ""棋士"", ""歧视"", ""骑士""]"
4,83,qíng,4,"[""情"", ""擎"", ""晴"", ""氰""]"
4,84,rén shì,4,"[""人世"", ""人事"", ""人士"", ""人是""]"
4,85,shào,4,"[""劭"", ""哨"", ""绍"", ""邵""]"
4,86,shèn,4,"[""慎"", ""渗"", ""甚"", ""肾""]"
4,87,shèng,4,"[""剩"", ""圣"", ""盛"", ""胜""]"
4,88,shì jí,4,"[""室及"", ""市及"", ""市级"", ""市集""]"
4,89,shì lì,4,"[""势力"", ""市立"", ""示例"", ""视力""]"
4,90,shāng,4,"[""伤"", ""商"", ""殇"", ""熵""]"
4,91,shāo,4,"[""梢"", ""烧"", ""稍"", ""筲""]"
4,92,shǒu,4,"[""守"", ""手"", ""艏"", ""首""]"
4,93,suǒ,4,"[""所"", ""琐"", ""索"", ""锁""]"
4,94,sè,4,"[""涩"", ""瑟"", ""色"", ""铯""]"
4,95,sōng,4,"[""崧"", ""嵩"", ""松"", ""淞""]"
4,96,tàn,4,"[""叹"", ""探"", ""炭"", ""碳""]"
4,97,tái,4,"[""台"", ""抬"", ""苔"", ""跆""]"
4,98,téng,4,"[""滕"", ""疼"", ""腾"", ""藤""]"
4,99,tún,4,"[""屯"", ""臀"", ""豚"", ""鲀""]"
4,100,tā de,4,"[""他的"", ""她的"", ""它的"", ""牠的""]"
4,101,tā men,4,"[""他们"", ""她们"", ""它们"", ""牠们""]"
4,102,tā men de,4,"[""他们的"", ""她们的"", ""它们的"", ""牠们的""]"
4,103,tā yǐ,4,"[""他以"", ""他已"", ""她以"", ""它以""]"
4,104,tā zài,4,"[""他再"", ""他在"", ""她在"", ""它在""]"
4,105,tān,4,"[""坍"", ""摊"", ""滩"", ""贪""]"
4,106,tāo,4,"[""掏"", ""涛"", ""滔"", ""韬""]"
4,107,tī,4,"[""剔"", ""梯"", ""踢"", ""锑""]"
4,108,wàng,4,"[""妄"", ""忘"", ""旺"", ""望""]"
4,109,wān,4,"[""弯"", ""湾"", ""蜿"", ""豌""]"
4,110,wǎng,4,"[""往"", ""枉"", ""网"", ""罔""]"
4,111,xiáng,4,"[""庠"", ""祥"", ""翔"", ""详""]"
4,112,xiē,4,"[""些"", ""楔"", ""歇"", ""蝎""]"
4,113,xiǎn,4,"[""冼"", ""显"", ""藓"", ""险""]"
4,114,xiǎng,4,"[""享"", ""响"", ""想"", ""饷""]"
4,115,xiǎo,4,"[""小"", ""晓"", ""筱"", ""筿""]"
4,116,xìng,4,"[""姓"", ""幸"", ""性"", ""杏""]"
4,117,xī lín,4,"[""西临"", ""西林"", ""西邻"", ""锡林""]"
4,118,xīn shēng,4,"[""心声"", ""心生"", ""新声"", ""新生""]"
4,119,xīng,4,"[""兴"", ""星"", ""猩"", ""腥""]"
4,120,yuán zhù,4,"[""原住"", ""原著"", ""圆柱"", ""援助""]"
4,121,yuān,4,"[""冤"", ""渊"", ""鸢"", ""鸳""]"
4,122,yà,4,"[""亚"", ""娅"", ""讶"", ""轧""]"
4,123,yì míng,4,"[""异名"", ""易名"", ""艺名"", ""译名""]"
4,124,yì shì,4,"[""亦是"", ""异世"", ""议事"", ""轶事""]"
4,125,yāng,4,"[""央"", ""秧"", ""鞅"", ""鸯""]"
4,126,yǎng,4,"[""仰"", ""养"", ""氧"", ""痒""]"
4,127,yǐng,4,"[""影"", ""郢"", ""颍"", ""颖""]"
4,128,yǒu yì,4,"[""友谊"", ""有异"", ""有意"", ""有益""]"
4,129,zhuāng,4,"[""妆"", ""庄"", ""桩"", ""装""]"
4,130,zhuō,4,"[""拙"", ""捉"", ""桌"", ""涿""]"
4,131,zhè,4,"[""柘"", ""浙"", ""蔗"", ""这""]"
4,132,zhú,4,"[""烛"", ""竹"", ""竺"", ""逐""]"
4,133,zhě,4,"[""者"", ""褶"", ""赭"", ""锗""]"
4,134,zhěn,4,"[""枕"", ""疹"", ""诊"", ""轸""]"
4,135,zhī shì,4,"[""之事"", ""之势"", ""之士"", ""知事""]"
4,136,zhǎn,4,"[""展"", ""崭"", ""斩"", ""盏""]"
4,137,zé,4,"[""则"", ""择"", ""泽"", ""责""]"
4,138,zì xíng,4,"[""字型"", ""字形"", ""字行"", ""自行""]"
4,139,zōng,4,"[""宗"", ""棕"", ""综"", ""踪""]"
4,140,zūn,4,"[""尊"", ""樽"", ""遵"", ""鳟""]"
4,141,zǐ,4,"[""姊"", ""梓"", ""籽"", ""紫""]"
4,142,zǔ,4,"[""祖"", ""组"", ""诅"", ""阻""]"
4,143,ài lì,4,"[""艾丽"", ""艾利"", ""艾力"", ""艾莉""]"
4,144,ào,4,"[""傲"", ""坳"", ""奥"", ""澳""]"
4,145,ōu,4,"[""欧"", ""殴"", ""瓯"", ""鸥""]"
5,1,bà,5,"[""坝"", ""爸"", ""罢"", ""耙"", ""霸""]"
5,2,bù lì,5,"[""不利"", ""不力"", ""布利"", ""布力"", ""布莉""]"
5,3,bāo,5,"[""包"", ""孢"", ""胞"", ""苞"", ""褒""]"
5,4,bēi,5,"[""卑"", ""悲"", ""杯"", ""碑"", ""陂""]"
5,5,bǎi,5,"[""佰"", ""摆"", ""柏"", ""栢"", ""百""]"
5,6,bǎo,5,"[""保"", ""堡"", ""宝"", ""葆"", ""饱""]"
5,7,cháng,5,"[""偿"", ""嫦"", ""尝"", ""常"", ""肠""]"
5,8,cháo,5,"[""嘲"", ""巢"", ""晁"", ""朝"", ""潮""]"
5,9,chù,5,"[""处"", ""畜"", ""矗"", ""触"", ""黜""]"
5,10,cè,5,"[""侧"", ""册"", ""厕"", ""测"", ""策""]"
5,11,cōng,5,"[""匆"", ""囱"", ""枞"", ""聪"", ""葱""]"
5,12,dá,5,"[""妲"", ""答"", ""达"", ""靼"", ""鞑""]"
5,13,dìng,5,"[""啶"", ""定"", ""碇"", ""订"", ""锭""]"
5,14,dòu,5,"[""斗"", ""痘"", ""窦"", ""豆"", ""逗""]"
5,15,dān,5,"[""丹"", ""单"", ""担"", ""耽"", ""郸""]"
5,16,dīng,5,"[""丁"", ""仃"", ""叮"", ""盯"", ""钉""]"
5,17,dūn,5,"[""吨"", ""墩"", ""惇"", ""敦"", ""蹲""]"
5,18,dǐ,5,"[""底"", ""抵"", ""砥"", ""诋"", ""邸""]"
5,19,fá,5,"[""乏"", ""伐"", ""筏"", ""罚"", ""阀""]"
5,20,guān,5,"[""关"", ""冠"", ""官"", ""棺"", ""观""]"
5,21,guǐ,5,"[""晷"", ""癸"", ""诡"", ""轨"", ""鬼""]"
5,22,gài,5,"[""丐"", ""概"", ""溉"", ""盖"", ""钙""]"
5,23,gòu,5,"[""垢"", ""够"", ""构"", ""诟"", ""购""]"
5,24,gù,5,"[""固"", ""故"", ""锢"", ""雇"", ""顾""]"
5,25,huà,5,"[""划"", ""化"", ""桦"", ""画"", ""话""]"
5,26,huái,5,"[""徊"", ""怀"", ""槐"", ""淮"", ""踝""]"
5,27,háo,5,"[""壕"", ""毫"", ""濠"", ""蚝"", ""豪""]"
5,28,hè,5,"[""壑"", ""褐"", ""贺"", ""赫"", ""鹤""]"
5,29,héng,5,"[""恒"", ""桁"", ""横"", ""衡"", ""鸻""]"
5,30,hòu,5,"[""候"", ""厚"", ""后"", ""逅"", ""鲎""]"
5,31,jià,5,"[""价"", ""嫁"", ""架"", ""稼"", ""驾""]"
5,32,jiē,5,"[""接"", ""揭"", ""皆"", ""街"", ""阶""]"
5,33,jiǔ,5,"[""久"", ""九"", ""灸"", ""玖"", ""酒""]"
5,34,juàn,5,"[""倦"", ""巻"", ""眷"", ""绢"", ""隽""]"
5,35,jūn,5,"[""军"", ""君"", ""均"", ""菌"", ""钧""]"
5,36,jǐ,5,"[""几"", ""嵴"", ""己"", ""戟"", ""挤""]"
5,37,kuàng,5,"[""况"", ""旷"", ""眶"", ""矿"", ""邝""]"
5,38,kān,5,"[""刊"", ""勘"", ""堪"", ""戡"", ""龛""]"
5,39,kū,5,"[""哭"", ""堀"", ""枯"", ""窟"", ""骷""]"
5,40,liàn,5,"[""恋"", ""殓"", ""炼"", ""练"", ""链""]"
5,41,liàng,5,"[""亮"", ""晾"", ""谅"", ""辆"", ""量""]"
5,42,liáng,5,"[""凉"", ""梁"", ""粮"", ""粱"", ""良""]"
5,43,lài,5,"[""濑"", ""瀬"", ""睐"", ""赉"", ""赖""]"
5,44,lái,5,"[""俫"", ""徕"", ""来"", ""莱"", ""铼""]"
5,45,lún,5,"[""仑"", ""伦"", ""沦"", ""纶"", ""轮""]"
5,46,lǎn,5,"[""懒"", ""揽"", ""榄"", ""缆"", ""览""]"
5,47,màn,5,"[""幔"", ""慢"", ""曼"", ""漫"", ""蔓""]"
5,48,máng,5,"[""忙"", ""氓"", ""盲"", ""芒"", ""茫""]"
5,49,mǎ lì,5,"[""玛丽"", ""玛利"", ""玛莉"", ""马利"", ""马力""]"
5,50,mǔ,5,"[""亩"", ""姆"", ""拇"", ""母"", ""牡""]"
5,51,nà,5,"[""呐"", ""娜"", ""纳"", ""那"", ""钠""]"
5,52,nán,5,"[""南"", ""喃"", ""楠"", ""男"", ""难""]"
5,53,pì,5,"[""僻"", ""媲"", ""屁"", ""譬"", ""辟""]"
5,54,qiáo,5,"[""乔"", ""侨"", ""桥"", ""樵"", ""谯""]"
5,55,qiú,5,"[""囚"", ""求"", ""球"", ""裘"", ""酋""]"
5,56,qiāng,5,"[""呛"", ""枪"", ""羌"", ""腔"", ""锵""]"
5,57,qú,5,"[""朐"", ""渠"", ""瞿"", ""衢"", ""鼩""]"
5,58,ruì,5,"[""叡"", ""瑞"", ""睿"", ""芮"", ""锐""]"
5,59,rú,5,"[""儒"", ""如"", ""孺"", ""茹"", ""蠕""]"
5,60,shì hé,5,"[""室和"", ""市和"", ""式和"", ""是和"", ""适合""]"
5,61,shì jì,5,"[""世纪"", ""事记"", ""事迹"", ""是继"", ""试剂""]"
5,62,shì zhōng,5,"[""事中"", ""侍中"", ""室中"", ""式中"", ""是中""]"
5,63,suō,5,"[""唆"", ""娑"", ""梭"", ""缩"", ""羧""]"
5,64,sòng,5,"[""宋"", ""讼"", ""诵"", ""送"", ""颂""]"
5,65,tīng,5,"[""厅"", ""听"", ""汀"", ""烃"", ""町""]"
5,66,wán,5,"[""丸"", ""完"", ""烷"", ""玩"", ""顽""]"
5,67,wò,5,"[""卧"", ""握"", ""斡"", ""沃"", ""渥""]"
5,68,wō,5,"[""倭"", ""挝"", ""涡"", ""窝"", ""蜗""]"
5,69,xiàn zhì,5,"[""县志"", ""县治"", ""县置"", ""宪制"", ""限制""]"
5,70,xiōng,5,"[""兄"", ""凶"", ""匈"", ""汹"", ""胸""]"
5,71,xuán,5,"[""悬"", ""旋"", ""漩"", ""玄"", ""璇""]"
5,72,xí,5,"[""习"", ""媳"", ""席"", ""檄"", ""袭""]"
5,73,xíng shì,5,"[""刑事"", ""型式"", ""形势"", ""形式"", ""行事""]"
5,74,yào,5,"[""曜"", ""耀"", ""药"", ""要"", ""钥""]"
5,75,yì wèi,5,"[""亦为"", ""亦未"", ""意为"", ""意味"", ""译为""]"
5,76,yín,5,"[""吟"", ""寅"", ""淫"", ""鄞"", ""银""]"
5,77,yāo,5,"[""夭"", ""妖"", ""幺"", ""腰"", ""邀""]"
5,78,yī shì,5,"[""一世"", ""一事"", ""一是"", ""伊势"", ""伊士""]"
5,79,yōu,5,"[""优"", ""幽"", ""忧"", ""悠"", ""攸""]"
5,80,yǐn,5,"[""尹"", ""引"", ""瘾"", ""隐"", ""饮""]"
5,81,zhàn lì,5,"[""战利"", ""战力"", ""战栗"", ""站立"", ""颤栗""]"
5,82,zhèng,5,"[""政"", ""正"", ""症"", ""证"", ""郑""]"
5,83,zhān,5,"[""毡"", ""沾"", ""瞻"", ""粘"", ""詹""]"
5,84,zhōng shì,5,"[""中士"", ""中市"", ""中式"", ""中是"", ""中视""]"
5,85,zhōu,5,"[""周"", ""州"", ""洲"", ""粥"", ""舟""]"
5,86,zhǔ,5,"[""主"", ""嘱"", ""渚"", ""煮"", ""瞩""]"
5,87,zǎo,5,"[""早"", ""枣"", ""澡"", ""藻"", ""蚤""]"
5,88,ài,5,"[""暧"", ""爱"", ""碍"", ""艾"", ""隘""]"
5,89,áo,5,"[""敖"", ""熬"", ""翱"", ""螯"", ""鳌""]"
5,90,ān,5,"[""安"", ""庵"", ""氨"", ""鞍"", ""𩽾""]"
6,1,bàng,6,"[""傍"", ""棒"", ""磅"", ""蚌"", ""谤"", ""镑""]"
6,2,bào,6,"[""报"", ""抱"", ""暴"", ""爆"", ""豹"", ""鲍""]"
6,3,bān,6,"[""扳"", ""搬"", ""斑"", ""班"", ""般"", ""颁""]"
6,4,chǐ,6,"[""侈"", ""呎"", ""尺"", ""耻"", ""褫"", ""齿""]"
6,5,diāo,6,"[""凋"", ""刁"", ""碉"", ""貂"", ""雕"", ""鲷""]"
6,6,dòng,6,"[""侗"", ""冻"", ""动"", ""峒"", ""栋"", ""洞""]"
6,7,dù,6,"[""妒"", ""度"", ""杜"", ""渡"", ""肚"", ""镀""]"
6,8,dǎo,6,"[""导"", ""岛"", ""嶋"", ""捣"", ""祷"", ""蹈""]"
6,9,fàn,6,"[""梵"", ""泛"", ""犯"", ""范"", ""贩"", ""饭""]"
6,10,fèi,6,"[""吠"", ""废"", ""沸"", ""狒"", ""肺"", ""费""]"
6,11,fān,6,"[""帆"", ""幡"", ""番"", ""翻"", ""蕃"", ""藩""]"
6,12,fēn,6,"[""分"", ""吩"", ""氛"", ""纷"", ""芬"", ""酚""]"
6,13,guì,6,"[""柜"", ""桂"", ""桧"", ""炔"", ""贵"", ""跪""]"
6,14,gé,6,"[""格"", ""膈"", ""葛"", ""阁"", ""隔"", ""革""]"
6,15,gāo,6,"[""皋"", ""睾"", ""糕"", ""羔"", ""膏"", ""高""]"
6,16,gōng shì,6,"[""公事"", ""公式"", ""公示"", ""公视"", ""工事"", ""攻势""]"
6,17,huò,6,"[""惑"", ""或"", ""祸"", ""获"", ""货"", ""霍""]"
6,18,hào,6,"[""号"", ""昊"", ""浩"", ""灏"", ""皓"", ""耗""]"
6,19,hán,6,"[""函"", ""含"", ""寒"", ""涵"", ""邯"", ""韩""]"
6,20,jiǎ,6,"[""假"", ""岬"", ""甲"", ""胛"", ""贾"", ""钾""]"
6,21,jū,6,"[""居"", ""拘"", ""狙"", ""疽"", ""鞠"", ""驹""]"
6,22,jǔ,6,"[""举"", ""咀"", ""榉"", ""沮"", ""矩"", ""莒""]"
6,23,kè,6,"[""克"", ""刻"", ""客"", ""恪"", ""氪"", ""课""]"
6,24,kē,6,"[""柯"", ""棵"", ""珂"", ""科"", ""苛"", ""颗""]"
6,25,luó,6,"[""罗"", ""萝"", ""螺"", ""逻"", ""锣"", ""骡""]"
6,26,lǜ,6,"[""律"", ""氯"", ""滤"", ""率"", ""绿"", ""虑""]"
6,27,miǎn,6,"[""免"", ""冕"", ""勉"", ""娩"", ""沔"", ""缅""]"
6,28,mào,6,"[""冒"", ""帽"", ""懋"", ""茂"", ""貌"", ""贸""]"
6,29,máo,6,"[""毛"", ""牦"", ""矛"", ""茅"", ""锚"", ""髦""]"
6,30,míng,6,"[""冥"", ""名"", ""明"", ""茗"", ""铭"", ""鸣""]"
6,31,mǐn,6,"[""悯"", ""愍"", ""敏"", ""皿"", ""闵"", ""闽""]"
6,32,niè,6,"[""啮"", ""孽"", ""涅"", ""聂"", ""镍"", ""颞""]"
6,33,nì,6,"[""匿"", ""昵"", ""暱"", ""溺"", ""腻"", ""逆""]"
6,34,pàn,6,"[""判"", ""叛"", ""拚"", ""泮"", ""畔"", ""盼""]"
6,35,qiū,6,"[""丘"", ""坵"", ""秋"", ""萩"", ""邱"", ""鳅""]"
6,36,què,6,"[""却"", ""榷"", ""确"", ""阕"", ""雀"", ""鹊""]"
6,37,rèn,6,"[""任"", ""刃"", ""妊"", ""认"", ""韧"", ""饪""]"
6,38,shì wèi,6,"[""侍卫"", ""式为"", ""是为"", ""是位"", ""氏为"", ""视为""]"
6,39,shēng,6,"[""升"", ""声"", ""牲"", ""生"", ""甥"", ""笙""]"
6,40,shǐ,6,"[""使"", ""史"", ""始"", ""屎"", ""矢"", ""驶""]"
6,41,tài,6,"[""太"", ""态"", ""汰"", ""泰"", ""肽"", ""钛""]"
6,42,táo,6,"[""桃"", ""洮"", ""淘"", ""萄"", ""逃"", ""陶""]"
6,43,tí,6,"[""提"", ""缇"", ""蹄"", ""醍"", ""题"", ""鹈""]"
6,44,tā,6,"[""他"", ""塌"", ""她"", ""它"", ""牠"", ""祂""]"
6,45,wén,6,"[""文"", ""玟"", ""纹"", ""蚊"", ""闻"", ""雯""]"
6,46,xiàng,6,"[""像"", ""向"", ""巷"", ""橡"", ""象"", ""项""]"
6,47,xuàn,6,"[""泫"", ""渲"", ""炫"", ""眩"", ""绚"", ""铉""]"
6,48,xì,6,"[""戏"", ""潟"", ""矽"", ""系"", ""细"", ""隙""]"
6,49,xíng,6,"[""刑"", ""型"", ""形"", ""荥"", ""行"", ""邢""]"
6,50,xǐ,6,"[""喜"", ""徙"", ""洗"", ""玺"", ""禧"", ""铣""]"
6,51,yuàn,6,"[""媛"", ""怨"", ""愿"", ""掾"", ""苑"", ""院""]"
6,52,yá,6,"[""崖"", ""涯"", ""牙"", ""琊"", ""芽"", ""衙""]"
6,53,yā,6,"[""丫"", ""压"", ""垭"", ""押"", ""鸦"", ""鸭""]"
6,54,zhàn,6,"[""占"", ""战"", ""栈"", ""湛"", ""站"", ""绽""]"
6,55,zhèng shì,6,"[""政事"", ""正室"", ""正式"", ""正是"", ""正视"", ""郑氏""]"
6,56,zhé,6,"[""哲"", ""喆"", ""折"", ""谪"", ""辄"", ""辙""]"
6,57,zhòu,6,"[""咒"", ""宙"", ""昼"", ""皱"", ""胄"", ""骤""]"
6,58,zhāng,6,"[""张"", ""彰"", ""樟"", ""漳"", ""璋"", ""章""]"
6,59,zhēng,6,"[""争"", ""征"", ""挣"", ""筝"", ""蒸"", ""铮""]"
6,60,zhōng,6,"[""中"", ""忠"", ""终"", ""衷"", ""钟"", ""锺""]"
6,61,zuò,6,"[""作"", ""做"", ""唑"", ""坐"", ""座"", ""祚""]"
6,62,zào,6,"[""噪"", ""灶"", ""燥"", ""皂"", ""躁"", ""造""]"
6,63,àn,6,"[""岸"", ""按"", ""暗"", ""案"", ""胺"", ""黯""]"
6,64,ěr,6,"[""尔"", ""洱"", ""珥"", ""耳"", ""迩"", ""饵""]"
7,1,biāo,7,"[""彪"", ""杓"", ""标"", ""镖"", ""镳"", ""飙"", ""骠""]"
7,2,bàn,7,"[""伴"", ""办"", ""半"", ""扮"", ""拌"", ""瓣"", ""绊""]"
7,3,bā,7,"[""八"", ""叭"", ""峇"", ""巴"", ""扒"", ""疤"", ""芭""]"
7,4,bǐ,7,"[""俾"", ""匕"", ""吡"", ""彼"", ""比"", ""笔"", ""鄙""]"
7,5,bǐng,7,"[""丙"", ""摒"", ""柄"", ""炳"", ""禀"", ""秉"", ""饼""]"
7,6,chí,7,"[""坻"", ""墀"", ""弛"", ""持"", ""池"", ""迟"", ""驰""]"
7,7,chóu,7,"[""仇"", ""愁"", ""畴"", ""稠"", ""筹"", ""绸"", ""酬""]"
7,8,dié,7,"[""叠"", ""牒"", ""碟"", ""蝶"", ""谍"", ""迭"", ""鲽""]"
7,9,dào,7,"[""倒"", ""到"", ""悼"", ""焘"", ""盗"", ""稻"", ""道""]"
7,10,dùn,7,"[""囤"", ""沌"", ""炖"", ""盾"", ""遁"", ""钝"", ""顿""]"
7,11,fán,7,"[""凡"", ""樊"", ""烦"", ""璠"", ""矾"", ""繁"", ""钒""]"
7,12,fēi,7,"[""啡"", ""妃"", ""绯"", ""菲"", ""非"", ""飞"", ""鲱""]"
7,13,fū,7,"[""呋"", ""夫"", ""孵"", ""敷"", ""肤"", ""跗"", ""鄜""]"
7,14,gān,7,"[""杆"", ""柑"", ""甘"", ""竿"", ""肝"", ""苷"", ""酐""]"
7,15,gāng,7,"[""冈"", ""刚"", ""杠"", ""纲"", ""缸"", ""肛"", ""钢""]"
7,16,jiāng,7,"[""僵"", ""姜"", ""将"", ""江"", ""浆"", ""疆"", ""鳉""]"
7,17,jùn,7,"[""俊"", ""峻"", ""浚"", ""濬"", ""竣"", ""郡"", ""骏""]"
7,18,jīn,7,"[""今"", ""巾"", ""斤"", ""津"", ""筋"", ""襟"", ""金""]"
7,19,jǐng,7,"[""井"", ""憬"", ""景"", ""璟"", ""警"", ""阱"", ""颈""]"
7,20,kǎi,7,"[""凯"", ""嘅"", ""恺"", ""慨"", ""楷"", ""铠"", ""闿""]"
7,21,liè,7,"[""列"", ""劣"", ""捩"", ""烈"", ""猎"", ""裂"", ""鬣""]"
7,22,luán,7,"[""孪"", ""峦"", ""挛"", ""栾"", ""滦"", ""銮"", ""鸾""]"
7,23,luò,7,"[""洛"", ""漯"", ""珞"", ""络"", ""落"", ""雒"", ""骆""]"
7,24,lóng,7,"[""咙"", ""泷"", ""珑"", ""笼"", ""聋"", ""隆"", ""龙""]"
7,25,lǚ,7,"[""侣"", ""吕"", ""屡"", ""履"", ""旅"", ""缕"", ""铝""]"
7,26,pú,7,"[""匍"", ""濮"", ""璞"", ""莆"", ""菩"", ""葡"", ""蒲""]"
7,27,pǔ,7,"[""圃"", ""埔"", ""普"", ""朴"", ""浦"", ""溥"", ""谱""]"
7,28,qiàn,7,"[""倩"", ""堑"", ""嵌"", ""欠"", ""歉"", ""茜"", ""蒨""]"
7,29,qín,7,"[""勤"", ""嗪"", ""擒"", ""琴"", ""禽"", ""秦"", ""芹""]"
7,30,qīng,7,"[""倾"", ""卿"", ""氢"", ""清"", ""蜻"", ""轻"", ""青""]"
7,31,qū,7,"[""区"", ""屈"", ""岖"", ""曲"", ""趋"", ""躯"", ""驱""]"
7,32,qǐ,7,"[""乞"", ""企"", ""启"", ""岂"", ""杞"", ""绮"", ""起""]"
7,33,tián,7,"[""填"", ""恬"", ""甜"", ""田"", ""畑"", ""畠"", ""阗""]"
7,34,tì,7,"[""剃"", ""嚏"", ""悌"", ""惕"", ""替"", ""涕"", ""薙""]"
7,35,tíng,7,"[""亭"", ""停"", ""婷"", ""庭"", ""廷"", ""蜓"", ""霆""]"
7,36,tú,7,"[""图"", ""屠"", ""徒"", ""涂"", ""荼"", ""菟"", ""途""]"
7,37,wēi,7,"[""危"", ""威"", ""巍"", ""微"", ""萎"", ""薇"", ""隈""]"
7,38,xiào,7,"[""咲"", ""啸"", ""孝"", ""效"", ""校"", ""笑"", ""肖""]"
7,39,xiù,7,"[""嗅"", ""溴"", ""琇"", ""秀"", ""绣"", ""袖"", ""锈""]"
7,40,xuān,7,"[""喧"", ""宣"", ""暄"", ""煊"", ""瑄"", ""萱"", ""轩""]"
7,41,yún,7,"[""云"", ""匀"", ""昀"", ""筠"", ""纭"", ""芸"", ""郧""]"
7,42,yīn,7,"[""因"", ""姻"", ""殷"", ""茵"", ""荫"", ""阴"", ""音""]"
7,43,yōng,7,"[""佣"", ""墉"", ""庸"", ""拥"", ""邕"", ""镛"", ""雍""]"
7,44,zhuó,7,"[""卓"", ""啄"", ""擢"", ""浊"", ""灼"", ""酌"", ""镯""]"
7,45,zhà,7,"[""乍"", ""咤"", ""柞"", ""栅"", ""榨"", ""炸"", ""诈""]"
7,46,zhàng,7,"[""丈"", ""仗"", ""帐"", ""杖"", ""胀"", ""账"", ""障""]"
7,47,zhào,7,"[""兆"", ""召"", ""照"", ""罩"", ""肇"", ""诏"", ""赵""]"
7,48,zhèn,7,"[""圳"", ""振"", ""朕"", ""赈"", ""镇"", ""阵"", ""震""]"
8,1,bù,8,"[""不"", ""埗"", ""埠"", ""布"", ""廍"", ""步"", ""簿"", ""部""]"
8,2,bīn,8,"[""宾"", ""彬"", ""斌"", ""槟"", ""滨"", ""濒"", ""缤"", ""邠""]"
8,3,bō,8,"[""剥"", ""拨"", ""播"", ""波"", ""玻"", ""砵"", ""菠"", ""钵""]"
8,4,chì,8,"[""勅"", ""叱"", ""敕"", ""斥"", ""炽"", ""翅"", ""赤"", ""饬""]"
8,5,chú,8,"[""刍"", ""厨"", ""橱"", ""滁"", ""蜍"", ""锄"", ""除"", ""雏""]"
8,6,cí,8,"[""慈"", ""瓷"", ""磁"", ""祠"", ""茨"", ""词"", ""辞"", ""雌""]"
8,7,diàn,8,"[""佃"", ""垫"", ""奠"", ""店"", ""殿"", ""淀"", ""玷"", ""电""]"
8,8,dí,8,"[""嫡"", ""敌"", ""涤"", ""狄"", ""笛"", ""翟"", ""荻"", ""迪""]"
8,9,fǔ,8,"[""俯"", ""府"", ""抚"", ""斧"", ""甫"", ""腐"", ""辅"", ""釜""]"
8,10,gū,8,"[""估"", ""咕"", ""姑"", ""孤"", ""沽"", ""箍"", ""菇"", ""辜""]"
8,11,gǔ,8,"[""古"", ""股"", ""蛊"", ""谷"", ""钴"", ""骨"", ""鹘"", ""鼓""]"
8,12,hù,8,"[""互"", ""户"", ""扈"", ""护"", ""沪"", ""祜"", ""笏"", ""鹱""]"
8,13,jiào,8,"[""叫"", ""教"", ""滘"", ""窖"", ""轿"", ""较"", ""酵"", ""醮""]"
8,14,jiā,8,"[""佳"", ""加"", ""嘉"", ""夹"", ""家"", ""珈"", ""茄"", ""迦""]"
8,15,kuí,8,"[""夔"", ""奎"", ""揆"", ""睽"", ""葵"", ""蝰"", ""逵"", ""魁""]"
8,16,kūn,8,"[""坤"", ""堃"", ""昆"", ""琨"", ""裈"", ""醌"", ""锟"", ""鲲""]"
8,17,liáo,8,"[""僚"", ""寥"", ""寮"", ""疗"", ""聊"", ""藔"", ""辽"", ""鹩""]"
8,18,láng,8,"[""廊"", ""榔"", ""狼"", ""琅"", ""瑯"", ""螂"", ""郎"", ""阆""]"
8,19,lú,8,"[""卢"", ""庐"", ""泸"", ""炉"", ""胪"", ""芦"", ""颅"", ""鲈""]"
8,20,mó,8,"[""摩"", ""摹"", ""模"", ""磨"", ""膜"", ""蘑"", ""谟"", ""魔""]"
8,21,péng,8,"[""彭"", ""朋"", ""棚"", ""硼"", ""篷"", ""膨"", ""蓬"", ""鹏""]"
8,22,pí,8,"[""啤"", ""埤"", ""毗"", ""毘"", ""琵"", ""疲"", ""皮"", ""脾""]"
8,23,píng,8,"[""凭"", ""坪"", ""屏"", ""平"", ""瓶"", ""苹"", ""萍"", ""评""]"
8,24,pī,8,"[""丕"", ""劈"", ""坯"", ""批"", ""披"", ""邳"", ""铍"", ""霹""]"
8,25,qī,8,"[""七"", ""凄"", ""妻"", ""戚"", ""期"", ""栖"", ""欺"", ""漆""]"
8,26,shàn,8,"[""善"", ""扇"", ""擅"", ""汕"", ""缮"", ""膳"", ""赡"", ""鳝""]"
8,27,shì de,8,"[""世的"", ""事的"", ""士的"", ""室的"", ""市的"", ""式的"", ""是的"", ""氏的""]"
8,28,shòu,8,"[""兽"", ""受"", ""售"", ""寿"", ""授"", ""狩"", ""瘦"", ""绶""]"
8,29,shā,8,"[""刹"", ""杀"", ""沙"", ""煞"", ""砂"", ""纱"", ""莎"", ""鲨""]"
8,30,shān,8,"[""删"", ""姗"", ""山"", ""杉"", ""煽"", ""珊"", ""衫"", ""钐""]"
8,31,shī,8,"[""失"", ""尸"", ""师"", ""施"", ""湿"", ""狮"", ""虱"", ""诗""]"
8,32,shǔ,8,"[""属"", ""暑"", ""曙"", ""署"", ""薯"", ""蜀"", ""黍"", ""鼠""]"
8,33,suì,8,"[""岁"", ""歳"", ""燧"", ""碎"", ""穗"", ""遂"", ""邃"", ""隧""]"
8,34,sù,8,"[""塑"", ""宿"", ""溯"", ""粟"", ""素"", ""肃"", ""诉"", ""速""]"
8,35,sī,8,"[""丝"", ""厮"", ""司"", ""思"", ""撕"", ""斯"", ""私"", ""锶""]"
8,36,tuó,8,"[""佗"", ""坨"", ""沱"", ""陀"", ""驒"", ""驮"", ""驼"", ""鸵""]"
8,37,tán,8,"[""坛"", ""昙"", ""檀"", ""潭"", ""痰"", ""覃"", ""谈"", ""谭""]"
8,38,táng,8,"[""唐"", ""堂"", ""塘"", ""棠"", ""瑭"", ""糖"", ""膛"", ""螳""]"
8,39,wú,8,"[""吴"", ""吾"", ""唔"", ""无"", ""梧"", ""毋"", ""芜"", ""蜈""]"
8,40,wū,8,"[""乌"", ""呜"", ""屋"", ""巫"", ""污"", ""诬"", ""邬"", ""钨""]"
8,41,wǎn,8,"[""婉"", ""宛"", ""挽"", ""晚"", ""琬"", ""皖"", ""碗"", ""绾""]"
8,42,xiān,8,"[""仙"", ""先"", ""掀"", ""暹"", ""氙"", ""纤"", ""酰"", ""鲜""]"
8,43,yùn,8,"[""孕"", ""恽"", ""蕴"", ""运"", ""郓"", ""酝"", ""韫"", ""韵""]"
8,44,yān,8,"[""嫣"", ""淹"", ""湮"", ""烟"", ""焉"", ""腌"", ""鄢"", ""阉""]"
8,45,yǐ,8,"[""乙"", ""以"", ""倚"", ""已"", ""椅"", ""矣"", ""蚁"", ""钇""]"
9,1,chén,9,"[""宸"", ""尘"", ""忱"", ""晨"", ""沉"", ""臣"", ""谌"", ""辰"", ""陈""]"
9,2,dàn,9,"[""但"", ""弹"", ""惮"", ""旦"", ""氮"", ""淡"", ""澹"", ""蛋"", ""诞""]"
9,3,gē,9,"[""仡"", ""割"", ""咯"", ""哥"", ""戈"", ""搁"", ""歌"", ""纥"", ""鸽""]"
9,4,huàn,9,"[""唤"", ""奂"", ""宦"", ""幻"", ""患"", ""换"", ""浣"", ""涣"", ""焕""]"
9,5,huī,9,"[""徽"", ""恢"", ""挥"", ""晖"", ""灰"", ""珲"", ""诙"", ""辉"", ""麾""]"
9,6,hóng,9,"[""宏"", ""弘"", ""泓"", ""洪"", ""红"", ""虹"", ""闳"", ""鸿"", ""𫚉""]"
9,7,jiè,9,"[""介"", ""借"", ""堺"", ""届"", ""戒"", ""玠"", ""界"", ""芥"", ""诫""]"
9,8,jǐn,9,"[""仅"", ""堇"", ""尽"", ""槿"", ""瑾"", ""紧"", ""谨"", ""锦"", ""馑""]"
9,9,lián,9,"[""帘"", ""廉"", ""怜"", ""涟"", ""濂"", ""联"", ""莲"", ""连"", ""镰""]"
9,10,lán,9,"[""兰"", ""婪"", ""岚"", ""拦"", ""栏"", ""澜"", ""篮"", ""蓝"", ""阑""]"
9,11,lǐ,9,"[""俚"", ""李"", ""浬"", ""澧"", ""理"", ""礼"", ""里"", ""锂"", ""鲤""]"
9,12,mì,9,"[""嘧"", ""密"", ""幂"", ""泌"", ""秘"", ""糸"", ""蜜"", ""觅"", ""谧""]"
9,13,qián,9,"[""乾"", ""前"", ""墘"", ""潜"", ""虔"", ""钤"", ""钱"", ""钳"", ""黔""]"
9,14,qiān,9,"[""佥"", ""千"", ""牵"", ""签"", ""谦"", ""迁"", ""铅"", ""阡"", ""骞""]"
9,15,quán,9,"[""全"", ""拳"", ""权"", ""泉"", ""痊"", ""荃"", ""诠"", ""醛"", ""铨""]"
9,16,shè,9,"[""射"", ""慑"", ""摄"", ""歙"", ""涉"", ""社"", ""设"", ""赦"", ""麝""]"
9,17,sì,9,"[""嗣"", ""四"", ""寺"", ""巳"", ""汜"", ""泗"", ""祀"", ""肆"", ""饲""]"
9,18,wǔ,9,"[""五"", ""伍"", ""侮"", ""午"", ""庑"", ""忤"", ""武"", ""舞"", ""鹉""]"
9,19,xián,9,"[""䲗"", ""咸"", ""娴"", ""嫌"", ""弦"", ""舷"", ""衔"", ""贤"", ""闲""]"
9,20,xiāng,9,"[""乡"", ""厢"", ""湘"", ""相"", ""箱"", ""襄"", ""镶"", ""香"", ""骧""]"
9,21,xùn,9,"[""巽"", ""殉"", ""汛"", ""蕈"", ""训"", ""讯"", ""迅"", ""逊"", ""驯""]"
9,22,xū,9,"[""吁"", ""嘘"", ""墟"", ""戌"", ""胥"", ""虚"", ""需"", ""须"", ""顼""]"
9,23,yuè,9,"[""岳"", ""悦"", ""月"", ""樾"", ""粤"", ""越"", ""跃"", ""钺"", ""阅""]"
9,24,yáng,9,"[""佯"", ""扬"", ""旸"", ""杨"", ""洋"", ""炀"", ""疡"", ""羊"", ""阳""]"
9,25,zī,9,"[""兹"", ""咨"", ""姿"", ""孜"", ""淄"", ""滋"", ""谘"", ""资"", ""辎""]"
10,1,biàn,10,"[""便"", ""卞"", ""变"", ""弁"", ""汴"", ""苄"", ""辨"", ""辩"", ""辫"", ""遍""]"
10,2,dài,10,"[""代"", ""岱"", ""带"", ""待"", ""怠"", ""戴"", ""殆"", ""袋"", ""贷"", ""黛""]"
10,3,fēng,10,"[""丰"", ""封"", ""峰"", ""枫"", ""烽"", ""疯"", ""砜"", ""蜂"", ""锋"", ""风""]"
10,4,hàn,10,"[""悍"", ""憾"", ""捍"", ""撼"", ""旱"", ""汉"", ""汗"", ""瀚"", ""焊"", ""翰""]"
10,5,jiù,10,"[""厩"", ""咎"", ""就"", ""救"", ""旧"", ""柩"", ""疚"", ""臼"", ""舅"", ""鹫""]"
10,6,jìn,10,"[""劲"", ""晋"", ""浸"", ""烬"", ""禁"", ""缙"", ""觐"", ""近"", ""进"", ""靳""]"
10,7,liú,10,"[""刘"", ""榴"", ""流"", ""浏"", ""琉"", ""瑠"", ""留"", ""瘤"", ""硫"", ""馏""]"
10,8,mí,10,"[""弥"", ""猕"", ""祢"", ""糜"", ""縻"", ""谜"", ""迷"", ""醚"", ""靡"", ""麋""]"
10,9,shí,10,"[""十"", ""实"", ""寔"", ""拾"", ""时"", ""石"", ""蚀"", ""识"", ""辻"", ""食""]"
10,10,shēn,10,"[""伸"", ""娠"", ""深"", ""燊"", ""申"", ""砷"", ""绅"", ""莘"", ""身"", ""鯓""]"
10,11,tóng,10,"[""佟"", ""僮"", ""同"", ""彤"", ""桐"", ""潼"", ""瞳"", ""童"", ""酮"", ""铜""]"
10,12,wéi,10,"[""唯"", ""围"", ""圩"", ""帷"", ""惟"", ""桅"", ""潍"", ""维"", ""违"", ""韦""]"
10,13,xié,10,"[""偕"", ""协"", ""挟"", ""携"", ""斜"", ""胁"", ""脇"", ""谐"", ""邪"", ""鞋""]"
10,14,yáo,10,"[""姚"", ""尧"", ""摇"", ""瑶"", ""窑"", ""繇"", ""肴"", ""谣"", ""遥"", ""鳐""]"
10,15,yǎn,10,"[""俨"", ""偃"", ""兖"", ""奄"", ""掩"", ""演"", ""琰"", ""眼"", ""衍"", ""鼹""]"
10,16,yǒng,10,"[""俑"", ""勇"", ""咏"", ""恿"", ""永"", ""泳"", ""涌"", ""甬"", ""蛹"", ""踊""]"
10,17,zhí,10,"[""侄"", ""值"", ""埴"", ""姪"", ""执"", ""植"", ""殖"", ""直"", ""职"", ""跖""]"
10,18,zhǐ,10,"[""只"", ""址"", ""指"", ""旨"", ""止"", ""祉"", ""纸"", ""芷"", ""趾"", ""酯""]"
10,19,é,10,"[""é"", ""俄"", ""娥"", ""峨"", ""莪"", ""蛾"", ""讹"", ""锇"", ""额"", ""鹅""]"
11,1,dì,11,"[""地"", ""娣"", ""帝"", ""弟"", ""棣"", ""碲"", ""第"", ""缔"", ""蒂"", ""谛"", ""递""]"
11,2,huáng,11,"[""凰"", ""惶"", ""潢"", ""煌"", ""璜"", ""皇"", ""磺"", ""簧"", ""蝗"", ""隍"", ""黄""]"
11,3,mò,11,"[""墨"", ""寞"", ""末"", ""殁"", ""沫"", ""漠"", ""茉"", ""莫"", ""陌"", ""靺"", ""默""]"
11,4,qì,11,"[""器"", ""契"", ""弃"", ""憩"", ""气"", ""汽"", ""泣"", ""砌"", ""葺"", ""讫"", ""迄""]"
11,5,róng,11,"[""容"", ""戎"", ""榕"", ""溶"", ""熔"", ""绒"", ""荣"", ""蓉"", ""蝾"", ""融"", ""镕""]"
11,6,wù,11,"[""兀"", ""务"", ""勿"", ""坞"", ""婺"", ""悟"", ""戊"", ""晤"", ""物"", ""误"", ""雾""]"
11,7,wěi,11,"[""伟"", ""伪"", ""委"", ""尾"", ""炜"", ""猥"", ""玮"", ""纬"", ""艉"", ""苇"", ""𬀩""]"
11,8,xiá,11,"[""侠"", ""匣"", ""峡"", ""暇"", ""狭"", ""瑕"", ""硖"", ""舺"", ""辖"", ""遐"", ""霞""]"
11,9,xún,11,"[""寻"", ""巡"", ""循"", ""旬"", ""洵"", ""浔"", ""珣"", ""荀"", ""荨"", ""询"", ""鲟""]"
11,10,yè,11,"[""业"", ""叶"", ""夜"", ""晔"", ""曳"", ""液"", ""烨"", ""腋"", ""谒"", ""邺"", ""页""]"
11,11,yíng,11,"[""嬴"", ""楹"", ""瀛"", ""盈"", ""荧"", ""莹"", ""萤"", ""营"", ""蝇"", ""赢"", ""迎""]"
11,12,yòu,11,"[""佑"", ""侑"", ""又"", ""右"", ""宥"", ""幼"", ""柚"", ""祐"", ""诱"", ""釉"", ""鼬""]"
11,13,yóu,11,"[""尤"", ""油"", ""游"", ""犹"", ""猷"", ""由"", ""疣"", ""邮"", ""铀"", ""鱿"", ""鲉""]"
11,14,yī,11,"[""一"", ""伊"", ""依"", ""医"", ""咿"", ""壹"", ""揖"", ""漪"", ""祎"", ""衣"", ""黟""]"
11,15,yǔ,11,"[""与"", ""予"", ""俣"", ""宇"", ""屿"", ""庾"", ""瑀"", ""禹"", ""羽"", ""语"", ""雨""]"
11,16,zhù,11,"[""住"", ""助"", ""柱"", ""注"", ""祝"", ""筑"", ""苎"", ""著"", ""贮"", ""铸"", ""驻""]"
11,17,zhī,11,"[""之"", ""支"", ""枝"", ""汁"", ""知"", ""祗"", ""织"", ""肢"", ""脂"", ""芝"", ""蜘""]"
12,1,guī,12,"[""傀"", ""圭"", ""归"", ""槻"", ""珪"", ""瑰"", ""皈"", ""硅"", ""规"", ""闺"", ""鲑"", ""龟""]"
12,2,gōng,12,"[""供"", ""公"", ""功"", ""宫"", ""工"", ""弓"", ""恭"", ""攻"", ""肱"", ""蚣"", ""躬"", ""龚""]"
12,3,hú,12,"[""壶"", ""弧"", ""斛"", ""湖"", ""狐"", ""瑚"", ""糊"", ""胡"", ""葫"", ""蝴"", ""醐"", ""鹕""]"
12,4,jiǎn,12,"[""俭"", ""减"", ""剪"", ""拣"", ""捡"", ""柬"", ""检"", ""碱"", ""简"", ""翦"", ""茧"", ""蹇""]"
12,5,mù,12,"[""募"", ""墓"", ""幕"", ""慕"", ""暮"", ""木"", ""沐"", ""牧"", ""目"", ""睦"", ""穆"", ""钼""]"
12,6,shù,12,"[""墅"", ""庶"", ""恕"", ""戍"", ""数"", ""术"", ""束"", ""树"", ""漱"", ""澍"", ""竖"", ""述""]"
12,7,shū,12,"[""书"", ""叔"", ""抒"", ""枢"", ""梳"", ""殊"", ""淑"", ""疏"", ""纾"", ""舒"", ""蔬"", ""输""]"
12,8,xiàn,12,"[""县"", ""宪"", ""岘"", ""献"", ""现"", ""线"", ""羡"", ""腺"", ""限"", ""陷"", ""霰"", ""馅""]"
12,9,xiè,12,"[""亵"", ""卸"", ""屑"", ""廨"", ""懈"", ""械"", ""榭"", ""泄"", ""泻"", ""燮"", ""蟹"", ""谢""]"
12,10,yīng,12,"[""婴"", ""应"", ""応"", ""樱"", ""瑛"", ""缨"", ""罂"", ""膺"", ""英"", ""莺"", ""鹦"", ""鹰""]"
12,11,zhū,12,"[""侏"", ""朱"", ""株"", ""洙"", ""猪"", ""珠"", ""茱"", ""蛛"", ""诛"", ""诸"", ""邾"", ""铢""]"
13,1,bèi,13,"[""倍"", ""备"", ""孛"", ""悖"", ""惫"", ""焙"", ""碚"", ""背"", ""蓓"", ""被"", ""贝"", ""辈"", ""钡""]"
13,2,bó,13,"[""亳"", ""伯"", ""勃"", ""博"", ""帛"", ""搏"", ""渤"", ""箔"", ""脖"", ""舶"", ""钹"", ""铂"", ""驳""]"
13,3,chéng,13,"[""丞"", ""乘"", ""呈"", ""城"", ""埕"", ""惩"", ""成"", ""承"", ""晟"", ""橙"", ""澄"", ""程"", ""诚""]"
13,4,jié,13,"[""劫"", ""婕"", ""截"", ""拮"", ""捷"", ""杰"", ""洁"", ""睫"", ""竭"", ""结"", ""羯"", ""节"", ""颉""]"
13,5,jiān,13,"[""兼"", ""坚"", ""奸"", ""尖"", ""歼"", ""煎"", ""犍"", ""监"", ""笺"", ""肩"", ""艰"", ""菅"", ""间""]"
13,6,jiāo,13,"[""交"", ""娇"", ""椒"", ""浇"", ""焦"", ""礁"", ""胶"", ""蕉"", ""蛟"", ""跤"", ""郊"", ""骄"", ""鲛""]"
13,7,jiǎo,13,"[""佼"", ""侥"", ""剿"", ""搅"", ""狡"", ""皎"", ""矫"", ""绞"", ""缴"", ""脚"", ""角"", ""铰"", ""饺""]"
13,8,jué,13,"[""傕"", ""决"", ""厥"", ""嚼"", ""抉"", ""掘"", ""爵"", ""獗"", ""珏"", ""绝"", ""蕨"", ""觉"", ""诀""]"
13,9,jìng,13,"[""净"", ""境"", ""径"", ""敬"", ""痉"", ""竞"", ""竟"", ""胫"", ""迳"", ""镜"", ""靓"", ""靖"", ""静""]"
13,10,jīng,13,"[""京"", ""惊"", ""旌"", ""晶"", ""泾"", ""睛"", ""精"", ""经"", ""腈"", ""茎"", ""荆"", ""菁"", ""鲸""]"
13,11,lín,13,"[""临"", ""啉"", ""林"", ""淋"", ""琳"", ""璘"", ""磷"", ""遴"", ""邻"", ""霖"", ""鳞"", ""麟"", ""𬘭""]"
13,12,lù,13,"[""录"", ""戮"", ""潞"", ""璐"", ""碌"", ""禄"", ""赂"", ""路"", ""陆"", ""露"", ""鹭"", ""鹿"", ""麓""]"
13,13,méi,13,"[""媒"", ""枚"", ""梅"", ""楣"", ""没"", ""湄"", ""煤"", ""玫"", ""眉"", ""莓"", ""酶"", ""霉"", ""鹛""]"
13,14,xīn,13,"[""䜣"", ""心"", ""忻"", ""新"", ""昕"", ""欣"", ""歆"", ""芯"", ""薪"", ""辛"", ""鑫"", ""锌"", ""馨""]"
13,15,zhēn,13,"[""侦"", ""帧"", ""桢"", ""榛"", ""珍"", ""甄"", ""真"", ""祯"", ""箴"", ""臻"", ""蓁"", ""贞"", ""针""]"
14,1,lí,14,"[""厘"", ""喱"", ""梨"", ""漓"", ""犁"", ""狸"", ""璃"", ""离"", ""篱"", ""罹"", ""藜"", ""蠡"", ""骊"", ""黎""]"
14,2,xiāo,14,"[""哮"", ""嚣"", ""宵"", ""枭"", ""消"", ""潇"", ""硝"", ""箫"", ""萧"", ""逍"", ""销"", ""霄"", ""骁"", ""鸮""]"
14,3,xù,14,"[""勖"", ""叙"", ""婿"", ""序"", ""恤"", ""敍"", ""旭"", ""溆"", ""煦"", ""絮"", ""绪"", ""续"", ""蓄"", ""酗""]"
14,4,yàn,14,"[""厌"", ""咽"", ""唁"", ""堰"", ""宴"", ""彦"", ""晏"", ""焰"", ""燕"", ""砚"", ""艳"", ""谚"", ""雁"", ""验""]"
14,5,yí,14,"[""仪"", ""夷"", ""姨"", ""宜"", ""嶷"", ""彝"", ""怡"", ""沂"", ""疑"", ""移"", ""胰"", ""贻"", ""遗"", ""颐""]"
15,1,huì,15,"[""会"", ""卉"", ""喙"", ""彗"", ""惠"", ""慧"", ""晦"", ""汇"", ""秽"", ""绘"", ""荟"", ""蕙"", ""讳"", ""诲"", ""贿""]"
15,2,hé,15,"[""何"", ""劾"", ""合"", ""和"", ""核"", ""河"", ""涸"", ""盒"", ""禾"", ""荷"", ""菏"", ""阂"", ""阖"", ""鞨"", ""颌""]"
15,3,líng,15,"[""〇"", ""伶"", ""凌"", ""灵"", ""玲"", ""绫"", ""羚"", ""翎"", ""聆"", ""苓"", ""菱"", ""铃"", ""陵"", ""零"", ""龄""]"
15,4,yuán,15,"[""元"", ""原"", ""员"", ""园"", ""圆"", ""垣"", ""援"", ""沅"", ""源"", ""猿"", ""縁"", ""缘"", ""螈"", ""袁"", ""辕""]"
15,5,yán,15,"[""严"", ""妍"", ""岩"", ""延"", ""檐"", ""沿"", ""炎"", ""盐"", ""研"", ""筵"", ""簷"", ""言"", ""闫"", ""阎"", ""颜""]"
15,6,è,15,"[""è"", ""厄"", ""噩"", ""垩"", ""恶"", ""扼"", ""腭"", ""萼"", ""轭"", ""遏"", ""鄂"", ""锷"", ""颚"", ""饿"", ""鳄""]"
17,1,jù,17,"[""俱"", ""具"", ""剧"", ""句"", ""巨"", ""惧"", ""拒"", ""据"", ""炬"", ""聚"", ""苣"", ""距"", ""踞"", ""遽"", ""钜"", ""锯"", ""飓""]"
17,2,wèi,17,"[""为"", ""位"", ""卫"", ""味"", ""喂"", ""尉"", ""慰"", ""未"", ""渭"", ""猬"", ""畏"", ""胃"", ""蔚"", ""衞"", ""谓"", ""魏"", ""鳚""]"
18,1,jiàn,18,"[""件"", ""健"", ""僭"", ""剑"", ""建"", ""涧"", ""渐"", ""溅"", ""箭"", ""腱"", ""舰"", ""荐"", ""见"", ""谏"", ""贱"", ""践"", ""鉴"", ""键""]"
19,1,fú,19,"[""伏"", ""佛"", ""俘"", ""匐"", ""孚"", ""幅"", ""弗"", ""扶"", ""拂"", ""服"", ""氟"", ""浮"", ""涪"", ""福"", ""符"", ""芙"", ""苻"", ""蝠"", ""辐""]"
20,1,bì,20,"[""哔"", ""壁"", ""婢"", ""币"", ""庇"", ""弊"", ""弼"", ""必"", ""毕"", ""毙"", ""璧"", ""碧"", ""臂"", ""苾"", ""蔽"", ""裨"", ""避"", ""铋"", ""闭"", ""陛""]"
20,2,fù,20,"[""付"", ""傅"", ""副"", ""咐"", ""复"", ""妇"", ""富"", ""父"", ""缚"", ""腹"", ""蝮"", ""覆"", ""讣"", ""负"", ""赋"", ""赴"", ""阜"", ""附"", ""馥"", ""驸""]"
21,1,yú,21,"[""于"", ""余"", ""俞"", ""妤"", ""娱"", ""愉"", ""愚"", ""於"", ""榆"", ""渔"", ""渝"", ""瑜"", ""盂"", ""禺"", ""舆"", ""虞"", ""觎"", ""逾"", ""隅"", ""馀"", ""鱼""]"
22,1,jí,22,"[""亟"", ""佶"", ""即"", ""及"", ""吉"", ""嫉"", ""岌"", ""急"", ""极"", ""棘"", ""楫"", ""汲"", ""疾"", ""瘠"", ""笈"", ""籍"", ""级"", ""脊"", ""藉"", ""诘"", ""辑"", ""集""]"
22,2,jī,22,"[""乩"", ""击"", ""圾"", ""基"", ""姬"", ""撃"", ""机"", ""激"", ""玑"", ""畸"", ""畿"", ""矶"", ""积"", ""稽"", ""箕"", ""缉"", ""羁"", ""肌"", ""讥"", ""跻"", ""饥"", ""鸡""]"
22,3,zhì,22,"[""制"", ""峙"", ""帜"", ""志"", ""挚"", ""掷"", ""智"", ""栉"", ""治"", ""滞"", ""炙"", ""秩"", ""稚"", ""窒"", ""置"", ""至"", ""致"", ""蛭"", ""质"", ""郅"", ""陟"", ""雉""]"
26,1,qí,26,"[""俟"", ""其"", ""圻"", ""埼"", ""奇"", ""岐"", ""崎"", ""旗"", ""棋"", ""歧"", ""淇"", ""琦"", ""琪"", ""碁"", ""祁"", ""祇"", ""祈"", ""祺"", ""綦"", ""耆"", ""脐"", ""蕲"", ""骑"", ""鳍"", ""麒"", ""齐""]"
27,1,jì,27,"[""伎"", ""冀"", ""剂"", ""妓"", ""季"", ""寂"", ""寄"", ""忌"", ""技"", ""既"", ""暨"", ""济"", ""祭"", ""稷"", ""纪"", ""继"", ""绩"", ""蓟"", ""觊"", ""计"", ""记"", ""迹"", ""际"", ""霁"", ""骥"", ""髻"", ""鲫""]"
27,2,shì,27,"[""世"", ""事"", ""仕"", ""似"", ""侍"", ""势"", ""嗜"", ""噬"", ""士"", ""室"", ""市"", ""式"", ""弑"", ""恃"", ""是"", ""柿"", ""氏"", ""示"", ""视"", ""誓"", ""试"", ""谥"", ""轼"", ""适"", ""逝"", ""释"", ""饰""]"
27,3,yù,27,"[""喻"", ""域"", ""堉"", ""寓"", ""峪"", ""御"", ""愈"", ""昱"", ""欲"", ""毓"", ""浴"", ""煜"", ""狱"", ""玉"", ""聿"", ""育"", ""芋"", ""裕"", ""誉"", ""谕"", ""豫"", ""遇"", ""郁"", ""钰"", ""阈"", ""预"", ""驭""]"
30,1,lì,30,"[""丽"", ""例"", ""俐"", ""俪"", ""利"", ""力"", ""励"", ""历"", ""厉"", ""吏"", ""坜"", ""栃"", ""栎"", ""栗"", ""歴"", ""沥"", ""溧"", ""痢"", ""砺"", ""砾"", ""立"", ""笠"", ""粒"", ""脷"", ""荔"", ""莅"", ""莉"", ""蛎"", ""隶"", ""雳""]"
32,1,xī,32,"[""僖"", ""兮"", ""吸"", ""嘻"", ""夕"", ""奚"", ""嬉"", ""希"", ""息"", ""悉"", ""惜"", ""昔"", ""晰"", ""曦"", ""析"", ""汐"", ""溪"", ""烯"", ""熄"", ""熙"", ""熹"", ""牺"", ""犀"", ""硒"", ""稀"", ""羲"", ""膝"", ""蜥"", ""西"", ""谿"", ""醯"", ""锡""]"
41,1,yì,41,"[""乂"", ""义"", ""亦"", ""亿"", ""佚"", ""刈"", ""奕"", ""屹"", ""异"", ""弈"", ""弋"", ""役"", ""忆"", ""意"", ""懿"", ""抑"", ""挹"", ""易"", ""毅"", ""溢"", ""疫"", ""益"", ""绎"", ""缢"", ""羿"", ""翊"", ""翌"", ""翼"", ""肄"", ""艺"", ""蜴"", ""裔"", ""议"", ""译"", ""诣"", ""谊"", ""轶"", ""逸"", ""邑"", ""驿"", ""鮨""]"
